v -0.066963 -0.681938 0.327449 200.000000 200.000000 200.000000
v 0.103447 0.114240 0.384389 200.000000 200.000000 200.000000
v -0.006244 -0.828672 0.295597 200.000000 200.000000 200.000000
v 0.220987 0.322275 0.173402 200.000000 200.000000 200.000000
v 0.172718 0.395102 0.085507 200.000000 200.000000 200.000000
v -0.100950 -0.053259 0.050356 200.000000 200.000000 200.000000
v -0.076097 -0.309012 0.303683 200.000000 200.000000 200.000000
v 0.051412 -0.980262 0.371116 200.000000 200.000000 200.000000
v -0.120090 -0.089776 0.133590 200.000000 200.000000 200.000000
v 0.096395 -0.618828 0.369257 200.000000 200.000000 200.000000
v -0.145455 0.508409 -0.329315 200.000000 200.000000 200.000000
v -0.151461 -0.558675 0.108925 200.000000 200.000000 200.000000
v 0.242050 0.556456 0.340870 200.000000 200.000000 200.000000
v -0.110177 -0.253713 0.008451 200.000000 200.000000 200.000000
v -0.047797 0.417805 0.125765 200.000000 200.000000 200.000000
v -0.016969 0.588069 0.085995 200.000000 200.000000 200.000000
v 0.089581 0.693936 0.300847 200.000000 200.000000 200.000000
v -0.076343 -0.306470 0.305058 200.000000 200.000000 200.000000
v -0.086284 0.031479 0.108367 200.000000 200.000000 200.000000
v 0.062027 0.187264 0.021465 200.000000 200.000000 200.000000
v 0.233628 0.330781 0.204358 200.000000 200.000000 200.000000
v 0.260929 0.477126 0.551071 200.000000 200.000000 200.000000
v -0.213360 0.561215 -0.352642 200.000000 200.000000 200.000000
v 0.166475 -0.080260 0.126096 200.000000 200.000000 200.000000
v 0.326771 0.325380 0.541257 200.000000 200.000000 200.000000
v 0.115294 -0.208778 0.193046 200.000000 200.000000 200.000000
v 0.035552 0.846741 0.350427 200.000000 200.000000 200.000000
v -0.011165 0.587602 0.108022 200.000000 200.000000 200.000000
v 0.151295 -0.834220 0.249709 200.000000 200.000000 200.000000
v -0.030018 0.546439 -0.158408 200.000000 200.000000 200.000000
v -0.150729 -0.178611 0.124459 200.000000 200.000000 200.000000
v -0.039918 0.717054 0.175029 200.000000 200.000000 200.000000
v -0.145406 0.556147 -0.346484 200.000000 200.000000 200.000000
v -0.067512 -0.536463 -0.016492 200.000000 200.000000 200.000000
v 0.109474 -0.082436 0.023727 200.000000 200.000000 200.000000
v 0.127234 0.750318 0.283835 200.000000 200.000000 200.000000
v 0.015653 -0.646637 0.412684 200.000000 200.000000 200.000000
v -0.015957 0.354937 0.340385 200.000000 200.000000 200.000000
v -0.032129 -0.412633 0.434064 200.000000 200.000000 200.000000
v -0.360261 0.468696 -0.614247 200.000000 200.000000 200.000000
v 0.279771 0.218928 0.531094 200.000000 200.000000 200.000000
v 0.252392 0.545853 0.449030 200.000000 200.000000 200.000000
v 0.023951 -0.735469 0.398898 200.000000 200.000000 200.000000
v 0.048128 0.796486 0.145817 200.000000 200.000000 200.000000
v -0.041410 -0.760319 0.294999 200.000000 200.000000 200.000000
v 0.146775 -0.764984 0.302525 200.000000 200.000000 200.000000
v 0.031710 0.283788 0.358596 200.000000 200.000000 200.000000
v -0.035273 0.509724 0.157140 200.000000 200.000000 200.000000
v 0.045852 0.302940 0.015504 200.000000 200.000000 200.000000
v 0.256822 0.507204 0.524577 200.000000 200.000000 200.000000
v -0.019018 -0.560214 0.023379 200.000000 200.000000 200.000000
v -0.132449 -0.746386 0.096870 200.000000 200.000000 200.000000
v 0.351073 0.330415 0.552507 200.000000 200.000000 200.000000
v 0.249335 0.468199 0.312366 200.000000 200.000000 200.000000
v 0.157066 0.449748 0.064818 200.000000 200.000000 200.000000
v 0.098948 0.500033 0.423756 200.000000 200.000000 200.000000
v -0.214347 0.549923 -0.446408 200.000000 200.000000 200.000000
v 0.203611 0.177285 0.253739 200.000000 200.000000 200.000000
v -0.044198 0.604091 -0.048155 200.000000 200.000000 200.000000
v -0.079619 0.079007 0.159677 200.000000 200.000000 200.000000
v -0.017238 -0.793060 0.257335 200.000000 200.000000 200.000000
v -0.045625 -0.946981 0.062687 200.000000 200.000000 200.000000
v 0.022061 -0.510518 0.052993 200.000000 200.000000 200.000000
v 0.189805 0.580568 0.112966 200.000000 200.000000 200.000000
v 0.157358 0.041512 0.355966 200.000000 200.000000 200.000000
v 0.239884 0.457726 0.234394 200.000000 200.000000 200.000000
v 0.160642 -0.993077 0.170456 200.000000 200.000000 200.000000
v 0.207944 0.166585 0.180073 200.000000 200.000000 200.000000
v -0.060799 -0.379741 0.305392 200.000000 200.000000 200.000000
v 0.027008 -0.993221 0.323681 200.000000 200.000000 200.000000
v -0.044254 -0.571536 -0.019433 200.000000 200.000000 200.000000
v 0.182370 -0.052224 0.144905 200.000000 200.000000 200.000000
v 0.032654 -0.661258 0.049875 200.000000 200.000000 200.000000
v -0.032894 -0.546535 0.014345 200.000000 200.000000 200.000000
v -0.113161 -0.106817 0.022373 200.000000 200.000000 200.000000
v -0.090157 -0.856386 0.127129 200.000000 200.000000 200.000000
v -0.149863 -0.146217 0.104517 200.000000 200.000000 200.000000
v -0.063184 -0.610922 0.305281 200.000000 200.000000 200.000000
v -0.015533 -0.169320 0.425217 200.000000 200.000000 200.000000
v 0.161990 0.958911 0.239839 200.000000 200.000000 200.000000
v 0.106966 0.577035 0.424298 200.000000 200.000000 200.000000
v 0.076828 0.361251 0.038966 200.000000 200.000000 200.000000
v -0.002825 0.027841 0.345592 200.000000 200.000000 200.000000
v 0.054315 0.058383 0.402981 200.000000 200.000000 200.000000
v -0.058054 -0.341168 0.178915 200.000000 200.000000 200.000000
v -0.093585 -0.421055 0.381146 200.000000 200.000000 200.000000
v -0.081781 0.140666 0.201320 200.000000 200.000000 200.000000
v -0.057837 -0.228993 0.232135 200.000000 200.000000 200.000000
v -0.139068 -0.417611 0.145337 200.000000 200.000000 200.000000
v 0.209233 0.412855 0.408345 200.000000 200.000000 200.000000
v 0.075008 -0.872303 0.197126 200.000000 200.000000 200.000000
v -0.044020 -0.555975 0.303006 200.000000 200.000000 200.000000
v 0.084472 -0.205467 0.171399 200.000000 200.000000 200.000000
v 0.137861 0.118046 0.390943 200.000000 200.000000 200.000000
v -0.121465 -0.164356 0.169264 200.000000 200.000000 200.000000
v 0.125935 0.615839 0.055579 200.000000 200.000000 200.000000
v 0.207265 0.206945 0.263471 200.000000 200.000000 200.000000
v 0.084478 -0.858429 0.060876 200.000000 200.000000 200.000000
v 0.012294 -0.340167 0.239348 200.000000 200.000000 200.000000
v -0.333457 0.525826 -0.618240 200.000000 200.000000 200.000000
v -0.071690 -0.489303 0.333172 200.000000 200.000000 200.000000
v -0.007338 0.556002 0.232612 200.000000 200.000000 200.000000
v -0.022883 -0.116288 0.410182 200.000000 200.000000 200.000000
v -0.051014 0.180147 0.071383 200.000000 200.000000 200.000000
v -0.040383 0.920173 0.291280 200.000000 200.000000 200.000000
v -0.332129 0.524317 -0.516901 200.000000 200.000000 200.000000
v 0.252091 0.285411 0.520609 200.000000 200.000000 200.000000
v 0.042156 0.613659 0.342765 200.000000 200.000000 200.000000
v 0.025304 0.908045 0.351651 200.000000 200.000000 200.000000
v 0.002369 -0.017460 0.368564 200.000000 200.000000 200.000000
v 0.139020 0.470612 0.463549 200.000000 200.000000 200.000000
v 0.060141 -0.979231 0.067099 200.000000 200.000000 200.000000
v 0.013632 -0.065170 -0.008127 200.000000 200.000000 200.000000
v -0.042205 -0.999062 0.040864 200.000000 200.000000 200.000000
v -0.149318 -0.179159 0.045619 200.000000 200.000000 200.000000
v 0.119636 -0.301278 0.212970 200.000000 200.000000 200.000000
v -0.000190 -0.613697 0.248688 200.000000 200.000000 200.000000
v -0.140667 0.583607 -0.290788 200.000000 200.000000 200.000000
v 0.072920 -0.266928 0.202448 200.000000 200.000000 200.000000
v -0.050319 0.955664 0.185115 200.000000 200.000000 200.000000
v 0.052579 -0.431268 0.081952 200.000000 200.000000 200.000000
v 0.178849 0.140606 0.122184 200.000000 200.000000 200.000000
v -0.025592 -0.653508 -0.006535 200.000000 200.000000 200.000000
v -0.070697 -0.047679 0.279058 200.000000 200.000000 200.000000
v 0.225742 0.183429 0.328240 200.000000 200.000000 200.000000
v 0.133857 -0.412136 0.284955 200.000000 200.000000 200.000000
v 0.000926 -0.874166 0.308113 200.000000 200.000000 200.000000
v -0.090397 -0.414706 0.391841 200.000000 200.000000 200.000000
v -0.002761 -0.295910 0.007044 200.000000 200.000000 200.000000
v 0.229361 0.433770 0.349113 200.000000 200.000000 200.000000
v -0.215045 0.562846 -0.364321 200.000000 200.000000 200.000000
v -0.189308 0.532504 -0.274489 200.000000 200.000000 200.000000
v -0.162651 -0.553428 0.090202 200.000000 200.000000 200.000000
v -0.090339 -0.302151 0.177126 200.000000 200.000000 200.000000
v 0.124508 0.640220 0.358510 200.000000 200.000000 200.000000
v 0.039612 0.961454 0.313423 200.000000 200.000000 200.000000
v 0.067800 -0.975623 0.357129 200.000000 200.000000 200.000000
v 0.089843 0.354568 0.043127 200.000000 200.000000 200.000000
v 0.185993 0.028960 0.326141 200.000000 200.000000 200.000000
v 0.042730 -0.618730 0.063763 200.000000 200.000000 200.000000
v -0.068482 -0.436077 0.310796 200.000000 200.000000 200.000000
v 0.126466 0.924626 0.355525 200.000000 200.000000 200.000000
v 0.367536 0.368852 0.623082 200.000000 200.000000 200.000000
v 0.227045 0.274711 0.194897 200.000000 200.000000 200.000000
v -0.073798 -0.924180 0.090626 200.000000 200.000000 200.000000
v -0.043627 0.853466 0.199349 200.000000 200.000000 200.000000
v 0.080665 -0.547600 0.296186 200.000000 200.000000 200.000000
v 0.030274 -0.563956 0.420930 200.000000 200.000000 200.000000
v -0.053332 -0.785435 0.154161 200.000000 200.000000 200.000000
v 0.049427 -0.232328 0.194045 200.000000 200.000000 200.000000
v 0.108787 0.341721 0.048051 200.000000 200.000000 200.000000
v 0.075665 0.651950 0.036150 200.000000 200.000000 200.000000
v 0.005994 0.931643 0.329554 200.000000 200.000000 200.000000
v 0.073798 0.157204 0.359394 200.000000 200.000000 200.000000
v 0.097126 -0.902180 0.316955 200.000000 200.000000 200.000000
v 0.200168 0.560319 0.128935 200.000000 200.000000 200.000000
v 0.263526 0.428061 0.459791 200.000000 200.000000 200.000000
v 0.094863 -0.603204 0.355563 200.000000 200.000000 200.000000
v 0.204615 0.634535 0.278244 200.000000 200.000000 200.000000
v -0.015100 0.937474 0.193179 200.000000 200.000000 200.000000
v 0.146158 0.560768 0.471250 200.000000 200.000000 200.000000
v -0.059164 0.201340 0.258954 200.000000 200.000000 200.000000
v 0.061336 -0.996027 0.056822 200.000000 200.000000 200.000000
v -0.047510 -0.055397 0.004277 200.000000 200.000000 200.000000
v 0.229325 0.592313 0.425181 200.000000 200.000000 200.000000
v 0.258084 0.108063 0.285828 200.000000 200.000000 200.000000
v 0.113374 0.878372 0.361585 200.000000 200.000000 200.000000
v 0.020238 0.603457 0.166580 200.000000 200.000000 200.000000
v -0.034261 0.550489 -0.163110 200.000000 200.000000 200.000000
v -0.034913 -0.518831 0.280677 200.000000 200.000000 200.000000
v -0.155921 0.574091 -0.333218 200.000000 200.000000 200.000000
v -0.074154 -0.391889 -0.019040 200.000000 200.000000 200.000000
v -0.040606 0.735943 0.247654 200.000000 200.000000 200.000000
v -0.063796 -0.957927 0.083449 200.000000 200.000000 200.000000
v 0.045918 0.650762 0.154739 200.000000 200.000000 200.000000
v 0.018678 -0.983116 0.157207 200.000000 200.000000 200.000000
v -0.015163 0.971697 0.228959 200.000000 200.000000 200.000000
v 0.117061 0.308892 0.056903 200.000000 200.000000 200.000000
v -0.084625 -0.200393 0.001452 200.000000 200.000000 200.000000
v 0.055849 -0.999583 0.344058 200.000000 200.000000 200.000000
v 0.051817 -0.854231 0.200826 200.000000 200.000000 200.000000
v -0.022008 0.409125 0.328103 200.000000 200.000000 200.000000
v 0.141767 0.128935 0.368457 200.000000 200.000000 200.000000
v -0.043323 -0.984167 0.024631 200.000000 200.000000 200.000000
v -0.072962 -0.162385 0.311904 200.000000 200.000000 200.000000
v 0.221624 0.179645 0.322533 200.000000 200.000000 200.000000
v 0.091273 -0.243550 0.059563 200.000000 200.000000 200.000000
v -0.062976 -0.088633 0.334136 200.000000 200.000000 200.000000
v 0.033111 -0.961856 0.170645 200.000000 200.000000 200.000000
v -0.071077 -0.504055 0.413221 200.000000 200.000000 200.000000
v -0.081062 0.513250 -0.224327 200.000000 200.000000 200.000000
v -0.005513 0.412469 0.354602 200.000000 200.000000 200.000000
v 0.133493 0.524584 0.458341 200.000000 200.000000 200.000000
v -0.068781 -0.709596 0.031749 200.000000 200.000000 200.000000
v 0.138743 -0.137699 0.109070 200.000000 200.000000 200.000000
v 0.234213 0.354663 0.347043 200.000000 200.000000 200.000000
v 0.112867 0.658664 0.084179 200.000000 200.000000 200.000000
v 0.155393 0.806813 0.209516 200.000000 200.000000 200.000000
v -0.069883 -0.169472 0.332065 200.000000 200.000000 200.000000
v -0.015998 -0.715431 0.169450 200.000000 200.000000 200.000000
v 0.103019 0.150649 0.387944 200.000000 200.000000 200.000000
v -0.127884 -0.305173 0.143220 200.000000 200.000000 200.000000
v 0.011651 -0.290581 0.181854 200.000000 200.000000 200.000000
v -0.047922 0.605582 -0.072275 200.000000 200.000000 200.000000
v 0.019235 0.972160 0.195420 200.000000 200.000000 200.000000
v 0.046923 -0.643942 0.075696 200.000000 200.000000 200.000000
v 0.019456 -0.438563 0.142099 200.000000 200.000000 200.000000
v 0.030283 -0.683048 0.020307 200.000000 200.000000 200.000000
v 0.191077 0.514736 0.509952 200.000000 200.000000 200.000000
v 0.003693 0.625534 0.225192 200.000000 200.000000 200.000000
v 0.110463 -0.928046 0.183575 200.000000 200.000000 200.000000
v 0.025020 0.962716 0.162205 200.000000 200.000000 200.000000
v -0.058346 0.001729 0.218069 200.000000 200.000000 200.000000
v -0.024953 0.561459 0.089344 200.000000 200.000000 200.000000
v 0.223360 0.230358 0.199291 200.000000 200.000000 200.000000
v 0.175637 0.201022 0.463863 200.000000 200.000000 200.000000
v 0.170021 0.620119 0.107727 200.000000 200.000000 200.000000
v -0.077395 0.565052 -0.221240 200.000000 200.000000 200.000000
v -0.147476 -0.421017 0.033875 200.000000 200.000000 200.000000
v 0.174310 0.292913 0.384168 200.000000 200.000000 200.000000
v -0.084048 -0.223488 0.308296 200.000000 200.000000 200.000000
v 0.099742 -0.054432 0.389169 200.000000 200.000000 200.000000
v -0.029923 0.806266 0.285377 200.000000 200.000000 200.000000
v -0.019291 -0.216624 -0.002475 200.000000 200.000000 200.000000
v 0.232311 0.460591 0.357313 200.000000 200.000000 200.000000
v -0.168521 -0.312355 0.087105 200.000000 200.000000 200.000000
v -0.018811 0.030100 0.328960 200.000000 200.000000 200.000000
v -0.163336 -0.410993 0.120564 200.000000 200.000000 200.000000
v 0.015061 -0.457593 0.036417 200.000000 200.000000 200.000000
v 0.135593 -0.097000 0.056248 200.000000 200.000000 200.000000
v 0.110462 -0.929306 0.324043 200.000000 200.000000 200.000000
v -0.016047 0.006818 0.306745 200.000000 200.000000 200.000000
v 0.051625 0.981494 0.200216 200.000000 200.000000 200.000000
v -0.047289 -0.743787 0.330852 200.000000 200.000000 200.000000
v -0.150168 -0.634157 0.097084 200.000000 200.000000 200.000000
v -0.072754 -0.586442 0.361958 200.000000 200.000000 200.000000
v 0.166458 0.175414 0.502649 200.000000 200.000000 200.000000
v 0.101065 -0.297185 0.367803 200.000000 200.000000 200.000000
v 0.171098 0.142393 0.427841 200.000000 200.000000 200.000000
v 0.292031 0.310699 0.528768 200.000000 200.000000 200.000000
v 0.015363 0.666962 0.214579 200.000000 200.000000 200.000000
v 0.041612 -0.428238 0.031327 200.000000 200.000000 200.000000
v -0.111685 -0.044936 0.088343 200.000000 200.000000 200.000000
v 0.246264 0.356740 0.384971 200.000000 200.000000 200.000000
v 0.005779 0.616071 0.136809 200.000000 200.000000 200.000000
v 0.094674 -0.864479 0.309918 200.000000 200.000000 200.000000
v 0.125347 -0.753581 0.338659 200.000000 200.000000 200.000000
v 0.021197 0.872239 0.346132 200.000000 200.000000 200.000000
v -0.048906 0.897143 0.286308 200.000000 200.000000 200.000000
v -0.005878 0.473725 -0.042503 200.000000 200.000000 200.000000
v 0.197751 0.431024 0.107958 200.000000 200.000000 200.000000
v 0.030673 -0.740533 0.156721 200.000000 200.000000 200.000000
v 0.231246 0.551197 0.229505 200.000000 200.000000 200.000000
v 0.028958 -0.509526 0.425106 200.000000 200.000000 200.000000
v -0.039813 -0.521027 0.284170 200.000000 200.000000 200.000000
v 0.130218 0.688907 0.318049 200.000000 200.000000 200.000000
v 0.100474 0.130762 0.427106 200.000000 200.000000 200.000000
v 0.059732 -0.527252 0.360844 200.000000 200.000000 200.000000
v 0.078405 -0.222438 0.169726 200.000000 200.000000 200.000000
v 0.204623 -0.050681 0.282918 200.000000 200.000000 200.000000
v 0.220570 0.202281 0.311520 200.000000 200.000000 200.000000
v -0.114018 -0.155878 0.019011 200.000000 200.000000 200.000000
v 0.066662 -0.629225 0.238965 200.000000 200.000000 200.000000
v 0.045190 0.499469 0.370436 200.000000 200.000000 200.000000
v -0.063818 -0.746918 0.043393 200.000000 200.000000 200.000000
v -0.049669 -0.639645 0.172275 200.000000 200.000000 200.000000
v 0.079822 -0.224128 0.194399 200.000000 200.000000 200.000000
v 0.076931 -0.744052 0.131195 200.000000 200.000000 200.000000
v -0.035524 0.502510 0.195997 200.000000 200.000000 200.000000
v 0.145238 -0.998713 0.179433 200.000000 200.000000 200.000000
v 0.115225 -0.417836 0.232100 200.000000 200.000000 200.000000
v 0.011323 -0.952922 0.293020 200.000000 200.000000 200.000000
v 0.298713 0.464726 0.559813 200.000000 200.000000 200.000000
v -0.094605 -0.416425 0.362480 200.000000 200.000000 200.000000
v -0.035056 0.487902 0.079656 200.000000 200.000000 200.000000
v -0.312244 0.545509 -0.561597 200.000000 200.000000 200.000000
v -0.090849 -0.015768 0.135906 200.000000 200.000000 200.000000
v -0.061010 0.345649 0.181205 200.000000 200.000000 200.000000
v -0.017967 0.533144 0.238888 200.000000 200.000000 200.000000
v -0.029187 0.456304 0.266244 200.000000 200.000000 200.000000
v 0.067914 -0.971214 0.347357 200.000000 200.000000 200.000000
v -0.024356 -0.193782 0.427870 200.000000 200.000000 200.000000
v 0.213679 0.610478 0.255451 200.000000 200.000000 200.000000
v 0.206754 0.330803 0.390258 200.000000 200.000000 200.000000
v 0.041244 -0.853772 0.174259 200.000000 200.000000 200.000000
v -0.009658 0.597993 -0.100361 200.000000 200.000000 200.000000
v 0.132218 0.615223 0.426068 200.000000 200.000000 200.000000
v -0.006727 0.697845 0.250738 200.000000 200.000000 200.000000
v -0.117522 -0.113278 0.158985 200.000000 200.000000 200.000000
v 0.053550 -0.379039 0.120822 200.000000 200.000000 200.000000
v 0.220792 0.276375 0.322817 200.000000 200.000000 200.000000
v 0.029110 0.659037 0.038225 200.000000 200.000000 200.000000
v 0.065075 0.585515 -0.024229 200.000000 200.000000 200.000000
v 0.205475 0.392261 0.480121 200.000000 200.000000 200.000000
v -0.067713 -0.345373 0.176522 200.000000 200.000000 200.000000
v 0.034685 -0.717757 0.024385 200.000000 200.000000 200.000000
v 0.051113 0.641737 0.291142 200.000000 200.000000 200.000000
v 0.106438 0.625709 0.026878 200.000000 200.000000 200.000000
v 0.137819 0.915487 0.347196 200.000000 200.000000 200.000000
v 0.191944 0.187999 0.519947 200.000000 200.000000 200.000000
v -0.030132 0.523562 0.190165 200.000000 200.000000 200.000000
v 0.083501 -0.347748 0.386277 200.000000 200.000000 200.000000
v 0.090194 0.237091 0.362681 200.000000 200.000000 200.000000
v -0.023730 -0.689123 0.263266 200.000000 200.000000 200.000000
v 0.121785 0.155588 0.408248 200.000000 200.000000 200.000000
v 0.100487 -0.688484 0.360628 200.000000 200.000000 200.000000
v 0.209246 0.411405 0.415397 200.000000 200.000000 200.000000
v 0.173855 0.275514 0.123488 200.000000 200.000000 200.000000
v 0.289268 0.268345 0.513769 200.000000 200.000000 200.000000
v 0.231122 0.458516 0.543698 200.000000 200.000000 200.000000
v -0.091150 -0.028516 0.058711 200.000000 200.000000 200.000000
v -0.048529 -0.159547 0.397038 200.000000 200.000000 200.000000
v -0.146363 -0.680658 0.076508 200.000000 200.000000 200.000000
v -0.173057 -0.279119 0.068309 200.000000 200.000000 200.000000
v 0.163173 0.699886 0.277167 200.000000 200.000000 200.000000
v -0.013923 -0.912822 0.049716 200.000000 200.000000 200.000000
v -0.085470 -0.519329 0.155222 200.000000 200.000000 200.000000
v -0.335728 0.482292 -0.610278 200.000000 200.000000 200.000000
v -0.061816 0.924943 0.253293 200.000000 200.000000 200.000000
v -0.146263 -0.666716 0.070633 200.000000 200.000000 200.000000
v -0.054368 -0.362237 0.174660 200.000000 200.000000 200.000000
v 0.190990 0.077946 0.125537 200.000000 200.000000 200.000000
v 0.105899 0.763232 0.193413 200.000000 200.000000 200.000000
v 0.132087 0.769877 0.206324 200.000000 200.000000 200.000000
v 0.032093 0.116986 0.355401 200.000000 200.000000 200.000000
v 0.137443 0.885787 0.346637 200.000000 200.000000 200.000000
v 0.097042 0.163304 0.018431 200.000000 200.000000 200.000000
v 0.251693 0.392349 0.381362 200.000000 200.000000 200.000000
v 0.229673 0.407785 0.466460 200.000000 200.000000 200.000000
v -0.150777 -0.270296 0.125136 200.000000 200.000000 200.000000
v 0.161232 0.024230 0.050720 200.000000 200.000000 200.000000
v 0.030249 -0.841079 0.044833 200.000000 200.000000 200.000000
v 0.086086 -0.999085 0.093218 200.000000 200.000000 200.000000
v -0.059362 0.760279 0.182142 200.000000 200.000000 200.000000
v -0.066009 0.038296 0.254562 200.000000 200.000000 200.000000
v 0.296134 0.336967 0.544136 200.000000 200.000000 200.000000
v -0.035253 0.504694 0.187513 200.000000 200.000000 200.000000
v 0.108328 0.951977 0.336865 200.000000 200.000000 200.000000
v -0.026873 0.495888 -0.043848 200.000000 200.000000 200.000000
v -0.153618 -0.428870 0.128102 200.000000 200.000000 200.000000
v -0.108313 0.534234 -0.133556 200.000000 200.000000 200.000000
v 0.128930 -0.429570 0.292779 200.000000 200.000000 200.000000
v -0.001337 -0.440045 0.261516 200.000000 200.000000 200.000000
v -0.091133 -0.999006 0.018161 200.000000 200.000000 200.000000
v -0.123224 -0.128305 0.149901 200.000000 200.000000 200.000000
v -0.062597 0.325346 0.232274 200.000000 200.000000 200.000000
v 0.168302 0.137111 0.478073 200.000000 200.000000 200.000000
v -0.009255 -0.807246 0.244192 200.000000 200.000000 200.000000
v -0.090374 -0.625281 0.020774 200.000000 200.000000 200.000000
v 0.328799 0.265571 0.564452 200.000000 200.000000 200.000000
v 0.171907 0.070600 0.064889 200.000000 200.000000 200.000000
v 0.002201 -0.977620 0.037228 200.000000 200.000000 200.000000
v -0.062236 -0.999073 0.042558 200.000000 200.000000 200.000000
v 0.220772 0.525184 0.174114 200.000000 200.000000 200.000000
v -0.042338 -0.209448 0.425004 200.000000 200.000000 200.000000
v 0.193632 0.483879 0.093736 200.000000 200.000000 200.000000
v 0.129420 -0.672084 0.328877 200.000000 200.000000 200.000000
v -0.075028 -0.268400 0.191331 200.000000 200.000000 200.000000
v 0.117542 0.369685 0.397972 200.000000 200.000000 200.000000
v -0.009601 0.638137 0.241986 200.000000 200.000000 200.000000
v 0.122447 -0.719288 0.341145 200.000000 200.000000 200.000000
v 0.056102 0.129390 0.359798 200.000000 200.000000 200.000000
v -0.082085 -0.257465 0.310485 200.000000 200.000000 200.000000
v -0.065810 -0.270732 0.415436 200.000000 200.000000 200.000000
v -0.013220 0.566791 0.147179 200.000000 200.000000 200.000000
v -0.026141 0.029317 0.010690 200.000000 200.000000 200.000000
v 0.070454 -0.965675 0.068762 200.000000 200.000000 200.000000
v -0.060676 -0.777369 0.147641 200.000000 200.000000 200.000000
v 0.109501 -0.140701 0.038808 200.000000 200.000000 200.000000
v -0.036660 0.608482 -0.079403 200.000000 200.000000 200.000000
v 0.024720 0.653011 0.101379 200.000000 200.000000 200.000000
v 0.020005 -0.620919 0.230277 200.000000 200.000000 200.000000
v -0.109717 -0.212884 0.176154 200.000000 200.000000 200.000000
v 0.005861 -0.000837 0.356375 200.000000 200.000000 200.000000
v -0.016703 0.528443 0.247543 200.000000 200.000000 200.000000
v -0.042616 0.283112 0.277745 200.000000 200.000000 200.000000
v -0.098008 -0.242986 0.175389 200.000000 200.000000 200.000000
v -0.075364 -0.360497 0.312245 200.000000 200.000000 200.000000
v -0.014401 -0.567139 0.002275 200.000000 200.000000 200.000000
v 0.063484 -0.622957 0.230478 200.000000 200.000000 200.000000
v 0.134008 0.934577 0.296765 200.000000 200.000000 200.000000
v 0.031509 -0.633341 0.412063 200.000000 200.000000 200.000000
v 0.018619 -0.811265 0.161726 200.000000 200.000000 200.000000
v -0.156004 -0.341116 0.122675 200.000000 200.000000 200.000000
v 0.018012 -0.958928 0.289439 200.000000 200.000000 200.000000
v 0.108399 -0.443234 0.309454 200.000000 200.000000 200.000000
v -0.042393 -0.234966 -0.003862 200.000000 200.000000 200.000000
v -0.016094 -0.475349 0.431127 200.000000 200.000000 200.000000
v 0.233618 0.142842 0.295142 200.000000 200.000000 200.000000
v 0.204888 0.096947 0.200935 200.000000 200.000000 200.000000
v 0.245017 0.283806 0.356829 200.000000 200.000000 200.000000
v 0.144116 0.644315 0.096356 200.000000 200.000000 200.000000
v 0.145759 0.218231 0.378826 200.000000 200.000000 200.000000
v 0.174793 0.128615 0.106597 200.000000 200.000000 200.000000
v 0.089806 -0.652569 0.381185 200.000000 200.000000 200.000000
v 0.219608 0.484685 0.165323 200.000000 200.000000 200.000000
v 0.029065 -0.934016 0.242689 200.000000 200.000000 200.000000
v -0.036795 0.448824 0.084207 200.000000 200.000000 200.000000
v 0.005404 -0.948031 0.038231 200.000000 200.000000 200.000000
v -0.031079 0.445722 0.275997 200.000000 200.000000 200.000000
v -0.108686 0.506655 -0.176235 200.000000 200.000000 200.000000
v 0.089303 0.327363 0.385070 200.000000 200.000000 200.000000
v -0.033659 0.435624 0.276339 200.000000 200.000000 200.000000
v 0.043597 0.513537 0.360411 200.000000 200.000000 200.000000
v 0.142978 -0.349031 0.266873 200.000000 200.000000 200.000000
v 0.177676 0.160822 0.132062 200.000000 200.000000 200.000000
v 0.125405 -0.406510 0.237267 200.000000 200.000000 200.000000
v 0.058341 0.297711 0.016083 200.000000 200.000000 200.000000
v -0.029021 -0.631187 0.172011 200.000000 200.000000 200.000000
v 0.126825 0.795819 0.325711 200.000000 200.000000 200.000000
v -0.057902 -0.683907 0.010169 200.000000 200.000000 200.000000
v 0.151256 0.867066 0.331732 200.000000 200.000000 200.000000
v -0.027954 -0.158455 -0.007879 200.000000 200.000000 200.000000
v 0.096576 0.944230 0.156026 200.000000 200.000000 200.000000
v -0.001238 0.480042 0.323889 200.000000 200.000000 200.000000
v 0.137471 0.895348 0.346022 200.000000 200.000000 200.000000
v 0.106610 0.807595 0.347029 200.000000 200.000000 200.000000
v 0.012024 -0.512902 0.423611 200.000000 200.000000 200.000000
v -0.061074 -0.207813 0.398386 200.000000 200.000000 200.000000
v 0.142376 -0.273057 0.224226 200.000000 200.000000 200.000000
v 0.019798 0.964784 0.298763 200.000000 200.000000 200.000000
v -0.067064 -0.429996 0.165667 200.000000 200.000000 200.000000
v -0.010585 0.386973 0.349527 200.000000 200.000000 200.000000
v -0.172815 -0.438112 0.057820 200.000000 200.000000 200.000000
v 0.169812 0.118654 0.348991 200.000000 200.000000 200.000000
v -0.140865 -0.234314 0.018360 200.000000 200.000000 200.000000
v 0.219016 0.104184 0.307372 200.000000 200.000000 200.000000
v 0.213725 0.578561 0.203512 200.000000 200.000000 200.000000
v -0.004768 -0.154018 -0.008296 200.000000 200.000000 200.000000
v 0.022909 0.815816 0.325256 200.000000 200.000000 200.000000
v -0.148507 -0.507132 0.119435 200.000000 200.000000 200.000000
v -0.306499 0.536373 -0.597714 200.000000 200.000000 200.000000
v -0.038337 -0.231043 0.191599 200.000000 200.000000 200.000000
v -0.083750 -0.095978 0.219665 200.000000 200.000000 200.000000
v 0.027694 -0.808772 0.161042 200.000000 200.000000 200.000000
v 0.200614 0.641504 0.334898 200.000000 200.000000 200.000000
v 0.133022 -0.146350 0.098313 200.000000 200.000000 200.000000
v 0.128015 -0.998135 0.349863 200.000000 200.000000 200.000000
v 0.046872 -0.785305 0.221881 200.000000 200.000000 200.000000
v 0.055376 -0.745486 0.052997 200.000000 200.000000 200.000000
v 0.180487 0.662706 0.211663 200.000000 200.000000 200.000000
v -0.027713 0.208804 0.296333 200.000000 200.000000 200.000000
v 0.055282 0.941141 0.352238 200.000000 200.000000 200.000000
v 0.111256 0.459619 0.434407 200.000000 200.000000 200.000000
v 0.083884 -0.532443 0.348236 200.000000 200.000000 200.000000
v -0.100835 0.560418 -0.261496 200.000000 200.000000 200.000000
v 0.013156 0.439968 0.366747 200.000000 200.000000 200.000000
v 0.048980 0.571352 0.327010 200.000000 200.000000 200.000000
v 0.221902 -0.034539 0.241608 200.000000 200.000000 200.000000
v -0.052321 -0.112438 0.002043 200.000000 200.000000 200.000000
v -0.068857 -0.887587 0.060502 200.000000 200.000000 200.000000
v -0.062983 0.197659 0.238224 200.000000 200.000000 200.000000
v -0.267967 0.528123 -0.444579 200.000000 200.000000 200.000000
v 0.069706 -0.698988 0.114347 200.000000 200.000000 200.000000
v 0.050084 -0.805798 0.211794 200.000000 200.000000 200.000000
v 0.047868 -0.108732 0.412841 200.000000 200.000000 200.000000
v 0.070717 -0.345956 0.048830 200.000000 200.000000 200.000000
v 0.029978 -0.756385 0.389305 200.000000 200.000000 200.000000
v -0.024910 -0.872243 0.148783 200.000000 200.000000 200.000000
v -0.042328 0.511001 -0.067025 200.000000 200.000000 200.000000
v 0.064159 0.598266 -0.022898 200.000000 200.000000 200.000000
v 0.221228 0.296238 0.325435 200.000000 200.000000 200.000000
v 0.234364 0.414878 0.463095 200.000000 200.000000 200.000000
v 0.220162 0.358476 0.158434 200.000000 200.000000 200.000000
v 0.129489 -0.742542 0.337147 200.000000 200.000000 200.000000
v 0.009421 -0.916970 0.288937 200.000000 200.000000 200.000000
v 0.031855 -0.253530 0.214823 200.000000 200.000000 200.000000
v -0.072059 -0.049082 0.264743 200.000000 200.000000 200.000000
v -0.030952 0.507209 0.053918 200.000000 200.000000 200.000000
v 0.040420 -0.628296 0.047482 200.000000 200.000000 200.000000
v -0.022174 -0.484110 0.134786 200.000000 200.000000 200.000000
v 0.105445 0.758268 0.311464 200.000000 200.000000 200.000000
v 0.083777 -0.270028 0.047192 200.000000 200.000000 200.000000
v -0.040647 0.011670 0.268155 200.000000 200.000000 200.000000
v 0.091636 0.643853 0.316413 200.000000 200.000000 200.000000
v 0.066405 0.870890 0.370165 200.000000 200.000000 200.000000
v 0.163751 0.429725 0.072747 200.000000 200.000000 200.000000
v 0.219220 0.193024 0.219464 200.000000 200.000000 200.000000
v 0.027910 0.599885 0.263354 200.000000 200.000000 200.000000
v 0.080364 -0.823419 0.333285 200.000000 200.000000 200.000000
v -0.040599 0.706002 0.184123 200.000000 200.000000 200.000000
v 0.082524 0.064585 0.376973 200.000000 200.000000 200.000000
v 0.063637 0.381323 0.031892 200.000000 200.000000 200.000000
v 0.058813 -0.963853 0.060108 200.000000 200.000000 200.000000
v 0.115372 0.982658 0.233062 200.000000 200.000000 200.000000
v 0.070629 0.538795 0.383406 200.000000 200.000000 200.000000
v 0.044471 -0.238958 0.204472 200.000000 200.000000 200.000000
v 0.094648 -0.513801 0.350354 200.000000 200.000000 200.000000
v 0.036675 -0.394662 0.025712 200.000000 200.000000 200.000000
v 0.216118 0.024211 0.311051 200.000000 200.000000 200.000000
v 0.098411 -0.454864 0.227529 200.000000 200.000000 200.000000
v -0.093542 -0.983281 0.053762 200.000000 200.000000 200.000000
v 0.147235 -0.243468 0.329759 200.000000 200.000000 200.000000
v 0.126886 -0.142829 0.068016 200.000000 200.000000 200.000000
v -0.016932 0.533471 0.266963 200.000000 200.000000 200.000000
v -0.115979 -0.734635 0.112285 200.000000 200.000000 200.000000
v 0.063690 -0.859180 0.327482 200.000000 200.000000 200.000000
v 0.331433 0.410006 0.604204 200.000000 200.000000 200.000000
v 0.152193 0.151967 0.346399 200.000000 200.000000 200.000000
v 0.151936 -0.818521 0.307231 200.000000 200.000000 200.000000
v -0.155421 -0.250854 0.127326 200.000000 200.000000 200.000000
v 0.136119 -0.352949 0.237394 200.000000 200.000000 200.000000
v -0.034619 0.817723 0.169935 200.000000 200.000000 200.000000
v 0.021618 -0.823358 0.368673 200.000000 200.000000 200.000000
v 0.021369 0.490199 -0.081079 200.000000 200.000000 200.000000
v -0.134165 -0.455184 0.023627 200.000000 200.000000 200.000000
v 0.237132 0.395868 0.356121 200.000000 200.000000 200.000000
v -0.053562 0.024229 0.278984 200.000000 200.000000 200.000000
v -0.031470 -0.501327 0.019746 200.000000 200.000000 200.000000
v 0.052255 -0.793128 0.030111 200.000000 200.000000 200.000000
v -0.064704 -0.846659 0.131058 200.000000 200.000000 200.000000
v 0.026263 -0.600157 0.130309 200.000000 200.000000 200.000000
v -0.000237 0.718378 0.165831 200.000000 200.000000 200.000000
v 0.312725 0.466070 0.497302 200.000000 200.000000 200.000000
v -0.319715 0.481704 -0.633828 200.000000 200.000000 200.000000
v -0.011416 -0.001518 0.331870 200.000000 200.000000 200.000000
v -0.051407 -0.217021 0.418578 200.000000 200.000000 200.000000
v 0.250862 0.459274 0.295589 200.000000 200.000000 200.000000
v 0.090594 -0.255288 0.399675 200.000000 200.000000 200.000000
v -0.069900 -0.301988 0.416561 200.000000 200.000000 200.000000
v -0.117488 -0.197048 0.166023 200.000000 200.000000 200.000000
v 0.204670 0.237665 0.377958 200.000000 200.000000 200.000000
v 0.045391 0.014326 -0.002817 200.000000 200.000000 200.000000
v 0.224401 0.318841 0.177828 200.000000 200.000000 200.000000
v -0.257780 0.520711 -0.433755 200.000000 200.000000 200.000000
v 0.137003 -0.329351 0.324643 200.000000 200.000000 200.000000
v 0.221080 0.175022 0.316083 200.000000 200.000000 200.000000
v 0.184417 0.082059 0.088162 200.000000 200.000000 200.000000
v -0.086357 0.514065 -0.123546 200.000000 200.000000 200.000000
v 0.224037 0.268672 0.381804 200.000000 200.000000 200.000000
v -0.030368 -0.183426 -0.005786 200.000000 200.000000 200.000000
v -0.153251 -0.158581 0.110376 200.000000 200.000000 200.000000
v -0.151275 -0.163183 0.070088 200.000000 200.000000 200.000000
v -0.003402 0.575395 0.218998 200.000000 200.000000 200.000000
v 0.218534 0.008904 0.164446 200.000000 200.000000 200.000000
v 0.047459 -0.323409 0.218920 200.000000 200.000000 200.000000
v 0.229189 0.351997 0.183051 200.000000 200.000000 200.000000
v 0.077218 -0.817028 0.071289 200.000000 200.000000 200.000000
v 0.207799 0.090162 0.201250 200.000000 200.000000 200.000000
v 0.168998 0.239951 0.124098 200.000000 200.000000 200.000000
v 0.034404 -0.568963 0.103127 200.000000 200.000000 200.000000
v 0.003467 0.854451 0.140928 200.000000 200.000000 200.000000
v -0.312588 0.512268 -0.510439 200.000000 200.000000 200.000000
v 0.227506 0.409453 0.465465 200.000000 200.000000 200.000000
v 0.055186 -0.999141 0.069151 200.000000 200.000000 200.000000
v -0.020483 0.794066 0.289206 200.000000 200.000000 200.000000
v -0.131412 -0.158578 0.155892 200.000000 200.000000 200.000000
v 0.008046 0.707163 0.187341 200.000000 200.000000 200.000000
v -0.095019 -0.429926 -0.000646 200.000000 200.000000 200.000000
v -0.099400 0.505595 -0.166934 200.000000 200.000000 200.000000
v 0.079152 -0.904479 0.062944 200.000000 200.000000 200.000000
v 0.205368 0.531948 0.126306 200.000000 200.000000 200.000000
v -0.065625 -0.161795 0.336595 200.000000 200.000000 200.000000
v -0.167310 -0.398174 0.049391 200.000000 200.000000 200.000000
v 0.239371 0.188645 0.497627 200.000000 200.000000 200.000000
v 0.156548 -0.284792 0.258544 200.000000 200.000000 200.000000
v -0.105456 -0.851246 0.082015 200.000000 200.000000 200.000000
v 0.105555 0.712997 0.197079 200.000000 200.000000 200.000000
v -0.036031 -0.711303 0.285246 200.000000 200.000000 200.000000
v -0.095691 -0.840327 0.074368 200.000000 200.000000 200.000000
v 0.171123 0.192289 0.133351 200.000000 200.000000 200.000000
v 0.243695 0.405476 0.540461 200.000000 200.000000 200.000000
v -0.011743 -0.700091 0.408529 200.000000 200.000000 200.000000
v 0.035298 0.592305 0.313173 200.000000 200.000000 200.000000
v 0.082102 0.799819 0.338673 200.000000 200.000000 200.000000
v 0.068429 -0.354474 0.036394 200.000000 200.000000 200.000000
v -0.067689 0.886681 0.204635 200.000000 200.000000 200.000000
v 0.079091 0.742364 0.185577 200.000000 200.000000 200.000000
v 0.161868 0.846770 0.189208 200.000000 200.000000 200.000000
v 0.354744 0.297878 0.578236 200.000000 200.000000 200.000000
v 0.063881 -0.453109 0.056710 200.000000 200.000000 200.000000
v 0.313578 0.310171 0.531881 200.000000 200.000000 200.000000
v 0.100387 0.843099 0.362620 200.000000 200.000000 200.000000
v -0.061440 -0.241020 0.240500 200.000000 200.000000 200.000000
v -0.054785 -0.861498 0.070532 200.000000 200.000000 200.000000
v -0.032172 0.505838 -0.066885 200.000000 200.000000 200.000000
v 0.038651 0.623441 0.147801 200.000000 200.000000 200.000000
v 0.062792 -0.570352 0.230501 200.000000 200.000000 200.000000
v 0.068897 -0.683417 0.120243 200.000000 200.000000 200.000000
v 0.207924 0.293229 0.162480 200.000000 200.000000 200.000000
v 0.173809 -0.110098 0.189343 200.000000 200.000000 200.000000
v 0.071856 -0.765686 0.086287 200.000000 200.000000 200.000000
v 0.052907 -0.570957 0.228203 200.000000 200.000000 200.000000
v -0.010424 0.628199 0.038781 200.000000 200.000000 200.000000
v 0.360801 0.337401 0.559754 200.000000 200.000000 200.000000
v 0.026722 -0.952821 0.039119 200.000000 200.000000 200.000000
v 0.211576 0.145173 0.268047 200.000000 200.000000 200.000000
v 0.044663 -0.281104 0.005483 200.000000 200.000000 200.000000
v 0.131725 -0.922524 0.317460 200.000000 200.000000 200.000000
v -0.063779 0.301657 0.174350 200.000000 200.000000 200.000000
v -0.073408 0.103999 0.236984 200.000000 200.000000 200.000000
v 0.120624 0.139424 0.024296 200.000000 200.000000 200.000000
v -0.068462 0.115455 0.121777 200.000000 200.000000 200.000000
v 0.084469 0.371497 0.039279 200.000000 200.000000 200.000000
v 0.169854 0.380765 0.085120 200.000000 200.000000 200.000000
v -0.062556 -0.995283 0.094143 200.000000 200.000000 200.000000
v 0.154147 0.541133 0.055178 200.000000 200.000000 200.000000
v 0.061305 0.396672 0.394500 200.000000 200.000000 200.000000
v 0.138213 -0.143568 0.366801 200.000000 200.000000 200.000000
v -0.106414 -0.065006 0.057934 200.000000 200.000000 200.000000
v -0.129737 0.545920 -0.326023 200.000000 200.000000 200.000000
v 0.120092 -0.926090 0.320695 200.000000 200.000000 200.000000
v -0.371496 0.492159 -0.596955 200.000000 200.000000 200.000000
v -0.049597 -0.366472 0.273894 200.000000 200.000000 200.000000
v 0.251742 0.482810 0.306976 200.000000 200.000000 200.000000
v -0.071242 -0.204483 0.368261 200.000000 200.000000 200.000000
v 0.072412 -0.908109 0.200000 200.000000 200.000000 200.000000
v 0.231503 0.593062 0.336731 200.000000 200.000000 200.000000
v 0.066526 0.810788 0.344834 200.000000 200.000000 200.000000
v -0.015957 0.535539 0.264699 200.000000 200.000000 200.000000
v 0.201485 0.134632 0.193206 200.000000 200.000000 200.000000
v -0.120530 -0.686298 0.063074 200.000000 200.000000 200.000000
v -0.162632 -0.356439 0.111909 200.000000 200.000000 200.000000
v -0.027486 0.552407 0.084131 200.000000 200.000000 200.000000
v -0.001846 0.061792 0.003034 200.000000 200.000000 200.000000
v 0.109596 -0.273072 0.370667 200.000000 200.000000 200.000000
v -0.043007 0.502577 -0.114783 200.000000 200.000000 200.000000
v -0.064404 0.590689 -0.142767 200.000000 200.000000 200.000000
v -0.086403 -0.350340 0.391917 200.000000 200.000000 200.000000
v 0.092204 -0.233880 0.053708 200.000000 200.000000 200.000000
v -0.009441 -0.898881 0.343809 200.000000 200.000000 200.000000
v 0.228626 0.594341 0.396977 200.000000 200.000000 200.000000
v 0.073376 0.352944 0.384193 200.000000 200.000000 200.000000
v 0.084507 0.619465 0.330531 200.000000 200.000000 200.000000
v -0.135106 -0.356086 0.020902 200.000000 200.000000 200.000000
v 0.141658 -0.986009 0.134213 200.000000 200.000000 200.000000
v -0.043170 0.545765 0.000871 200.000000 200.000000 200.000000
v 0.105761 0.980788 0.270240 200.000000 200.000000 200.000000
v 0.081238 -0.979223 0.080690 200.000000 200.000000 200.000000
v 0.060171 0.835525 0.146212 200.000000 200.000000 200.000000
v 0.230349 0.207376 0.482484 200.000000 200.000000 200.000000
v 0.062421 -0.601201 0.410725 200.000000 200.000000 200.000000
v -0.080108 0.562103 -0.227937 200.000000 200.000000 200.000000
v 0.163705 -0.090664 0.136330 200.000000 200.000000 200.000000
v 0.151640 0.647661 0.113980 200.000000 200.000000 200.000000
v -0.046886 -0.273735 -0.011099 200.000000 200.000000 200.000000
v -0.066412 -0.539678 0.155363 200.000000 200.000000 200.000000
v 0.038525 -0.028021 -0.003089 200.000000 200.000000 200.000000
v 0.155808 -0.993334 0.281288 200.000000 200.000000 200.000000
v 0.096019 0.143456 0.018780 200.000000 200.000000 200.000000
v 0.020195 -0.831458 0.226411 200.000000 200.000000 200.000000
v -0.066667 -0.565530 0.404207 200.000000 200.000000 200.000000
v -0.050269 0.714284 0.218900 200.000000 200.000000 200.000000
v 0.097392 -0.048658 0.389237 200.000000 200.000000 200.000000
v 0.025419 -0.512872 0.425156 200.000000 200.000000 200.000000
v 0.049249 0.664575 0.103713 200.000000 200.000000 200.000000
v -0.052961 0.842220 0.233686 200.000000 200.000000 200.000000
v 0.099006 -0.002194 0.382684 200.000000 200.000000 200.000000
v 0.168402 0.142757 0.389220 200.000000 200.000000 200.000000
v -0.051536 -0.604291 0.181482 200.000000 200.000000 200.000000
v -0.059630 0.019680 0.051422 200.000000 200.000000 200.000000
v 0.051186 0.584659 0.328620 200.000000 200.000000 200.000000
v -0.038329 0.918659 0.294953 200.000000 200.000000 200.000000
v 0.137211 0.951615 0.279663 200.000000 200.000000 200.000000
v -0.120976 -0.650963 0.052245 200.000000 200.000000 200.000000
v 0.048762 0.581198 0.326170 200.000000 200.000000 200.000000
v 0.136907 -0.072344 0.371888 200.000000 200.000000 200.000000
v 0.088858 -0.999506 0.340515 200.000000 200.000000 200.000000
v -0.126091 -0.531945 0.143730 200.000000 200.000000 200.000000
v 0.031778 -0.061540 -0.008038 200.000000 200.000000 200.000000
v 0.319618 0.321114 0.537449 200.000000 200.000000 200.000000
v 0.137873 0.549201 0.464485 200.000000 200.000000 200.000000
v 0.016367 -0.760160 0.018839 200.000000 200.000000 200.000000
v 0.065418 0.471450 0.006702 200.000000 200.000000 200.000000
v 0.170937 0.617442 0.106834 200.000000 200.000000 200.000000
v -0.054685 -0.327160 0.179362 200.000000 200.000000 200.000000
v 0.024365 0.733008 0.161572 200.000000 200.000000 200.000000
v 0.184763 0.621477 0.143727 200.000000 200.000000 200.000000
v -0.081420 -0.269172 0.282970 200.000000 200.000000 200.000000
v 0.020022 0.255180 0.022309 200.000000 200.000000 200.000000
v -0.047017 0.062448 0.292390 200.000000 200.000000 200.000000
v 0.047588 -0.027769 0.393435 200.000000 200.000000 200.000000
v 0.009943 0.599987 0.314761 200.000000 200.000000 200.000000
v 0.141905 -0.336409 0.301085 200.000000 200.000000 200.000000
v 0.129559 -0.418275 0.250223 200.000000 200.000000 200.000000
v 0.110825 0.085849 0.422971 200.000000 200.000000 200.000000
v -0.045718 -0.848123 0.138082 200.000000 200.000000 200.000000
v 0.014128 0.580495 0.292201 200.000000 200.000000 200.000000
v -0.148807 -0.155172 0.074758 200.000000 200.000000 200.000000
v -0.051451 -0.441589 0.164988 200.000000 200.000000 200.000000
v 0.068194 -0.879117 0.059466 200.000000 200.000000 200.000000
v -0.015023 -0.244324 0.224618 200.000000 200.000000 200.000000
v -0.088975 -0.217143 0.000033 200.000000 200.000000 200.000000
v -0.088065 -0.331054 0.359300 200.000000 200.000000 200.000000
v 0.055821 0.030009 0.377234 200.000000 200.000000 200.000000
v 0.020600 -0.631562 0.416889 200.000000 200.000000 200.000000
v -0.069571 -0.381992 0.424365 200.000000 200.000000 200.000000
v 0.044273 0.550478 -0.072014 200.000000 200.000000 200.000000
v 0.120572 -0.732935 0.348474 200.000000 200.000000 200.000000
v 0.221837 0.252169 0.504626 200.000000 200.000000 200.000000
v -0.034824 0.203844 0.052557 200.000000 200.000000 200.000000
v 0.110712 0.305727 0.380876 200.000000 200.000000 200.000000
v 0.248412 0.194265 0.508221 200.000000 200.000000 200.000000
v -0.109074 0.561900 -0.276595 200.000000 200.000000 200.000000
v -0.060533 0.256467 0.124593 200.000000 200.000000 200.000000
v -0.159415 -0.516894 0.100381 200.000000 200.000000 200.000000
v 0.149104 -0.253833 0.318757 200.000000 200.000000 200.000000
v 0.145562 -0.227449 0.337805 200.000000 200.000000 200.000000
v 0.025873 -0.627154 0.221068 200.000000 200.000000 200.000000
v -0.102285 -0.394490 0.007643 200.000000 200.000000 200.000000
v -0.138418 0.513344 -0.325442 200.000000 200.000000 200.000000
v 0.042547 0.318968 0.371196 200.000000 200.000000 200.000000
v -0.343852 0.471936 -0.595215 200.000000 200.000000 200.000000
v 0.118847 -0.998494 0.287259 200.000000 200.000000 200.000000
v -0.071662 0.886058 0.212347 200.000000 200.000000 200.000000
v 0.313175 0.382996 0.609083 200.000000 200.000000 200.000000
v -0.095566 -0.253643 0.003652 200.000000 200.000000 200.000000
v 0.068654 0.497636 -0.019746 200.000000 200.000000 200.000000
v 0.201976 0.567879 0.146677 200.000000 200.000000 200.000000
v -0.075286 -0.184147 0.218000 200.000000 200.000000 200.000000
v 0.137550 -0.397891 0.282267 200.000000 200.000000 200.000000
v 0.280334 0.292547 0.600666 200.000000 200.000000 200.000000
v -0.092510 -0.712077 0.136136 200.000000 200.000000 200.000000
v -0.044278 0.823156 0.273206 200.000000 200.000000 200.000000
v -0.028480 -0.529147 0.424270 200.000000 200.000000 200.000000
v -0.072747 0.062063 0.235859 200.000000 200.000000 200.000000
v 0.232607 0.555379 0.487024 200.000000 200.000000 200.000000
v 0.228806 0.001798 0.281254 200.000000 200.000000 200.000000
v 0.003349 -0.548226 0.249046 200.000000 200.000000 200.000000
v -0.064870 -0.569813 0.404471 200.000000 200.000000 200.000000
v -0.056696 0.012731 0.035599 200.000000 200.000000 200.000000
v 0.033669 -0.628562 0.413477 200.000000 200.000000 200.000000
v -0.015479 -0.859545 0.325743 200.000000 200.000000 200.000000
v -0.064054 0.287755 0.138471 200.000000 200.000000 200.000000
v -0.014436 0.089705 0.311666 200.000000 200.000000 200.000000
v -0.237013 0.544780 -0.385566 200.000000 200.000000 200.000000
v 0.165476 0.608702 0.456921 200.000000 200.000000 200.000000
v -0.010376 0.792203 0.295565 200.000000 200.000000 200.000000
v -0.141834 -0.628327 0.110329 200.000000 200.000000 200.000000
v -0.239962 0.515237 -0.484039 200.000000 200.000000 200.000000
v -0.010982 -0.992126 0.010386 200.000000 200.000000 200.000000
v -0.029678 -0.004978 0.299220 200.000000 200.000000 200.000000
v -0.130950 -0.311348 0.145545 200.000000 200.000000 200.000000
v 0.142865 0.289335 0.066675 200.000000 200.000000 200.000000
v -0.117313 -0.366364 0.013140 200.000000 200.000000 200.000000
v -0.070174 0.004524 0.179734 200.000000 200.000000 200.000000
v 0.242487 0.562553 0.453885 200.000000 200.000000 200.000000
v -0.130429 -0.375475 0.152055 200.000000 200.000000 200.000000
v -0.043293 -0.624289 -0.011204 200.000000 200.000000 200.000000
v -0.375035 0.502472 -0.566256 200.000000 200.000000 200.000000
v -0.169735 -0.211357 0.109420 200.000000 200.000000 200.000000
v 0.248381 0.189219 0.310613 200.000000 200.000000 200.000000
v -0.136107 -0.513637 0.142582 200.000000 200.000000 200.000000
v 0.126498 -0.169423 0.129452 200.000000 200.000000 200.000000
v -0.022314 0.610907 0.006113 200.000000 200.000000 200.000000
v -0.141149 -0.713977 0.087221 200.000000 200.000000 200.000000
v 0.141340 0.923711 0.336153 200.000000 200.000000 200.000000
v 0.139549 -0.127317 0.095761 200.000000 200.000000 200.000000
v 0.008821 0.198351 0.020023 200.000000 200.000000 200.000000
v -0.056796 -0.020666 0.275311 200.000000 200.000000 200.000000
v -0.062213 0.589334 -0.147264 200.000000 200.000000 200.000000
v -0.049634 -0.931410 0.068022 200.000000 200.000000 200.000000
v -0.006283 0.617103 -0.050645 200.000000 200.000000 200.000000
v -0.028766 -0.892537 0.059906 200.000000 200.000000 200.000000
v -0.110154 -0.715137 0.066351 200.000000 200.000000 200.000000
v -0.026330 0.896750 0.173759 200.000000 200.000000 200.000000
v -0.148984 -0.182603 0.131054 200.000000 200.000000 200.000000
v -0.013743 -0.877914 0.328259 200.000000 200.000000 200.000000
v 0.204711 0.620218 0.249547 200.000000 200.000000 200.000000
v 0.094450 0.881320 0.372744 200.000000 200.000000 200.000000
v 0.018735 -0.104373 0.419153 200.000000 200.000000 200.000000
v -0.110607 -0.062013 0.070397 200.000000 200.000000 200.000000
v 0.126571 0.803374 0.335025 200.000000 200.000000 200.000000
v -0.073658 0.001269 0.157546 200.000000 200.000000 200.000000
v -0.010013 -0.470138 0.263731 200.000000 200.000000 200.000000
v -0.041243 0.315985 0.289261 200.000000 200.000000 200.000000
v 0.047259 -0.928491 0.340099 200.000000 200.000000 200.000000
v 0.209945 0.576815 0.179694 200.000000 200.000000 200.000000
v 0.164561 0.705296 0.230379 200.000000 200.000000 200.000000
v -0.009967 0.240170 0.033035 200.000000 200.000000 200.000000
v 0.088175 0.835075 0.362032 200.000000 200.000000 200.000000
v 0.037071 -0.236673 0.188836 200.000000 200.000000 200.000000
v 0.141247 0.222459 0.066005 200.000000 200.000000 200.000000
v 0.059985 -0.574324 0.413975 200.000000 200.000000 200.000000
v 0.038597 -0.029283 0.388639 200.000000 200.000000 200.000000
v 0.035966 -0.305717 0.012621 200.000000 200.000000 200.000000
v -0.051365 0.857774 0.213616 200.000000 200.000000 200.000000
v 0.103726 0.396057 0.037065 200.000000 200.000000 200.000000
v 0.225283 0.384150 0.176188 200.000000 200.000000 200.000000
v 0.251921 0.410183 0.378751 200.000000 200.000000 200.000000
v 0.020652 -0.998838 0.106543 200.000000 200.000000 200.000000
v -0.071840 -0.779875 0.131468 200.000000 200.000000 200.000000
v 0.059929 0.553625 -0.032948 200.000000 200.000000 200.000000
v 0.006310 0.637006 0.088254 200.000000 200.000000 200.000000
v 0.022608 0.971245 0.291335 200.000000 200.000000 200.000000
v -0.065332 -0.773091 0.047887 200.000000 200.000000 200.000000
v 0.257006 0.426183 0.561747 200.000000 200.000000 200.000000
v -0.057670 0.322075 0.239575 200.000000 200.000000 200.000000
v -0.012638 -0.292671 0.434897 200.000000 200.000000 200.000000
v -0.018592 -0.746266 0.389864 200.000000 200.000000 200.000000
v 0.087952 -0.261667 0.069103 200.000000 200.000000 200.000000
v -0.085255 0.023703 0.150492 200.000000 200.000000 200.000000
v -0.064208 -0.510431 0.418441 200.000000 200.000000 200.000000
v 0.274799 0.445916 0.449467 200.000000 200.000000 200.000000
v 0.055628 -0.473584 0.411233 200.000000 200.000000 200.000000
v 0.046683 0.866388 0.360961 200.000000 200.000000 200.000000
v -0.060267 -0.332393 0.279889 200.000000 200.000000 200.000000
v -0.012391 0.416709 0.343842 200.000000 200.000000 200.000000
v -0.072437 -0.301304 0.180793 200.000000 200.000000 200.000000
v -0.081185 -0.712130 0.042272 200.000000 200.000000 200.000000
v -0.143053 0.531421 -0.350105 200.000000 200.000000 200.000000
v 0.219975 0.222473 0.234898 200.000000 200.000000 200.000000
v 0.180972 -0.179593 0.258098 200.000000 200.000000 200.000000
v 0.164360 0.040363 0.349334 200.000000 200.000000 200.000000
v 0.242892 0.511121 0.241932 200.000000 200.000000 200.000000
v 0.043833 -0.996047 0.273404 200.000000 200.000000 200.000000
v 0.044941 0.208099 0.344070 200.000000 200.000000 200.000000
v 0.164744 0.515235 0.064415 200.000000 200.000000 200.000000
v 0.126380 -0.136322 0.062565 200.000000 200.000000 200.000000
v -0.003730 -0.839466 0.258942 200.000000 200.000000 200.000000
v 0.140657 0.170625 0.455942 200.000000 200.000000 200.000000
v 0.011544 -0.418160 0.019969 200.000000 200.000000 200.000000
v 0.006677 0.591404 0.306790 200.000000 200.000000 200.000000
v 0.032832 0.986316 0.204332 200.000000 200.000000 200.000000
v -0.335985 0.543856 -0.599639 200.000000 200.000000 200.000000
v -0.103450 -0.205934 0.181986 200.000000 200.000000 200.000000
v 0.030568 -0.331391 0.018779 200.000000 200.000000 200.000000
v 0.223773 0.228284 0.227776 200.000000 200.000000 200.000000
v -0.020077 -0.102216 0.406590 200.000000 200.000000 200.000000
v -0.105915 0.502217 -0.248860 200.000000 200.000000 200.000000
v 0.098385 0.874080 0.142090 200.000000 200.000000 200.000000
v -0.223839 0.536947 -0.351047 200.000000 200.000000 200.000000
v 0.024547 0.625025 0.332583 200.000000 200.000000 200.000000
v -0.062857 -0.151754 -0.002036 200.000000 200.000000 200.000000
v -0.121260 -0.086686 0.127296 200.000000 200.000000 200.000000
v -0.086840 -0.338036 0.359537 200.000000 200.000000 200.000000
v 0.142450 -0.972173 0.280445 200.000000 200.000000 200.000000
v -0.069757 -0.128059 0.291467 200.000000 200.000000 200.000000
v -0.092407 -0.417516 -0.006018 200.000000 200.000000 200.000000
v -0.126926 0.583217 -0.264095 200.000000 200.000000 200.000000
v 0.099816 -0.410983 0.219731 200.000000 200.000000 200.000000
v -0.042926 0.834128 0.193343 200.000000 200.000000 200.000000
v -0.188652 0.533088 -0.420467 200.000000 200.000000 200.000000
v -0.118228 -0.814822 0.097754 200.000000 200.000000 200.000000
v 0.143269 -0.902546 0.192915 200.000000 200.000000 200.000000
v 0.089731 -0.855954 0.060545 200.000000 200.000000 200.000000
v 0.043786 0.668373 0.075640 200.000000 200.000000 200.000000
v 0.244531 0.153085 0.282184 200.000000 200.000000 200.000000
v 0.083637 0.337022 0.385041 200.000000 200.000000 200.000000
v -0.094330 0.583672 -0.206304 200.000000 200.000000 200.000000
v -0.025776 -0.576006 0.279146 200.000000 200.000000 200.000000
v -0.029654 -0.607287 -0.013948 200.000000 200.000000 200.000000
v 0.158571 0.148308 0.079249 200.000000 200.000000 200.000000
v 0.006670 -0.998562 0.120475 200.000000 200.000000 200.000000
v 0.082512 -0.909290 0.197316 200.000000 200.000000 200.000000
v 0.191184 0.118476 0.120582 200.000000 200.000000 200.000000
v -0.147039 -0.673326 0.076480 200.000000 200.000000 200.000000
v 0.074873 -0.536577 0.369206 200.000000 200.000000 200.000000
v -0.028661 -0.530650 0.424405 200.000000 200.000000 200.000000
v -0.041202 -0.750255 0.373223 200.000000 200.000000 200.000000
v 0.034906 -0.493579 0.246956 200.000000 200.000000 200.000000
v 0.002106 -0.287738 0.185603 200.000000 200.000000 200.000000
v 0.070230 0.298089 0.017530 200.000000 200.000000 200.000000
v 0.006872 0.492074 -0.050179 200.000000 200.000000 200.000000
v -0.142087 0.522998 -0.187383 200.000000 200.000000 200.000000
v 0.132082 0.957452 0.278616 200.000000 200.000000 200.000000
v -0.056393 -0.510433 0.306973 200.000000 200.000000 200.000000
v -0.104692 -0.353510 0.161886 200.000000 200.000000 200.000000
v 0.006072 0.496726 -0.053146 200.000000 200.000000 200.000000
v -0.041442 -0.393507 0.278466 200.000000 200.000000 200.000000
v -0.017922 0.319824 0.336389 200.000000 200.000000 200.000000
v -0.310758 0.498867 -0.592701 200.000000 200.000000 200.000000
v -0.049519 0.294327 0.250913 200.000000 200.000000 200.000000
v 0.119749 0.097284 0.418680 200.000000 200.000000 200.000000
v 0.133775 -0.733784 0.266245 200.000000 200.000000 200.000000
v -0.083073 -0.979398 0.061172 200.000000 200.000000 200.000000
v 0.017389 -0.863088 0.179044 200.000000 200.000000 200.000000
v -0.072245 -0.986343 0.024615 200.000000 200.000000 200.000000
v 0.002150 -0.338302 0.172726 200.000000 200.000000 200.000000
v 0.073077 0.800742 0.153623 200.000000 200.000000 200.000000
v 0.001571 0.983172 0.254638 200.000000 200.000000 200.000000
v 0.027277 -0.674986 0.022657 200.000000 200.000000 200.000000
v -0.177231 -0.423911 0.093948 200.000000 200.000000 200.000000
v -0.016789 -0.284847 -0.001113 200.000000 200.000000 200.000000
v 0.131561 0.111553 0.027028 200.000000 200.000000 200.000000
v -0.012756 0.949605 0.177405 200.000000 200.000000 200.000000
v 0.000271 -0.862375 0.275068 200.000000 200.000000 200.000000
v 0.175644 0.503117 0.073443 200.000000 200.000000 200.000000
v -0.006527 -0.522186 0.038940 200.000000 200.000000 200.000000
v 0.011565 -0.675282 0.237727 200.000000 200.000000 200.000000
v -0.084882 -0.343680 0.387321 200.000000 200.000000 200.000000
v 0.088457 0.005103 0.005882 200.000000 200.000000 200.000000
v 0.094508 0.545188 0.006351 200.000000 200.000000 200.000000
v 0.059010 -0.589813 0.233766 200.000000 200.000000 200.000000
v -0.161874 -0.480531 0.117825 200.000000 200.000000 200.000000
v 0.016752 0.913456 0.115210 200.000000 200.000000 200.000000
v -0.045189 0.741545 0.169307 200.000000 200.000000 200.000000
v -0.117220 -0.802885 0.106444 200.000000 200.000000 200.000000
v 0.045278 0.064600 0.360355 200.000000 200.000000 200.000000
v 0.198282 0.473303 0.511303 200.000000 200.000000 200.000000
v 0.218464 0.233052 0.315791 200.000000 200.000000 200.000000
v -0.117877 -0.153602 0.023032 200.000000 200.000000 200.000000
v -0.050192 -0.376639 -0.006507 200.000000 200.000000 200.000000
v -0.022602 -0.565495 -0.006933 200.000000 200.000000 200.000000
v -0.025195 -0.015832 0.003152 200.000000 200.000000 200.000000
v -0.163364 -0.539309 0.097017 200.000000 200.000000 200.000000
v -0.144716 0.569559 -0.239386 200.000000 200.000000 200.000000
v 0.252675 0.396863 0.508855 200.000000 200.000000 200.000000
v -0.028883 0.947400 0.174915 200.000000 200.000000 200.000000
v -0.054266 0.938598 0.172793 200.000000 200.000000 200.000000
v 0.008909 -0.134790 0.426602 200.000000 200.000000 200.000000
v -0.030470 0.491816 0.052027 200.000000 200.000000 200.000000
v 0.006459 -0.345853 0.170268 200.000000 200.000000 200.000000
v 0.168229 -0.871678 0.271020 200.000000 200.000000 200.000000
v 0.233447 0.559918 0.245440 200.000000 200.000000 200.000000
v 0.161578 -0.950517 0.255771 200.000000 200.000000 200.000000
v 0.186126 -0.011236 0.097707 200.000000 200.000000 200.000000
v -0.301025 0.505716 -0.524348 200.000000 200.000000 200.000000
v 0.163278 0.292911 0.091708 200.000000 200.000000 200.000000
v 0.311345 0.447105 0.487298 200.000000 200.000000 200.000000
v -0.065537 -0.308044 0.179250 200.000000 200.000000 200.000000
v 0.217201 0.418246 0.456291 200.000000 200.000000 200.000000
v 0.004943 -0.549688 0.249188 200.000000 200.000000 200.000000
v 0.177552 0.108784 0.337032 200.000000 200.000000 200.000000
v 0.116743 -0.624006 0.324588 200.000000 200.000000 200.000000
v 0.148240 -0.949293 0.177279 200.000000 200.000000 200.000000
v -0.052493 0.747075 0.173117 200.000000 200.000000 200.000000
v -0.052669 0.425168 0.219204 200.000000 200.000000 200.000000
v 0.181955 0.456189 0.084377 200.000000 200.000000 200.000000
v -0.009610 0.700281 0.195222 200.000000 200.000000 200.000000
v 0.132148 -0.737939 0.336990 200.000000 200.000000 200.000000
v 0.213039 -0.068621 0.250114 200.000000 200.000000 200.000000
v -0.053929 -0.691780 0.299618 200.000000 200.000000 200.000000
v -0.041813 0.427207 0.102109 200.000000 200.000000 200.000000
v 0.054726 -0.224254 0.418951 200.000000 200.000000 200.000000
v 0.233105 0.262938 0.510235 200.000000 200.000000 200.000000
v -0.042040 0.917087 0.217487 200.000000 200.000000 200.000000
v 0.095760 -0.219936 0.163862 200.000000 200.000000 200.000000
v 0.107739 -0.690136 0.250589 200.000000 200.000000 200.000000
v 0.168705 0.405961 0.415429 200.000000 200.000000 200.000000
v 0.027687 0.090090 0.346626 200.000000 200.000000 200.000000
v 0.033190 -0.762155 0.017435 200.000000 200.000000 200.000000
v -0.201105 0.513229 -0.423408 200.000000 200.000000 200.000000
v 0.119465 -0.340734 0.219538 200.000000 200.000000 200.000000
v -0.068234 0.526699 -0.081709 200.000000 200.000000 200.000000
v 0.011246 -0.119845 -0.007092 200.000000 200.000000 200.000000
v -0.113375 -0.383924 0.012861 200.000000 200.000000 200.000000
v 0.140195 0.499918 0.462239 200.000000 200.000000 200.000000
v 0.046721 -0.261569 0.423064 200.000000 200.000000 200.000000
v -0.067274 -0.374959 -0.017418 200.000000 200.000000 200.000000
v -0.051996 -0.314052 0.433260 200.000000 200.000000 200.000000
v -0.063935 -0.330700 0.281648 200.000000 200.000000 200.000000
v 0.228869 0.217026 0.548049 200.000000 200.000000 200.000000
v 0.001861 -0.564190 0.053799 200.000000 200.000000 200.000000
v 0.235300 0.398313 0.312459 200.000000 200.000000 200.000000
v 0.285319 0.312498 0.531129 200.000000 200.000000 200.000000
v -0.053177 0.520139 -0.187825 200.000000 200.000000 200.000000
v 0.167942 -0.865966 0.280222 200.000000 200.000000 200.000000
v -0.125125 -0.643596 0.051982 200.000000 200.000000 200.000000
v 0.083893 0.082418 0.395390 200.000000 200.000000 200.000000
v -0.052691 -0.529064 0.150562 200.000000 200.000000 200.000000
v 0.216818 0.597112 0.442540 200.000000 200.000000 200.000000
v 0.141714 -0.996146 0.145542 200.000000 200.000000 200.000000
v 0.185752 0.608855 0.128792 200.000000 200.000000 200.000000
v -0.069895 -0.256018 0.255629 200.000000 200.000000 200.000000
v 0.138653 -0.735955 0.292587 200.000000 200.000000 200.000000
v 0.088684 -0.074657 0.007572 200.000000 200.000000 200.000000
v 0.135815 -0.994508 0.157603 200.000000 200.000000 200.000000
v -0.080004 0.557475 -0.229085 200.000000 200.000000 200.000000
v 0.277616 0.507804 0.509194 200.000000 200.000000 200.000000
v -0.098587 0.580786 -0.232745 200.000000 200.000000 200.000000
v 0.212363 0.270184 0.307876 200.000000 200.000000 200.000000
v -0.058622 0.856564 0.230313 200.000000 200.000000 200.000000
v -0.199146 0.561567 -0.316690 200.000000 200.000000 200.000000
v 0.192752 0.198117 0.340301 200.000000 200.000000 200.000000
v 0.068808 -0.831948 0.202413 200.000000 200.000000 200.000000
v 0.107639 0.921860 0.359870 200.000000 200.000000 200.000000
v -0.034446 0.480663 0.237808 200.000000 200.000000 200.000000
v 0.084889 0.931262 0.146751 200.000000 200.000000 200.000000
v 0.094333 -0.813479 0.107348 200.000000 200.000000 200.000000
v 0.067513 -0.526449 0.376736 200.000000 200.000000 200.000000
v 0.055431 -0.712538 0.387694 200.000000 200.000000 200.000000
v -0.081224 0.089920 0.179280 200.000000 200.000000 200.000000
v 0.057448 0.157900 0.017354 200.000000 200.000000 200.000000
v 0.026024 0.352756 0.015918 200.000000 200.000000 200.000000
v 0.001971 0.796035 0.309732 200.000000 200.000000 200.000000
v 0.166984 0.828966 0.209589 200.000000 200.000000 200.000000
v 0.234724 0.322368 0.244141 200.000000 200.000000 200.000000
v -0.136821 -0.105390 0.091560 200.000000 200.000000 200.000000
v 0.239316 0.488930 0.229949 200.000000 200.000000 200.000000
v -0.099503 -0.224294 0.002666 200.000000 200.000000 200.000000
v 0.019311 0.652925 0.094847 200.000000 200.000000 200.000000
v -0.044479 -0.707132 0.168737 200.000000 200.000000 200.000000
v 0.091715 -0.280354 0.384080 200.000000 200.000000 200.000000
v 0.020449 0.804600 0.320399 200.000000 200.000000 200.000000
v 0.181467 0.655949 0.272733 200.000000 200.000000 200.000000
v 0.085096 -0.549449 0.332119 200.000000 200.000000 200.000000
v 0.118854 -0.854849 0.301533 200.000000 200.000000 200.000000
v 0.099076 -0.375906 0.342586 200.000000 200.000000 200.000000
v -0.039173 0.292448 0.293938 200.000000 200.000000 200.000000
v -0.017465 0.106918 0.020171 200.000000 200.000000 200.000000
v -0.041692 -0.642658 0.170907 200.000000 200.000000 200.000000
v 0.047787 0.081266 0.376672 200.000000 200.000000 200.000000
v 0.174168 -0.983370 0.176866 200.000000 200.000000 200.000000
v 0.116758 0.791060 0.329196 200.000000 200.000000 200.000000
v 0.214239 0.561455 0.491205 200.000000 200.000000 200.000000
v -0.378589 0.486774 -0.574381 200.000000 200.000000 200.000000
v 0.230496 0.229105 0.367590 200.000000 200.000000 200.000000
v -0.047883 0.894026 0.287795 200.000000 200.000000 200.000000
v -0.079429 -0.191525 0.282736 200.000000 200.000000 200.000000
v -0.171259 -0.346915 0.057419 200.000000 200.000000 200.000000
v -0.066067 -0.196024 0.211060 200.000000 200.000000 200.000000
v -0.000177 -0.920455 0.301188 200.000000 200.000000 200.000000
v -0.146311 0.536528 -0.191830 200.000000 200.000000 200.000000
v 0.083486 -0.794556 0.350542 200.000000 200.000000 200.000000
v -0.066167 -0.842047 0.130346 200.000000 200.000000 200.000000
v 0.269379 0.214759 0.546264 200.000000 200.000000 200.000000
v 0.062333 0.147995 0.367493 200.000000 200.000000 200.000000
v -0.067227 -0.650311 0.318810 200.000000 200.000000 200.000000
v 0.041433 0.541698 0.344787 200.000000 200.000000 200.000000
v 0.083149 -0.882306 0.166390 200.000000 200.000000 200.000000
v -0.041614 0.301547 0.288113 200.000000 200.000000 200.000000
v -0.069719 -0.611374 0.347940 200.000000 200.000000 200.000000
v 0.040661 0.622517 -0.030395 200.000000 200.000000 200.000000
v -0.062563 0.308010 0.187534 200.000000 200.000000 200.000000
v 0.134062 0.939871 0.343200 200.000000 200.000000 200.000000
v 0.205525 -0.088163 0.262439 200.000000 200.000000 200.000000
v 0.065119 -0.865295 0.167240 200.000000 200.000000 200.000000
v 0.019173 0.801400 0.318385 200.000000 200.000000 200.000000
v 0.232071 0.430908 0.335096 200.000000 200.000000 200.000000
v -0.042802 0.838602 0.216414 200.000000 200.000000 200.000000
v 0.173114 0.887642 0.313390 200.000000 200.000000 200.000000
v 0.114258 0.123626 0.451865 200.000000 200.000000 200.000000
v -0.077519 0.558464 -0.224670 200.000000 200.000000 200.000000
v 0.073785 -0.170080 0.008489 200.000000 200.000000 200.000000
v -0.061310 0.527973 -0.069865 200.000000 200.000000 200.000000
v -0.003639 -0.693033 0.251129 200.000000 200.000000 200.000000
v 0.243226 0.442518 0.428953 200.000000 200.000000 200.000000
v 0.308488 0.400423 0.507855 200.000000 200.000000 200.000000
v 0.123024 0.711122 0.258567 200.000000 200.000000 200.000000
v 0.002676 -0.794321 0.380262 200.000000 200.000000 200.000000
v 0.002256 -0.741200 0.244969 200.000000 200.000000 200.000000
v 0.003269 0.831592 0.320424 200.000000 200.000000 200.000000
v -0.054196 0.068928 0.281408 200.000000 200.000000 200.000000
v 0.268241 0.513839 0.455422 200.000000 200.000000 200.000000
v -0.040235 0.351290 0.085114 200.000000 200.000000 200.000000
v -0.041259 0.405051 0.268032 200.000000 200.000000 200.000000
v 0.191210 0.347773 0.387821 200.000000 200.000000 200.000000
v -0.086470 -0.770483 0.069253 200.000000 200.000000 200.000000
v -0.218083 0.556918 -0.437007 200.000000 200.000000 200.000000
v -0.097187 -0.387567 0.373887 200.000000 200.000000 200.000000
v 0.181994 0.658343 0.288049 200.000000 200.000000 200.000000
v -0.118553 -0.065623 0.103161 200.000000 200.000000 200.000000
v 0.100880 0.674143 0.326551 200.000000 200.000000 200.000000
v 0.026136 -0.409061 0.141019 200.000000 200.000000 200.000000
v 0.042817 -0.787079 0.223969 200.000000 200.000000 200.000000
v 0.256361 0.465285 0.428638 200.000000 200.000000 200.000000
v 0.142957 -0.998058 0.213753 200.000000 200.000000 200.000000
v 0.087606 -0.999371 0.336132 200.000000 200.000000 200.000000
v 0.176483 -0.972287 0.198476 200.000000 200.000000 200.000000
v 0.315156 0.467434 0.532824 200.000000 200.000000 200.000000
v -0.083667 0.029470 0.197463 200.000000 200.000000 200.000000
v -0.039538 0.514653 -0.159784 200.000000 200.000000 200.000000
v 0.048730 -0.999261 0.326841 200.000000 200.000000 200.000000
v 0.115944 0.812991 0.170909 200.000000 200.000000 200.000000
v 0.194372 0.202991 0.525475 200.000000 200.000000 200.000000
v 0.142919 0.157392 0.353633 200.000000 200.000000 200.000000
v -0.071017 -0.224214 0.359729 200.000000 200.000000 200.000000
v 0.037545 0.257904 0.358466 200.000000 200.000000 200.000000
v 0.251541 0.258488 0.503395 200.000000 200.000000 200.000000
v 0.012189 -0.807863 0.230501 200.000000 200.000000 200.000000
v 0.146509 -0.082654 0.065485 200.000000 200.000000 200.000000
v -0.062256 0.142643 0.242386 200.000000 200.000000 200.000000
v 0.017914 -0.135511 0.425326 200.000000 200.000000 200.000000
v 0.036602 0.654314 0.170991 200.000000 200.000000 200.000000
v 0.123219 0.797417 0.188275 200.000000 200.000000 200.000000
v 0.075548 -0.759534 0.370015 200.000000 200.000000 200.000000
v -0.084483 -0.224920 0.293107 200.000000 200.000000 200.000000
v 0.149966 0.889212 0.332178 200.000000 200.000000 200.000000
v 0.103726 -0.537138 0.253762 200.000000 200.000000 200.000000
v 0.269709 0.517850 0.480023 200.000000 200.000000 200.000000
v 0.012590 -0.082099 0.394254 200.000000 200.000000 200.000000
v 0.105353 0.207626 0.024643 200.000000 200.000000 200.000000
v 0.000240 -0.638771 0.230395 200.000000 200.000000 200.000000
v 0.243248 0.422338 0.255112 200.000000 200.000000 200.000000
v 0.063890 -0.967242 0.206947 200.000000 200.000000 200.000000
v -0.080133 -0.787569 0.122837 200.000000 200.000000 200.000000
v 0.183770 0.497106 0.502135 200.000000 200.000000 200.000000
v 0.037236 0.332986 0.014309 200.000000 200.000000 200.000000
v 0.034535 0.908924 0.356890 200.000000 200.000000 200.000000
v 0.147102 -0.778056 0.316910 200.000000 200.000000 200.000000
v 0.349428 0.306561 0.554414 200.000000 200.000000 200.000000
v -0.086046 -0.648500 0.151509 200.000000 200.000000 200.000000
v -0.226559 0.551952 -0.368579 200.000000 200.000000 200.000000
v -0.055114 0.916642 0.200911 200.000000 200.000000 200.000000
v -0.007895 -0.569766 0.259367 200.000000 200.000000 200.000000
v 0.120309 -0.997248 0.099973 200.000000 200.000000 200.000000
v 0.165759 -0.086875 0.150269 200.000000 200.000000 200.000000
v 0.310877 0.470582 0.488870 200.000000 200.000000 200.000000
v -0.080354 0.020857 0.170728 200.000000 200.000000 200.000000
v -0.131715 -0.747794 0.085763 200.000000 200.000000 200.000000
v 0.062836 -0.844289 0.060736 200.000000 200.000000 200.000000
v 0.025132 -0.757801 0.013997 200.000000 200.000000 200.000000
v 0.095855 -0.122179 0.400766 200.000000 200.000000 200.000000
v 0.172826 -0.178019 0.286742 200.000000 200.000000 200.000000
v -0.156126 -0.586563 0.094371 200.000000 200.000000 200.000000
v -0.189051 0.572425 -0.340433 200.000000 200.000000 200.000000
v 0.057782 -0.550891 0.237894 200.000000 200.000000 200.000000
v -0.014868 -0.073642 0.394291 200.000000 200.000000 200.000000
v -0.063720 0.343828 0.217679 200.000000 200.000000 200.000000
v 0.019793 0.096891 0.345830 200.000000 200.000000 200.000000
v -0.190092 0.515009 -0.409673 200.000000 200.000000 200.000000
v 0.168086 0.236843 0.383312 200.000000 200.000000 200.000000
v 0.063236 -0.348069 0.018877 200.000000 200.000000 200.000000
v 0.047520 0.791566 0.325581 200.000000 200.000000 200.000000
v 0.059446 -0.048159 0.405089 200.000000 200.000000 200.000000
v 0.122888 0.642833 0.071229 200.000000 200.000000 200.000000
v 0.048561 -0.580441 0.086212 200.000000 200.000000 200.000000
v -0.004796 -0.285523 0.432365 200.000000 200.000000 200.000000
v 0.073346 -0.332572 0.406826 200.000000 200.000000 200.000000
v 0.192982 0.036668 0.109450 200.000000 200.000000 200.000000
v -0.062486 -0.623616 0.324059 200.000000 200.000000 200.000000
v 0.014107 -0.829415 0.172418 200.000000 200.000000 200.000000
v -0.108748 0.497527 -0.223879 200.000000 200.000000 200.000000
v 0.077714 0.059123 0.002035 200.000000 200.000000 200.000000
v 0.307398 0.455798 0.475890 200.000000 200.000000 200.000000
v 0.187752 -0.013184 0.107427 200.000000 200.000000 200.000000
v -0.042084 -0.546440 0.149972 200.000000 200.000000 200.000000
v 0.081500 0.938446 0.354482 200.000000 200.000000 200.000000
v -0.064385 -0.792777 0.057920 200.000000 200.000000 200.000000
v 0.065184 -0.013113 0.391839 200.000000 200.000000 200.000000
v -0.305608 0.466182 -0.607601 200.000000 200.000000 200.000000
v -0.084617 -0.528225 0.355988 200.000000 200.000000 200.000000
v -0.050183 -0.887688 0.057717 200.000000 200.000000 200.000000
v -0.331451 0.500425 -0.592667 200.000000 200.000000 200.000000
v -0.004623 0.196123 0.029832 200.000000 200.000000 200.000000
v -0.037438 -0.350509 0.265165 200.000000 200.000000 200.000000
v -0.132498 0.493230 -0.231617 200.000000 200.000000 200.000000
v 0.120774 -0.181379 0.081425 200.000000 200.000000 200.000000
v -0.102983 -0.110857 0.025259 200.000000 200.000000 200.000000
v -0.003390 -0.999155 0.022925 200.000000 200.000000 200.000000
v -0.074002 0.108834 0.149427 200.000000 200.000000 200.000000
v 0.062205 -0.367526 0.079421 200.000000 200.000000 200.000000
v 0.031973 -0.014273 0.379888 200.000000 200.000000 200.000000
v 0.138746 0.378533 0.055290 200.000000 200.000000 200.000000
v -0.003330 -0.973195 0.043129 200.000000 200.000000 200.000000
v 0.186172 0.404615 0.493732 200.000000 200.000000 200.000000
v -0.000440 0.622685 -0.041094 200.000000 200.000000 200.000000
v -0.151229 -0.263070 0.127958 200.000000 200.000000 200.000000
v -0.075257 -0.431933 0.167434 200.000000 200.000000 200.000000
v -0.036375 -0.272684 0.238819 200.000000 200.000000 200.000000
v 0.233975 0.319707 0.212505 200.000000 200.000000 200.000000
v -0.306382 0.480695 -0.600836 200.000000 200.000000 200.000000
v -0.084215 -0.261326 0.337257 200.000000 200.000000 200.000000
v 0.115946 0.321182 0.387080 200.000000 200.000000 200.000000
v 0.025306 -0.234711 0.210109 200.000000 200.000000 200.000000
v 0.194675 0.123820 0.317693 200.000000 200.000000 200.000000
v 0.164482 -0.050455 0.340785 200.000000 200.000000 200.000000
v 0.047047 -0.588876 0.065788 200.000000 200.000000 200.000000
v -0.187493 0.568797 -0.306557 200.000000 200.000000 200.000000
v -0.068796 -0.502401 0.327127 200.000000 200.000000 200.000000
v 0.232472 0.546383 0.228171 200.000000 200.000000 200.000000
v -0.089858 0.504346 -0.158462 200.000000 200.000000 200.000000
v 0.051797 -0.563228 0.416886 200.000000 200.000000 200.000000
v 0.025199 0.905005 0.129217 200.000000 200.000000 200.000000
v 0.028302 0.608495 0.263031 200.000000 200.000000 200.000000
v -0.069645 -0.601438 0.331887 200.000000 200.000000 200.000000
v 0.090558 0.703868 0.160298 200.000000 200.000000 200.000000
v -0.067947 -0.932718 0.090491 200.000000 200.000000 200.000000
v 0.003439 -0.732510 0.253789 200.000000 200.000000 200.000000
v 0.115716 -0.500227 0.272805 200.000000 200.000000 200.000000
v -0.050463 0.798386 0.209415 200.000000 200.000000 200.000000
v 0.006183 0.619418 0.258977 200.000000 200.000000 200.000000
v 0.082785 -0.786093 0.133972 200.000000 200.000000 200.000000
v 0.104676 -0.621496 0.340214 200.000000 200.000000 200.000000
v 0.233109 0.547660 0.231257 200.000000 200.000000 200.000000
v -0.014245 -0.096688 0.406066 200.000000 200.000000 200.000000
v 0.092038 0.345381 0.045125 200.000000 200.000000 200.000000
v 0.114095 0.384544 0.397773 200.000000 200.000000 200.000000
v 0.313114 0.258047 0.577004 200.000000 200.000000 200.000000
v -0.052808 0.406891 0.144996 200.000000 200.000000 200.000000
v -0.113956 -0.497911 0.011324 200.000000 200.000000 200.000000
v 0.230269 0.115935 0.264786 200.000000 200.000000 200.000000
v -0.031133 0.256839 0.314932 200.000000 200.000000 200.000000
v 0.042468 -0.522548 0.241653 200.000000 200.000000 200.000000
v -0.049867 0.737422 0.179598 200.000000 200.000000 200.000000
v -0.004427 -0.536384 0.141592 200.000000 200.000000 200.000000
v -0.026421 0.283757 0.324919 200.000000 200.000000 200.000000
v -0.018080 0.063475 0.011612 200.000000 200.000000 200.000000
v 0.228807 0.480929 0.197145 200.000000 200.000000 200.000000
v 0.228176 0.295217 0.259510 200.000000 200.000000 200.000000
v 0.079330 0.407276 0.031517 200.000000 200.000000 200.000000
v 0.225233 0.299014 0.330947 200.000000 200.000000 200.000000
v 0.244369 0.553697 0.367930 200.000000 200.000000 200.000000
v 0.006204 0.017705 0.001315 200.000000 200.000000 200.000000
v 0.056523 -0.403707 0.402702 200.000000 200.000000 200.000000
v 0.071266 0.643685 0.020196 200.000000 200.000000 200.000000
v 0.175162 0.629884 0.406433 200.000000 200.000000 200.000000
v 0.171085 0.639005 0.136560 200.000000 200.000000 200.000000
v -0.094000 -0.077289 0.029623 200.000000 200.000000 200.000000
v 0.243630 0.450813 0.423401 200.000000 200.000000 200.000000
v 0.065595 0.593599 0.339696 200.000000 200.000000 200.000000
v -0.053151 0.260149 0.249637 200.000000 200.000000 200.000000
v -0.056834 -0.601959 0.295140 200.000000 200.000000 200.000000
v -0.002409 0.751343 0.285130 200.000000 200.000000 200.000000
v 0.174780 -0.204917 0.255472 200.000000 200.000000 200.000000
v 0.164634 0.664508 0.311513 200.000000 200.000000 200.000000
v 0.189630 0.583225 0.114671 200.000000 200.000000 200.000000
v 0.122840 -0.157357 0.067484 200.000000 200.000000 200.000000
v -0.222668 0.549159 -0.355198 200.000000 200.000000 200.000000
v 0.141037 0.242156 0.076375 200.000000 200.000000 200.000000
v 0.087773 -0.483834 0.231795 200.000000 200.000000 200.000000
v 0.003674 0.165050 0.021916 200.000000 200.000000 200.000000
v -0.145905 0.549879 -0.203696 200.000000 200.000000 200.000000
v -0.107376 -0.675214 0.135416 200.000000 200.000000 200.000000
v 0.138383 -0.227864 0.350350 200.000000 200.000000 200.000000
v 0.176295 -0.998936 0.236287 200.000000 200.000000 200.000000
v 0.073788 0.789528 0.333892 200.000000 200.000000 200.000000
v 0.020531 -0.948346 0.247018 200.000000 200.000000 200.000000
v 0.052226 -0.531673 0.098799 200.000000 200.000000 200.000000
v 0.177709 0.436175 0.513350 200.000000 200.000000 200.000000
v -0.017865 0.601007 -0.102560 200.000000 200.000000 200.000000
v 0.022204 0.590503 0.307784 200.000000 200.000000 200.000000
v -0.154091 -0.286847 0.030194 200.000000 200.000000 200.000000
v -0.004997 0.723723 0.162620 200.000000 200.000000 200.000000
v -0.041076 0.366035 0.279750 200.000000 200.000000 200.000000
v 0.170839 0.174157 0.333078 200.000000 200.000000 200.000000
v 0.007405 0.597999 0.167035 200.000000 200.000000 200.000000
v 0.144535 0.929223 0.313433 200.000000 200.000000 200.000000
v -0.098582 -0.298155 0.171411 200.000000 200.000000 200.000000
v 0.188676 0.300413 0.387210 200.000000 200.000000 200.000000
v 0.233757 0.401908 0.207100 200.000000 200.000000 200.000000
v 0.213299 0.433023 0.137531 200.000000 200.000000 200.000000
v 0.010994 0.344758 0.360969 200.000000 200.000000 200.000000
v 0.114404 0.954289 0.325561 200.000000 200.000000 200.000000
v 0.010656 0.535209 -0.109355 200.000000 200.000000 200.000000
v 0.111643 0.270786 0.368371 200.000000 200.000000 200.000000
v 0.001258 -0.203217 0.430767 200.000000 200.000000 200.000000
v -0.092495 -0.438931 -0.001233 200.000000 200.000000 200.000000
v 0.065533 -0.578376 0.256240 200.000000 200.000000 200.000000
v 0.108333 0.160439 0.020682 200.000000 200.000000 200.000000
v 0.010484 -0.283286 0.231732 200.000000 200.000000 200.000000
v -0.044631 0.463552 0.217155 200.000000 200.000000 200.000000
v 0.024449 -0.283123 0.178349 200.000000 200.000000 200.000000
v -0.070329 0.925057 0.195137 200.000000 200.000000 200.000000
v 0.115413 -0.199526 0.097439 200.000000 200.000000 200.000000
v -0.081570 0.054193 0.158270 200.000000 200.000000 200.000000
v 0.033824 -0.400827 0.136406 200.000000 200.000000 200.000000
v 0.000814 -0.206930 0.430853 200.000000 200.000000 200.000000
v 0.328337 0.368196 0.535842 200.000000 200.000000 200.000000
v 0.227479 0.256769 0.220422 200.000000 200.000000 200.000000
v -0.087031 -0.492636 0.360329 200.000000 200.000000 200.000000
v 0.073289 -0.367346 0.402111 200.000000 200.000000 200.000000
v 0.217738 0.268479 0.176408 200.000000 200.000000 200.000000
v -0.032260 -0.773357 0.317782 200.000000 200.000000 200.000000
v 0.201304 0.436511 0.112603 200.000000 200.000000 200.000000
v 0.010369 0.393557 0.018566 200.000000 200.000000 200.000000
v 0.195093 0.648886 0.311539 200.000000 200.000000 200.000000
v 0.266149 0.284277 0.515781 200.000000 200.000000 200.000000
v 0.117229 0.069926 0.018658 200.000000 200.000000 200.000000
v -0.084631 -0.335665 0.371313 200.000000 200.000000 200.000000
v -0.010441 -0.250727 0.002951 200.000000 200.000000 200.000000
v 0.081124 -0.700678 0.371836 200.000000 200.000000 200.000000
v 0.161167 0.113557 0.066660 200.000000 200.000000 200.000000
v 0.122574 0.657394 0.335037 200.000000 200.000000 200.000000
v -0.050339 -0.382189 -0.003975 200.000000 200.000000 200.000000
v 0.142929 -0.984913 0.141989 200.000000 200.000000 200.000000
v 0.042404 -0.215931 0.423248 200.000000 200.000000 200.000000
v 0.212119 0.630957 0.308283 200.000000 200.000000 200.000000
v 0.099123 0.121826 0.431388 200.000000 200.000000 200.000000
v -0.156413 -0.613785 0.078879 200.000000 200.000000 200.000000
v 0.112013 -0.199324 0.144491 200.000000 200.000000 200.000000
v -0.072269 0.100866 0.126810 200.000000 200.000000 200.000000
v 0.092104 0.287239 0.374981 200.000000 200.000000 200.000000
v 0.096499 0.588371 0.379481 200.000000 200.000000 200.000000
v 0.095416 -0.307876 0.369173 200.000000 200.000000 200.000000
v 0.181368 -0.054573 0.144119 200.000000 200.000000 200.000000
v -0.326559 0.509410 -0.513941 200.000000 200.000000 200.000000
v 0.092590 0.707170 0.296096 200.000000 200.000000 200.000000
v -0.071456 -0.555183 0.402758 200.000000 200.000000 200.000000
v 0.094939 0.083199 0.012426 200.000000 200.000000 200.000000
v 0.104951 0.678153 0.129074 200.000000 200.000000 200.000000
v -0.096654 0.520840 -0.265830 200.000000 200.000000 200.000000
v 0.126465 -0.413733 0.306322 200.000000 200.000000 200.000000
v 0.103850 0.099056 0.400978 200.000000 200.000000 200.000000
v 0.039255 -0.163387 0.418725 200.000000 200.000000 200.000000
v -0.105857 -0.524231 0.006394 200.000000 200.000000 200.000000
v 0.217018 0.188332 0.221856 200.000000 200.000000 200.000000
v 0.056173 -0.885683 0.175075 200.000000 200.000000 200.000000
v -0.099938 -0.610915 0.144431 200.000000 200.000000 200.000000
v -0.163337 -0.280346 0.107801 200.000000 200.000000 200.000000
v -0.020770 0.945182 0.296700 200.000000 200.000000 200.000000
v 0.172414 0.056726 0.063940 200.000000 200.000000 200.000000
v 0.158163 0.680004 0.188899 200.000000 200.000000 200.000000
v 0.251555 0.411836 0.378530 200.000000 200.000000 200.000000
v 0.021208 -0.231273 0.210030 200.000000 200.000000 200.000000
v -0.080149 -0.424133 0.413297 200.000000 200.000000 200.000000
v -0.086636 -0.282025 0.347552 200.000000 200.000000 200.000000
v -0.034891 -0.362625 0.437061 200.000000 200.000000 200.000000
v 0.296899 0.281755 0.518875 200.000000 200.000000 200.000000
v 0.179484 -0.180632 0.266850 200.000000 200.000000 200.000000
v 0.062541 0.527339 0.374153 200.000000 200.000000 200.000000
v -0.188026 0.519811 -0.411746 200.000000 200.000000 200.000000
v 0.219176 0.453182 0.160197 200.000000 200.000000 200.000000
v -0.038418 -0.161359 0.412551 200.000000 200.000000 200.000000
v -0.082452 -0.232119 0.173100 200.000000 200.000000 200.000000
v 0.185824 -0.993290 0.202797 200.000000 200.000000 200.000000
v -0.143302 -0.280325 0.126518 200.000000 200.000000 200.000000
v -0.084393 -0.047041 0.031362 200.000000 200.000000 200.000000
v 0.095836 0.384013 0.394004 200.000000 200.000000 200.000000
v 0.237522 0.404303 0.311679 200.000000 200.000000 200.000000
v -0.115172 -0.816922 0.082673 200.000000 200.000000 200.000000
v -0.099077 -0.822294 0.117989 200.000000 200.000000 200.000000
v -0.364871 0.498658 -0.607199 200.000000 200.000000 200.000000
v 0.015564 0.097292 0.328208 200.000000 200.000000 200.000000
v -0.009724 -0.724110 0.266886 200.000000 200.000000 200.000000
v 0.086179 -0.950018 0.166560 200.000000 200.000000 200.000000
v 0.053489 0.476725 -0.000080 200.000000 200.000000 200.000000
v 0.133743 0.097282 0.434594 200.000000 200.000000 200.000000
v 0.008980 -0.875489 0.181909 200.000000 200.000000 200.000000
v -0.032003 0.495899 -0.053132 200.000000 200.000000 200.000000
v 0.100120 -0.969608 0.165442 200.000000 200.000000 200.000000
v -0.062070 0.910471 0.195958 200.000000 200.000000 200.000000
v 0.073745 -0.326591 0.114414 200.000000 200.000000 200.000000
v 0.226327 0.102795 0.258661 200.000000 200.000000 200.000000
v 0.047054 0.421905 0.389952 200.000000 200.000000 200.000000
v -0.033873 0.043989 0.018430 200.000000 200.000000 200.000000
v 0.105440 0.712903 0.193205 200.000000 200.000000 200.000000
v 0.066039 0.610073 0.337269 200.000000 200.000000 200.000000
v 0.132383 -0.710637 0.301632 200.000000 200.000000 200.000000
v -0.022159 -0.321262 0.183694 200.000000 200.000000 200.000000
v 0.064245 0.615752 0.342488 200.000000 200.000000 200.000000
v -0.021713 0.708944 0.171811 200.000000 200.000000 200.000000
v 0.273219 0.412941 0.575854 200.000000 200.000000 200.000000
v 0.025275 0.474718 0.363524 200.000000 200.000000 200.000000
v 0.106778 -0.481898 0.325628 200.000000 200.000000 200.000000
v 0.120084 -0.674341 0.266282 200.000000 200.000000 200.000000
v 0.114867 -0.844443 0.211623 200.000000 200.000000 200.000000
v 0.051297 0.905567 0.369628 200.000000 200.000000 200.000000
v 0.313029 0.283633 0.525750 200.000000 200.000000 200.000000
v 0.079557 0.206197 0.359347 200.000000 200.000000 200.000000
v 0.049134 -0.521874 0.241217 200.000000 200.000000 200.000000
v -0.081689 -0.817392 0.077416 200.000000 200.000000 200.000000
v 0.092292 -0.537158 0.243227 200.000000 200.000000 200.000000
v 0.028531 0.022210 0.370181 200.000000 200.000000 200.000000
v 0.233029 0.142294 0.277182 200.000000 200.000000 200.000000
v -0.030141 -0.558955 0.163348 200.000000 200.000000 200.000000
v -0.005492 -0.514600 0.422937 200.000000 200.000000 200.000000
v -0.159903 -0.267259 0.114746 200.000000 200.000000 200.000000
v 0.080501 -0.344518 0.393539 200.000000 200.000000 200.000000
v 0.020446 0.153882 0.322788 200.000000 200.000000 200.000000
v 0.093219 -0.696921 0.236060 200.000000 200.000000 200.000000
v 0.061921 -0.950584 0.057734 200.000000 200.000000 200.000000
v 0.007807 -0.699850 0.413706 200.000000 200.000000 200.000000
v -0.107118 -0.157387 0.193620 200.000000 200.000000 200.000000
v 0.137050 -0.734711 0.288020 200.000000 200.000000 200.000000
v -0.113453 -0.297623 0.007395 200.000000 200.000000 200.000000
v 0.294104 0.280410 0.599555 200.000000 200.000000 200.000000
v -0.029742 0.208292 0.281674 200.000000 200.000000 200.000000
v 0.140521 0.949475 0.278535 200.000000 200.000000 200.000000
v -0.115298 -0.307987 0.007859 200.000000 200.000000 200.000000
v -0.134735 -0.352070 0.021775 200.000000 200.000000 200.000000
v 0.116227 -0.241580 0.374247 200.000000 200.000000 200.000000
v 0.200013 -0.084845 0.278531 200.000000 200.000000 200.000000
v -0.047266 -0.264691 0.245968 200.000000 200.000000 200.000000
v 0.068207 0.426523 0.400166 200.000000 200.000000 200.000000
v 0.025971 0.592242 0.309264 200.000000 200.000000 200.000000
v -0.286488 0.538180 -0.564787 200.000000 200.000000 200.000000
v 0.152803 0.629054 0.422766 200.000000 200.000000 200.000000
v 0.005472 -0.904380 0.353304 200.000000 200.000000 200.000000
v 0.008767 0.689486 0.216091 200.000000 200.000000 200.000000
v -0.057231 0.015040 0.265510 200.000000 200.000000 200.000000
v 0.186007 0.407012 0.515808 200.000000 200.000000 200.000000
v 0.078488 -0.998866 0.310294 200.000000 200.000000 200.000000
v 0.216774 -0.038218 0.261491 200.000000 200.000000 200.000000
v -0.017813 -0.147710 0.419936 200.000000 200.000000 200.000000
v 0.205078 0.626657 0.261300 200.000000 200.000000 200.000000
v 0.217289 0.403394 0.148975 200.000000 200.000000 200.000000
v -0.013879 -0.276612 0.000183 200.000000 200.000000 200.000000
v 0.043342 -0.138392 -0.002599 200.000000 200.000000 200.000000
v 0.077781 -0.314891 0.114886 200.000000 200.000000 200.000000
v -0.273562 0.527579 -0.570637 200.000000 200.000000 200.000000
v -0.052996 0.597102 -0.050019 200.000000 200.000000 200.000000
v 0.039475 -0.999077 0.321117 200.000000 200.000000 200.000000
v -0.088202 -0.502436 0.155487 200.000000 200.000000 200.000000
v 0.159543 -0.212476 0.301528 200.000000 200.000000 200.000000
v -0.073784 -0.556809 0.399647 200.000000 200.000000 200.000000
v 0.128457 0.398433 0.046614 200.000000 200.000000 200.000000
v -0.068527 0.054478 0.252690 200.000000 200.000000 200.000000
v 0.233458 0.459708 0.349174 200.000000 200.000000 200.000000
v -0.077462 -0.388810 0.332743 200.000000 200.000000 200.000000
v 0.280413 0.263960 0.587612 200.000000 200.000000 200.000000
v -0.028441 -0.982683 0.027711 200.000000 200.000000 200.000000
v -0.080702 -0.193993 0.240956 200.000000 200.000000 200.000000
v -0.185465 0.567131 -0.378386 200.000000 200.000000 200.000000
v 0.364578 0.333577 0.564121 200.000000 200.000000 200.000000
v 0.017057 -0.501261 0.047180 200.000000 200.000000 200.000000
v 0.005925 -0.576884 0.422250 200.000000 200.000000 200.000000
v -0.065113 -0.983602 0.095072 200.000000 200.000000 200.000000
v 0.383573 0.347500 0.618180 200.000000 200.000000 200.000000
v 0.069659 0.669077 0.102589 200.000000 200.000000 200.000000
v -0.036803 0.564404 -0.158897 200.000000 200.000000 200.000000
v -0.029264 0.720836 0.244631 200.000000 200.000000 200.000000
v -0.062848 0.580989 -0.043551 200.000000 200.000000 200.000000
v 0.009818 -0.878082 0.358856 200.000000 200.000000 200.000000
v 0.208238 0.250640 0.382091 200.000000 200.000000 200.000000
v -0.069258 -0.488559 0.162683 200.000000 200.000000 200.000000
v 0.214191 0.206144 0.191050 200.000000 200.000000 200.000000
v -0.101441 -0.690286 0.136224 200.000000 200.000000 200.000000
v 0.139203 -0.201174 0.203322 200.000000 200.000000 200.000000
v 0.167289 0.497611 0.486402 200.000000 200.000000 200.000000
v 0.128384 -0.674174 0.334113 200.000000 200.000000 200.000000
v 0.037384 -0.066086 -0.005923 200.000000 200.000000 200.000000
v 0.203228 -0.029657 0.289754 200.000000 200.000000 200.000000
v 0.127931 0.132112 0.364293 200.000000 200.000000 200.000000
v -0.081070 -0.061568 0.027146 200.000000 200.000000 200.000000
v -0.095895 -0.786233 0.079730 200.000000 200.000000 200.000000
v 0.092146 -0.595254 0.284404 200.000000 200.000000 200.000000
v 0.111015 0.638401 0.347378 200.000000 200.000000 200.000000
v 0.152866 -0.823671 0.258498 200.000000 200.000000 200.000000
v 0.122149 0.136521 0.024722 200.000000 200.000000 200.000000
v 0.147561 0.894499 0.333941 200.000000 200.000000 200.000000
v 0.227968 0.142650 0.276368 200.000000 200.000000 200.000000
v -0.000267 0.640078 0.070266 200.000000 200.000000 200.000000
v 0.221453 0.404894 0.467567 200.000000 200.000000 200.000000
v -0.147255 -0.310840 0.026170 200.000000 200.000000 200.000000
v 0.076154 0.385931 0.036469 200.000000 200.000000 200.000000
v -0.027352 -0.265683 -0.001940 200.000000 200.000000 200.000000
v 0.109438 -0.163152 0.178688 200.000000 200.000000 200.000000
v -0.013550 -0.260999 0.226626 200.000000 200.000000 200.000000
v 0.090166 -0.227063 0.191336 200.000000 200.000000 200.000000
v -0.053607 -0.689746 0.379517 200.000000 200.000000 200.000000
v -0.064295 -0.998941 0.058380 200.000000 200.000000 200.000000
v 0.172264 0.068856 0.346153 200.000000 200.000000 200.000000
v 0.364634 0.374736 0.621612 200.000000 200.000000 200.000000
v 0.200427 0.234080 0.498903 200.000000 200.000000 200.000000
v 0.180947 0.016724 0.076696 200.000000 200.000000 200.000000
v -0.052475 -0.389103 0.432083 200.000000 200.000000 200.000000
v 0.048129 -0.577201 0.109951 200.000000 200.000000 200.000000
v -0.080694 -0.792014 0.122484 200.000000 200.000000 200.000000
v 0.056339 -0.499513 0.375255 200.000000 200.000000 200.000000
v -0.062520 -0.307180 -0.016569 200.000000 200.000000 200.000000
v -0.136333 -0.668591 0.106285 200.000000 200.000000 200.000000
v -0.013554 -0.015622 0.337525 200.000000 200.000000 200.000000
v 0.080323 -0.987723 0.160392 200.000000 200.000000 200.000000
v -0.045321 -0.748529 0.297142 200.000000 200.000000 200.000000
v 0.000810 -0.693235 0.011401 200.000000 200.000000 200.000000
v -0.080267 -0.768466 0.056760 200.000000 200.000000 200.000000
v 0.232103 0.359040 0.345281 200.000000 200.000000 200.000000
v 0.181592 0.421555 0.457774 200.000000 200.000000 200.000000
v -0.002932 0.359728 0.353902 200.000000 200.000000 200.000000
v 0.037933 -0.775124 0.374479 200.000000 200.000000 200.000000
v 0.247328 0.029163 0.308897 200.000000 200.000000 200.000000
v 0.029256 0.952935 0.326166 200.000000 200.000000 200.000000
v -0.202256 0.517954 -0.431495 200.000000 200.000000 200.000000
v 0.095297 -0.564204 0.356231 200.000000 200.000000 200.000000
v 0.049847 0.076523 0.379399 200.000000 200.000000 200.000000
v 0.120663 -0.407784 0.232312 200.000000 200.000000 200.000000
v 0.168534 0.423125 0.482547 200.000000 200.000000 200.000000
v -0.036124 -0.832483 0.156830 200.000000 200.000000 200.000000
v 0.034416 -0.291530 0.173342 200.000000 200.000000 200.000000
v 0.128529 0.050833 0.023987 200.000000 200.000000 200.000000
v -0.000609 0.482772 -0.038494 200.000000 200.000000 200.000000
v -0.071336 -0.673235 0.158202 200.000000 200.000000 200.000000
v 0.113297 -0.895375 0.128074 200.000000 200.000000 200.000000
v 0.045922 -0.746085 0.152033 200.000000 200.000000 200.000000
v 0.141037 -0.127257 0.160478 200.000000 200.000000 200.000000
v 0.222269 -0.007277 0.173894 200.000000 200.000000 200.000000
v -0.069841 -0.273732 0.262889 200.000000 200.000000 200.000000
v 0.026632 0.055784 0.342261 200.000000 200.000000 200.000000
v -0.129566 0.520857 -0.319094 200.000000 200.000000 200.000000
v 0.198565 0.634084 0.370598 200.000000 200.000000 200.000000
v 0.113362 0.394038 0.402941 200.000000 200.000000 200.000000
v 0.235684 0.206634 0.540779 200.000000 200.000000 200.000000
v -0.033285 0.702415 0.202652 200.000000 200.000000 200.000000
v 0.040333 -0.884578 0.202615 200.000000 200.000000 200.000000
v 0.011247 0.642743 0.223119 200.000000 200.000000 200.000000
v 0.072503 -0.702399 0.222854 200.000000 200.000000 200.000000
v 0.153825 0.129028 0.475703 200.000000 200.000000 200.000000
v 0.030128 -0.452051 0.241635 200.000000 200.000000 200.000000
v 0.014397 0.645676 0.097926 200.000000 200.000000 200.000000
v -0.009387 0.722417 0.259191 200.000000 200.000000 200.000000
v -0.074240 0.536762 -0.081083 200.000000 200.000000 200.000000
v 0.067766 -0.099608 0.000991 200.000000 200.000000 200.000000
v -0.075051 -0.741516 0.043400 200.000000 200.000000 200.000000
v 0.099205 -0.250231 0.193918 200.000000 200.000000 200.000000
v -0.030868 -0.503528 0.145990 200.000000 200.000000 200.000000
v 0.177403 0.006002 0.335368 200.000000 200.000000 200.000000
v 0.213938 0.210297 0.301814 200.000000 200.000000 200.000000
v -0.244009 0.561686 -0.428348 200.000000 200.000000 200.000000
v 0.174533 -0.182306 0.232669 200.000000 200.000000 200.000000
v -0.064833 -0.478679 0.312377 200.000000 200.000000 200.000000
v 0.130807 -0.033212 0.372845 200.000000 200.000000 200.000000
v 0.222505 0.189034 0.526181 200.000000 200.000000 200.000000
v 0.059084 0.551182 0.368886 200.000000 200.000000 200.000000
v 0.088417 -0.203893 0.028996 200.000000 200.000000 200.000000
v 0.042650 -0.124155 -0.003429 200.000000 200.000000 200.000000
v 0.232549 0.340143 0.196252 200.000000 200.000000 200.000000
v 0.331645 0.269515 0.556362 200.000000 200.000000 200.000000
v 0.127028 0.366863 0.400795 200.000000 200.000000 200.000000
v 0.099046 -0.369603 0.213873 200.000000 200.000000 200.000000
v 0.017248 -0.199844 -0.000583 200.000000 200.000000 200.000000
v -0.025655 -0.521213 0.027776 200.000000 200.000000 200.000000
v 0.208449 0.249744 0.284104 200.000000 200.000000 200.000000
v 0.130792 -0.944904 0.132385 200.000000 200.000000 200.000000
v 0.231962 0.440491 0.544651 200.000000 200.000000 200.000000
v -0.041736 -0.422167 0.288933 200.000000 200.000000 200.000000
v 0.103819 0.545589 0.424976 200.000000 200.000000 200.000000
v 0.044673 0.852282 0.352837 200.000000 200.000000 200.000000
v -0.013133 -0.507925 0.133169 200.000000 200.000000 200.000000
v -0.004448 0.265242 0.337348 200.000000 200.000000 200.000000
v 0.087723 -0.777566 0.220915 200.000000 200.000000 200.000000
v -0.148460 -0.609649 0.061022 200.000000 200.000000 200.000000
v -0.013979 0.709119 0.238631 200.000000 200.000000 200.000000
v 0.052251 -0.485704 0.070777 200.000000 200.000000 200.000000
v -0.212992 0.526620 -0.323517 200.000000 200.000000 200.000000
v -0.017897 0.485172 0.284583 200.000000 200.000000 200.000000
v 0.046874 0.749481 0.304604 200.000000 200.000000 200.000000
v -0.050700 -0.158100 0.392316 200.000000 200.000000 200.000000
v -0.046375 -0.589202 0.181811 200.000000 200.000000 200.000000
v 0.069627 -0.016792 -0.001202 200.000000 200.000000 200.000000
v -0.043700 0.743317 0.247575 200.000000 200.000000 200.000000
v 0.041243 0.622526 0.324607 200.000000 200.000000 200.000000
v 0.028771 0.975660 0.185449 200.000000 200.000000 200.000000
v 0.274049 0.442947 0.448968 200.000000 200.000000 200.000000
v -0.027825 0.433889 0.294829 200.000000 200.000000 200.000000
v -0.043650 0.713316 0.227515 200.000000 200.000000 200.000000
v -0.046073 -0.157575 0.399662 200.000000 200.000000 200.000000
v 0.208235 0.557911 0.163489 200.000000 200.000000 200.000000
v -0.129839 -0.272529 0.147973 200.000000 200.000000 200.000000
v -0.160568 0.550122 -0.374374 200.000000 200.000000 200.000000
v 0.329027 0.391948 0.616158 200.000000 200.000000 200.000000
v -0.314676 0.475425 -0.595409 200.000000 200.000000 200.000000
v -0.032067 0.382154 0.306429 200.000000 200.000000 200.000000
v -0.051393 0.315260 0.248697 200.000000 200.000000 200.000000
v 0.164971 -0.246357 0.267768 200.000000 200.000000 200.000000
v -0.124717 -0.350271 0.014550 200.000000 200.000000 200.000000
v 0.044139 -0.989941 0.046232 200.000000 200.000000 200.000000
v -0.010799 0.852862 0.316793 200.000000 200.000000 200.000000
v -0.005992 0.126316 0.313272 200.000000 200.000000 200.000000
v 0.194287 0.020635 0.318467 200.000000 200.000000 200.000000
v 0.086830 0.975835 0.184166 200.000000 200.000000 200.000000
v 0.097632 -0.383515 0.341750 200.000000 200.000000 200.000000
v 0.119168 -0.633171 0.264324 200.000000 200.000000 200.000000
v 0.008019 -0.101193 -0.009808 200.000000 200.000000 200.000000
v 0.011846 0.253116 0.341920 200.000000 200.000000 200.000000
v -0.020071 0.936954 0.200553 200.000000 200.000000 200.000000
v -0.013567 -0.052784 0.378007 200.000000 200.000000 200.000000
v -0.027332 -0.660608 0.242019 200.000000 200.000000 200.000000
v 0.017198 -0.729062 0.014244 200.000000 200.000000 200.000000
v 0.124682 -0.998670 0.355935 200.000000 200.000000 200.000000
v 0.088707 -0.993533 0.077651 200.000000 200.000000 200.000000
v -0.003697 0.027222 -0.002105 200.000000 200.000000 200.000000
v 0.260089 0.049370 0.249716 200.000000 200.000000 200.000000
v 0.088946 0.884005 0.138896 200.000000 200.000000 200.000000
v 0.056717 -0.878064 0.199625 200.000000 200.000000 200.000000
v 0.170088 0.196126 0.494951 200.000000 200.000000 200.000000
v 0.300376 0.337904 0.615177 200.000000 200.000000 200.000000
v 0.137485 0.792581 0.195289 200.000000 200.000000 200.000000
v 0.044928 -0.200496 -0.000844 200.000000 200.000000 200.000000
v -0.002187 0.025466 -0.002162 200.000000 200.000000 200.000000
v -0.004062 0.463708 0.330954 200.000000 200.000000 200.000000
v 0.138783 0.445391 0.446322 200.000000 200.000000 200.000000
v -0.022594 -0.516979 0.424153 200.000000 200.000000 200.000000
v -0.015655 0.784137 0.154158 200.000000 200.000000 200.000000
v -0.060201 -0.706558 0.352582 200.000000 200.000000 200.000000
v 0.000775 -0.832373 0.373415 200.000000 200.000000 200.000000
v -0.065075 -0.219473 0.240712 200.000000 200.000000 200.000000
v -0.276896 0.556026 -0.497776 200.000000 200.000000 200.000000
v 0.142958 -0.744324 0.289518 200.000000 200.000000 200.000000
v 0.049684 -0.091601 -0.003417 200.000000 200.000000 200.000000
v 0.097045 0.287200 0.041678 200.000000 200.000000 200.000000
v -0.216616 0.550634 -0.340381 200.000000 200.000000 200.000000
v 0.242951 0.209428 0.544009 200.000000 200.000000 200.000000
v 0.231200 0.326815 0.390548 200.000000 200.000000 200.000000
v -0.088748 -0.502811 0.357354 200.000000 200.000000 200.000000
v -0.224318 0.555043 -0.367842 200.000000 200.000000 200.000000
v -0.039111 0.116682 0.294183 200.000000 200.000000 200.000000
v 0.073500 -0.680157 0.225063 200.000000 200.000000 200.000000
v 0.051123 -0.541162 0.100923 200.000000 200.000000 200.000000
v -0.067527 -0.686580 0.016821 200.000000 200.000000 200.000000
v 0.019104 0.987326 0.259435 200.000000 200.000000 200.000000
v 0.251986 0.413772 0.379885 200.000000 200.000000 200.000000
v -0.079642 -0.252777 0.286264 200.000000 200.000000 200.000000
v -0.073260 -0.298300 0.181598 200.000000 200.000000 200.000000
v 0.081109 -0.741461 0.124422 200.000000 200.000000 200.000000
v 0.230351 0.537477 0.211654 200.000000 200.000000 200.000000
v 0.028670 0.988770 0.262019 200.000000 200.000000 200.000000
v 0.067291 0.916857 0.369946 200.000000 200.000000 200.000000
v -0.221539 0.525770 -0.346938 200.000000 200.000000 200.000000
v -0.057845 0.501710 -0.137486 200.000000 200.000000 200.000000
v -0.136526 -0.503033 0.035150 200.000000 200.000000 200.000000
v -0.071721 -0.250752 0.254039 200.000000 200.000000 200.000000
v 0.212571 0.236606 0.265142 200.000000 200.000000 200.000000
v -0.077430 -0.290900 0.299560 200.000000 200.000000 200.000000
v 0.062477 0.956308 0.338371 200.000000 200.000000 200.000000
v 0.119317 -0.339972 0.219360 200.000000 200.000000 200.000000
v 0.272116 0.372007 0.533865 200.000000 200.000000 200.000000
v 0.104570 0.892923 0.142030 200.000000 200.000000 200.000000
v -0.017577 0.291373 0.334758 200.000000 200.000000 200.000000
v -0.018337 0.530400 0.237374 200.000000 200.000000 200.000000
v 0.119694 0.325795 0.388759 200.000000 200.000000 200.000000
v 0.170039 0.215662 0.130582 200.000000 200.000000 200.000000
v -0.052275 0.843821 0.250969 200.000000 200.000000 200.000000
v -0.054017 -0.331834 0.432684 200.000000 200.000000 200.000000
v 0.029821 -0.930168 0.177061 200.000000 200.000000 200.000000
v 0.222848 0.350839 0.308925 200.000000 200.000000 200.000000
v 0.051558 -0.460612 0.039536 200.000000 200.000000 200.000000
v 0.167449 0.426157 0.075765 200.000000 200.000000 200.000000
v -0.022205 0.494897 -0.030880 200.000000 200.000000 200.000000
v 0.075676 -0.988149 0.395188 200.000000 200.000000 200.000000
v -0.207314 0.566341 -0.375036 200.000000 200.000000 200.000000
v 0.026417 -0.738564 0.015597 200.000000 200.000000 200.000000
v 0.244831 0.196585 0.333220 200.000000 200.000000 200.000000
v -0.053615 0.539697 -0.022917 200.000000 200.000000 200.000000
v 0.154756 -0.804769 0.292679 200.000000 200.000000 200.000000
v 0.107674 -0.964089 0.107359 200.000000 200.000000 200.000000
v 0.193668 0.087462 0.317624 200.000000 200.000000 200.000000
v -0.083158 -0.553896 0.363109 200.000000 200.000000 200.000000
v 0.016543 0.721294 0.277662 200.000000 200.000000 200.000000
v 0.247231 0.298633 0.553891 200.000000 200.000000 200.000000
v 0.071357 0.644277 0.339279 200.000000 200.000000 200.000000
v 0.236827 0.239811 0.367088 200.000000 200.000000 200.000000
v -0.075335 -0.621661 0.009206 200.000000 200.000000 200.000000
v -0.001795 -0.228294 -0.000647 200.000000 200.000000 200.000000
v 0.083357 -0.955057 0.196217 200.000000 200.000000 200.000000
v 0.276576 0.505780 0.463631 200.000000 200.000000 200.000000
v 0.120493 -0.966426 0.169949 200.000000 200.000000 200.000000
v 0.051654 -0.454442 0.412027 200.000000 200.000000 200.000000
v 0.158785 0.710253 0.258690 200.000000 200.000000 200.000000
v 0.125492 0.890875 0.158635 200.000000 200.000000 200.000000
v -0.043012 -0.235150 0.232181 200.000000 200.000000 200.000000
v 0.101108 0.764961 0.317893 200.000000 200.000000 200.000000
v 0.130721 -0.967148 0.313305 200.000000 200.000000 200.000000
v 0.166566 -0.855141 0.283759 200.000000 200.000000 200.000000
v -0.330276 0.542690 -0.556010 200.000000 200.000000 200.000000
v -0.066123 -0.531667 0.151264 200.000000 200.000000 200.000000
v -0.104267 -0.078757 0.168409 200.000000 200.000000 200.000000
v 0.049136 -0.990354 0.050365 200.000000 200.000000 200.000000
v 0.206696 0.421577 0.124628 200.000000 200.000000 200.000000
v 0.121610 -0.641701 0.281154 200.000000 200.000000 200.000000
v 0.256005 -0.003528 0.266998 200.000000 200.000000 200.000000
v 0.309915 0.380522 0.607544 200.000000 200.000000 200.000000
v -0.124448 -0.546082 0.135375 200.000000 200.000000 200.000000
v -0.020925 -0.370179 -0.001349 200.000000 200.000000 200.000000
v 0.091929 -0.222162 0.189457 200.000000 200.000000 200.000000
v 0.108997 -0.521685 0.275447 200.000000 200.000000 200.000000
v 0.184701 0.078085 0.087488 200.000000 200.000000 200.000000
v 0.197468 0.586325 0.469591 200.000000 200.000000 200.000000
v 0.055924 0.066521 0.382112 200.000000 200.000000 200.000000
v 0.017640 0.499057 -0.089191 200.000000 200.000000 200.000000
v -0.091358 -0.386507 0.391639 200.000000 200.000000 200.000000
v -0.080944 -0.772620 0.062959 200.000000 200.000000 200.000000
v 0.017756 0.721689 0.168016 200.000000 200.000000 200.000000
v -0.081799 0.065139 0.179566 200.000000 200.000000 200.000000
v -0.034651 0.908490 0.194314 200.000000 200.000000 200.000000
v -0.014451 -0.099125 0.401722 200.000000 200.000000 200.000000
v 0.230310 0.371915 0.345357 200.000000 200.000000 200.000000
v -0.149435 0.552894 -0.219385 200.000000 200.000000 200.000000
v -0.133193 -0.140669 0.053864 200.000000 200.000000 200.000000
v -0.006705 0.490573 0.306347 200.000000 200.000000 200.000000
v -0.098466 -0.294001 0.173566 200.000000 200.000000 200.000000
v -0.170856 -0.278178 0.097516 200.000000 200.000000 200.000000
v 0.057488 -0.187253 0.000736 200.000000 200.000000 200.000000
v -0.124190 -0.130963 0.040362 200.000000 200.000000 200.000000
v 0.237388 0.564450 0.467475 200.000000 200.000000 200.000000
v -0.001124 0.891928 0.335060 200.000000 200.000000 200.000000
v 0.137869 0.520961 0.462559 200.000000 200.000000 200.000000
v 0.139861 0.639948 0.377362 200.000000 200.000000 200.000000
v 0.329918 0.271479 0.579660 200.000000 200.000000 200.000000
v 0.210314 0.130843 0.308753 200.000000 200.000000 200.000000
v -0.065527 -0.607464 0.315962 200.000000 200.000000 200.000000
v -0.116151 -0.561150 0.138464 200.000000 200.000000 200.000000
v -0.057638 0.068749 0.275427 200.000000 200.000000 200.000000
v 0.068955 -0.340938 0.073845 200.000000 200.000000 200.000000
v 0.002611 0.645466 0.223438 200.000000 200.000000 200.000000
v -0.084852 -0.396174 -0.015467 200.000000 200.000000 200.000000
v -0.058232 0.395730 0.174346 200.000000 200.000000 200.000000
v -0.044100 -0.586718 -0.018426 200.000000 200.000000 200.000000
v 0.168348 0.848464 0.305271 200.000000 200.000000 200.000000
v 0.011230 0.616131 -0.052583 200.000000 200.000000 200.000000
v 0.194102 0.155654 0.469371 200.000000 200.000000 200.000000
v -0.063429 0.195844 0.222520 200.000000 200.000000 200.000000
v 0.109580 -0.222429 0.099673 200.000000 200.000000 200.000000
v -0.066279 0.239672 0.139440 200.000000 200.000000 200.000000
v -0.015872 -0.846559 0.169903 200.000000 200.000000 200.000000
v 0.099356 0.677774 0.113534 200.000000 200.000000 200.000000
v -0.046518 0.433695 0.125303 200.000000 200.000000 200.000000
v -0.015966 0.803401 0.295348 200.000000 200.000000 200.000000
v 0.156777 0.215427 0.101059 200.000000 200.000000 200.000000
v 0.112438 -0.902019 0.316014 200.000000 200.000000 200.000000
v 0.285007 0.501709 0.515504 200.000000 200.000000 200.000000
v 0.218121 0.329185 0.170157 200.000000 200.000000 200.000000
v -0.069407 -0.157957 0.317183 200.000000 200.000000 200.000000
v 0.184099 0.868307 0.254290 200.000000 200.000000 200.000000
v -0.026308 -0.103886 0.401242 200.000000 200.000000 200.000000
v -0.113362 0.575137 -0.153615 200.000000 200.000000 200.000000
v 0.224670 -0.027190 0.222757 200.000000 200.000000 200.000000
v 0.211825 0.417371 0.134777 200.000000 200.000000 200.000000
v -0.151712 -0.361478 0.033552 200.000000 200.000000 200.000000
v -0.066997 -0.343252 0.425511 200.000000 200.000000 200.000000
v 0.172398 0.873311 0.188828 200.000000 200.000000 200.000000
v 0.150885 -0.803258 0.268606 200.000000 200.000000 200.000000
v 0.087614 -0.781255 0.128985 200.000000 200.000000 200.000000
v 0.178192 0.415119 0.470649 200.000000 200.000000 200.000000
v 0.003685 -0.572541 0.048270 200.000000 200.000000 200.000000
v 0.156290 -0.162701 0.328783 200.000000 200.000000 200.000000
v 0.118972 -0.899200 0.125204 200.000000 200.000000 200.000000
v -0.162901 0.518754 -0.222540 200.000000 200.000000 200.000000
v -0.131359 -0.423096 0.022571 200.000000 200.000000 200.000000
v -0.094897 -0.399490 0.386457 200.000000 200.000000 200.000000
v 0.099411 0.985627 0.246478 200.000000 200.000000 200.000000
v -0.047847 0.519234 -0.040114 200.000000 200.000000 200.000000
v 0.182674 0.881380 0.252040 200.000000 200.000000 200.000000
v 0.166006 -0.160568 0.309462 200.000000 200.000000 200.000000
v 0.204402 0.097378 0.199858 200.000000 200.000000 200.000000
v 0.104685 -0.330800 0.354619 200.000000 200.000000 200.000000
v 0.163117 0.608809 0.089960 200.000000 200.000000 200.000000
v 0.029268 -0.479993 0.092445 200.000000 200.000000 200.000000
v 0.024099 0.876894 0.350152 200.000000 200.000000 200.000000
v 0.152559 0.180112 0.469749 200.000000 200.000000 200.000000
v 0.231891 0.520517 0.208314 200.000000 200.000000 200.000000
v -0.266044 0.555636 -0.486012 200.000000 200.000000 200.000000
v -0.165016 -0.191652 0.079629 200.000000 200.000000 200.000000
v -0.120363 -0.696535 0.113790 200.000000 200.000000 200.000000
v 0.229928 0.418286 0.519938 200.000000 200.000000 200.000000
v 0.038958 -0.998929 0.124690 200.000000 200.000000 200.000000
v -0.148579 -0.553553 0.051640 200.000000 200.000000 200.000000
v 0.219621 0.360149 0.157129 200.000000 200.000000 200.000000
v -0.125650 -0.150886 0.164057 200.000000 200.000000 200.000000
v 0.184230 0.087274 0.090267 200.000000 200.000000 200.000000
v 0.103886 -0.434727 0.321550 200.000000 200.000000 200.000000
v -0.029195 0.611596 -0.013975 200.000000 200.000000 200.000000
v 0.327286 0.264019 0.566246 200.000000 200.000000 200.000000
v 0.216955 0.473984 0.156111 200.000000 200.000000 200.000000
v -0.050924 -0.185913 0.405355 200.000000 200.000000 200.000000
v 0.099459 -0.249691 0.115696 200.000000 200.000000 200.000000
v -0.018944 0.604476 0.038169 200.000000 200.000000 200.000000
v -0.120865 -0.235169 0.010135 200.000000 200.000000 200.000000
v -0.026322 -0.509294 0.146896 200.000000 200.000000 200.000000
v -0.152471 -0.516528 0.049184 200.000000 200.000000 200.000000
v -0.246276 0.549892 -0.408110 200.000000 200.000000 200.000000
v -0.112697 -0.569503 0.138313 200.000000 200.000000 200.000000
v 0.020328 0.500910 -0.072400 200.000000 200.000000 200.000000
v 0.167023 -0.030657 0.068536 200.000000 200.000000 200.000000
v 0.005440 -0.977853 0.037584 200.000000 200.000000 200.000000
v 0.006400 0.791355 0.143103 200.000000 200.000000 200.000000
v 0.110272 -0.281232 0.203847 200.000000 200.000000 200.000000
v -0.317114 0.517190 -0.614780 200.000000 200.000000 200.000000
v 0.111892 -0.894439 0.190372 200.000000 200.000000 200.000000
v 0.145464 -0.288583 0.314386 200.000000 200.000000 200.000000
v 0.179363 0.115170 0.333680 200.000000 200.000000 200.000000
v 0.036828 -0.844501 0.212605 200.000000 200.000000 200.000000
v 0.061574 0.784602 0.329753 200.000000 200.000000 200.000000
v 0.008724 -0.905213 0.169469 200.000000 200.000000 200.000000
v 0.156883 0.570444 0.064034 200.000000 200.000000 200.000000
v -0.041958 -0.377969 0.000868 200.000000 200.000000 200.000000
v 0.055455 -0.375325 0.225692 200.000000 200.000000 200.000000
v -0.016569 0.054086 0.010073 200.000000 200.000000 200.000000
v -0.054153 0.397475 0.147513 200.000000 200.000000 200.000000
v 0.098968 -0.984316 0.367880 200.000000 200.000000 200.000000
v -0.306473 0.547762 -0.515187 200.000000 200.000000 200.000000
v 0.058391 -0.702836 0.136294 200.000000 200.000000 200.000000
v -0.085581 -0.765151 0.124137 200.000000 200.000000 200.000000
v 0.067293 -0.875761 0.170348 200.000000 200.000000 200.000000
v 0.242436 0.394671 0.395085 200.000000 200.000000 200.000000
v 0.166533 0.276505 0.109133 200.000000 200.000000 200.000000
v -0.024231 0.411574 0.321292 200.000000 200.000000 200.000000
v 0.165924 0.167993 0.432692 200.000000 200.000000 200.000000
v -0.066072 -0.082024 0.289385 200.000000 200.000000 200.000000
v -0.039313 0.282099 0.287745 200.000000 200.000000 200.000000
v 0.159369 0.621484 0.093864 200.000000 200.000000 200.000000
v -0.166327 -0.367802 0.113695 200.000000 200.000000 200.000000
v -0.089546 -0.573317 0.006749 200.000000 200.000000 200.000000
v 0.213075 0.083401 0.218300 200.000000 200.000000 200.000000
v 0.094081 0.090836 0.399332 200.000000 200.000000 200.000000
v 0.140460 0.149437 0.485497 200.000000 200.000000 200.000000
v 0.019411 -0.963974 0.288685 200.000000 200.000000 200.000000
v 0.124441 0.133883 0.461684 200.000000 200.000000 200.000000
v -0.274785 0.504807 -0.594103 200.000000 200.000000 200.000000
v -0.150751 -0.377944 0.133930 200.000000 200.000000 200.000000
v -0.339245 0.487255 -0.635969 200.000000 200.000000 200.000000
v -0.055234 -0.234773 0.183069 200.000000 200.000000 200.000000
v 0.170879 -0.106352 0.184182 200.000000 200.000000 200.000000
v -0.053361 -0.548997 0.158490 200.000000 200.000000 200.000000
v -0.087911 -0.349931 0.172287 200.000000 200.000000 200.000000
v -0.123745 -0.595495 0.041874 200.000000 200.000000 200.000000
v 0.014589 -0.096268 -0.009121 200.000000 200.000000 200.000000
v -0.309428 0.539855 -0.593153 200.000000 200.000000 200.000000
v -0.077460 -0.314072 0.396979 200.000000 200.000000 200.000000
v -0.018894 -0.538423 0.145169 200.000000 200.000000 200.000000
v 0.078946 -0.289101 0.132415 200.000000 200.000000 200.000000
v -0.107534 -0.067392 0.057750 200.000000 200.000000 200.000000
v 0.092541 0.975246 0.300602 200.000000 200.000000 200.000000
v 0.007190 -0.934564 0.036463 200.000000 200.000000 200.000000
v 0.217758 0.301964 0.290224 200.000000 200.000000 200.000000
v 0.022336 0.604159 0.311811 200.000000 200.000000 200.000000
v -0.097355 -0.038156 0.066173 200.000000 200.000000 200.000000
v 0.017238 -0.913490 0.279702 200.000000 200.000000 200.000000
v 0.002445 -0.605606 0.159435 200.000000 200.000000 200.000000
v -0.044253 -0.603032 -0.015256 200.000000 200.000000 200.000000
v -0.006215 -0.554720 0.251228 200.000000 200.000000 200.000000
v 0.119201 0.842301 0.356807 200.000000 200.000000 200.000000
v -0.110488 0.564786 -0.134380 200.000000 200.000000 200.000000
v 0.218446 0.395194 0.154099 200.000000 200.000000 200.000000
v 0.161154 0.128494 0.076534 200.000000 200.000000 200.000000
v 0.005360 0.847639 0.142410 200.000000 200.000000 200.000000
v 0.236534 0.578385 0.305019 200.000000 200.000000 200.000000
v 0.090282 -0.240420 0.047421 200.000000 200.000000 200.000000
v -0.109179 -0.631844 0.139622 200.000000 200.000000 200.000000
v 0.037583 0.713987 0.191287 200.000000 200.000000 200.000000
v -0.107576 -0.842502 0.082715 200.000000 200.000000 200.000000
v 0.200401 0.032434 0.135225 200.000000 200.000000 200.000000
v 0.078265 -0.291406 0.201870 200.000000 200.000000 200.000000
v 0.045771 -0.226867 0.422005 200.000000 200.000000 200.000000
v 0.082770 0.598363 0.002306 200.000000 200.000000 200.000000
v -0.169313 -0.320483 0.051637 200.000000 200.000000 200.000000
v 0.252577 0.490618 0.295761 200.000000 200.000000 200.000000
v 0.027100 0.693767 0.284125 200.000000 200.000000 200.000000
v 0.034558 0.648716 0.011935 200.000000 200.000000 200.000000
v 0.001992 -0.912748 0.314561 200.000000 200.000000 200.000000
v 0.202045 0.598993 0.163972 200.000000 200.000000 200.000000
v -0.052108 -0.733728 0.348006 200.000000 200.000000 200.000000
v 0.064716 -0.014502 0.392837 200.000000 200.000000 200.000000
v 0.022536 0.904229 0.148136 200.000000 200.000000 200.000000
v 0.000256 -0.998497 0.100127 200.000000 200.000000 200.000000
v -0.025644 0.219110 0.315478 200.000000 200.000000 200.000000
v 0.092191 0.078015 0.412083 200.000000 200.000000 200.000000
v -0.083847 -0.511906 0.348650 200.000000 200.000000 200.000000
v 0.041677 -0.359647 0.424154 200.000000 200.000000 200.000000
v 0.012420 0.096586 0.317433 200.000000 200.000000 200.000000
v 0.005820 0.857719 0.139867 200.000000 200.000000 200.000000
v -0.118058 -0.184606 0.176642 200.000000 200.000000 200.000000
v -0.031511 0.853680 0.174658 200.000000 200.000000 200.000000
v 0.132501 -0.395692 0.263604 200.000000 200.000000 200.000000
v 0.007648 -0.294321 0.009205 200.000000 200.000000 200.000000
v 0.167940 0.177262 0.342123 200.000000 200.000000 200.000000
v 0.237985 0.267472 0.376651 200.000000 200.000000 200.000000
v 0.046259 -0.779561 0.155362 200.000000 200.000000 200.000000
v -0.039151 0.377908 0.282873 200.000000 200.000000 200.000000
v -0.099501 -0.187400 0.004929 200.000000 200.000000 200.000000
v 0.057154 -0.295951 0.163974 200.000000 200.000000 200.000000
v -0.008143 0.065066 0.320270 200.000000 200.000000 200.000000
v 0.259304 0.531927 0.461607 200.000000 200.000000 200.000000
v 0.170817 -0.076581 0.154433 200.000000 200.000000 200.000000
v 0.073946 0.955296 0.165672 200.000000 200.000000 200.000000
v 0.153023 -0.094023 0.353444 200.000000 200.000000 200.000000
v 0.255158 0.415581 0.560650 200.000000 200.000000 200.000000
v -0.115945 -0.740979 0.110945 200.000000 200.000000 200.000000
v -0.066845 -0.644298 0.319679 200.000000 200.000000 200.000000
v -0.014519 -0.557275 0.424812 200.000000 200.000000 200.000000
v -0.194809 0.545931 -0.288905 200.000000 200.000000 200.000000
v -0.106442 0.583068 -0.174435 200.000000 200.000000 200.000000
v -0.036240 0.518061 -0.014768 200.000000 200.000000 200.000000
v 0.326493 0.271420 0.542103 200.000000 200.000000 200.000000
v 0.081904 -0.804212 0.090175 200.000000 200.000000 200.000000
v -0.001078 -0.512403 0.035785 200.000000 200.000000 200.000000
v 0.182814 0.409878 0.478789 200.000000 200.000000 200.000000
v 0.020175 -0.081399 0.395249 200.000000 200.000000 200.000000
v 0.032916 0.959905 0.155536 200.000000 200.000000 200.000000
v 0.234510 0.360178 0.291707 200.000000 200.000000 200.000000
v -0.026066 -0.930343 0.052306 200.000000 200.000000 200.000000
v -0.052525 0.007192 0.025586 200.000000 200.000000 200.000000
v 0.027624 -0.626818 0.220529 200.000000 200.000000 200.000000
v 0.106073 0.627565 0.044246 200.000000 200.000000 200.000000
v 0.119479 -0.010947 0.021738 200.000000 200.000000 200.000000
v 0.014805 -0.379004 0.159748 200.000000 200.000000 200.000000
v 0.238637 0.293891 0.379840 200.000000 200.000000 200.000000
v -0.270001 0.504167 -0.579417 200.000000 200.000000 200.000000
v 0.140950 -0.355770 0.254471 200.000000 200.000000 200.000000
v 0.039294 -0.668846 0.057457 200.000000 200.000000 200.000000
v 0.201662 0.470829 0.108733 200.000000 200.000000 200.000000
v 0.163800 0.039864 0.349756 200.000000 200.000000 200.000000
v 0.147630 0.323744 0.067369 200.000000 200.000000 200.000000
v 0.238018 0.461056 0.227433 200.000000 200.000000 200.000000
v 0.032825 0.507879 -0.083230 200.000000 200.000000 200.000000
v -0.002576 -0.552707 0.053636 200.000000 200.000000 200.000000
v 0.038502 -0.999265 0.400744 200.000000 200.000000 200.000000
v -0.130111 0.540627 -0.165254 200.000000 200.000000 200.000000
v 0.198021 0.576491 0.136939 200.000000 200.000000 200.000000
v -0.071680 -0.221411 0.185160 200.000000 200.000000 200.000000
v -0.037492 0.864917 0.174396 200.000000 200.000000 200.000000
v 0.005203 0.667141 0.259540 200.000000 200.000000 200.000000
v 0.064626 -0.421481 0.045643 200.000000 200.000000 200.000000
v 0.096804 -0.987703 0.382518 200.000000 200.000000 200.000000
v 0.012193 0.596454 0.311732 200.000000 200.000000 200.000000
v -0.043429 0.769978 0.260125 200.000000 200.000000 200.000000
v 0.218200 0.614697 0.278604 200.000000 200.000000 200.000000
v 0.312191 0.434998 0.584864 200.000000 200.000000 200.000000
v 0.185508 0.603790 0.456974 200.000000 200.000000 200.000000
v -0.011209 0.191637 0.035488 200.000000 200.000000 200.000000
v 0.199486 -0.068069 0.188737 200.000000 200.000000 200.000000
v 0.251712 0.142502 0.290755 200.000000 200.000000 200.000000
v -0.009293 -0.575694 0.159716 200.000000 200.000000 200.000000
v -0.059630 -0.577105 0.406881 200.000000 200.000000 200.000000
v 0.212064 0.205468 0.536059 200.000000 200.000000 200.000000
v 0.000108 0.479223 -0.039093 200.000000 200.000000 200.000000
v -0.074618 0.046289 0.223840 200.000000 200.000000 200.000000
v -0.108103 -0.389113 0.158343 200.000000 200.000000 200.000000
v 0.137005 -0.729316 0.323437 200.000000 200.000000 200.000000
v 0.217228 0.624734 0.318274 200.000000 200.000000 200.000000
v -0.135070 0.499307 -0.290086 200.000000 200.000000 200.000000
v -0.146734 -0.596251 0.109102 200.000000 200.000000 200.000000
v -0.003406 0.346495 0.351140 200.000000 200.000000 200.000000
v 0.201244 0.622043 0.391652 200.000000 200.000000 200.000000
v -0.085072 -0.019334 0.115905 200.000000 200.000000 200.000000
v -0.136469 0.493956 -0.254640 200.000000 200.000000 200.000000
v -0.019009 -0.997313 0.122697 200.000000 200.000000 200.000000
v 0.162748 -0.166064 0.313910 200.000000 200.000000 200.000000
v 0.147344 0.258731 0.378495 200.000000 200.000000 200.000000
v 0.070299 -0.999201 0.106127 200.000000 200.000000 200.000000
v 0.068031 -0.967637 0.340866 200.000000 200.000000 200.000000
v -0.109258 -0.317593 0.164102 200.000000 200.000000 200.000000
v -0.058582 0.141389 0.256432 200.000000 200.000000 200.000000
v 0.016520 0.299155 0.355195 200.000000 200.000000 200.000000
v 0.152682 0.667840 0.314697 200.000000 200.000000 200.000000
v 0.174060 -0.188487 0.279818 200.000000 200.000000 200.000000
v -0.147225 -0.676695 0.087120 200.000000 200.000000 200.000000
v 0.231178 0.302394 0.207824 200.000000 200.000000 200.000000
v 0.083669 -0.879533 0.164616 200.000000 200.000000 200.000000
v 0.254705 0.500193 0.419314 200.000000 200.000000 200.000000
v 0.180245 0.156207 0.445357 200.000000 200.000000 200.000000
v -0.048558 0.294929 0.102639 200.000000 200.000000 200.000000
v 0.105956 0.058321 0.377560 200.000000 200.000000 200.000000
v -0.087884 -0.520453 0.378068 200.000000 200.000000 200.000000
v 0.053049 0.045627 0.388838 200.000000 200.000000 200.000000
v 0.156485 -0.826319 0.262819 200.000000 200.000000 200.000000
v -0.009263 -0.483840 0.027267 200.000000 200.000000 200.000000
v 0.100008 -0.447352 0.325622 200.000000 200.000000 200.000000
v 0.108612 -0.477024 0.300062 200.000000 200.000000 200.000000
v -0.124206 -0.542771 0.034076 200.000000 200.000000 200.000000
v -0.005103 0.929778 0.178173 200.000000 200.000000 200.000000
v -0.038756 0.607794 -0.080255 200.000000 200.000000 200.000000
v 0.139281 0.280617 0.067499 200.000000 200.000000 200.000000
v -0.033388 0.942215 0.281517 200.000000 200.000000 200.000000
v 0.141963 -0.223139 0.346168 200.000000 200.000000 200.000000
v 0.137487 -0.363176 0.305487 200.000000 200.000000 200.000000
v -0.022833 0.937608 0.198561 200.000000 200.000000 200.000000
v -0.084192 0.003187 0.083611 200.000000 200.000000 200.000000
v 0.021177 -0.793876 0.039569 200.000000 200.000000 200.000000
v 0.151910 0.950021 0.196289 200.000000 200.000000 200.000000
v -0.064898 0.317833 0.203510 200.000000 200.000000 200.000000
v -0.091533 -0.451165 0.389784 200.000000 200.000000 200.000000
v 0.239918 0.515600 0.382526 200.000000 200.000000 200.000000
v 0.176063 0.152892 0.124110 200.000000 200.000000 200.000000
v -0.010296 0.607910 -0.090540 200.000000 200.000000 200.000000
v -0.111208 -0.412352 0.159414 200.000000 200.000000 200.000000
v 0.065345 -0.783386 0.064286 200.000000 200.000000 200.000000
v 0.034608 -0.813552 0.222118 200.000000 200.000000 200.000000
v -0.006154 -0.530059 0.048402 200.000000 200.000000 200.000000
v 0.152795 -0.283535 0.239165 200.000000 200.000000 200.000000
v 0.221601 0.202505 0.214126 200.000000 200.000000 200.000000
v 0.243288 0.460980 0.244893 200.000000 200.000000 200.000000
v 0.082080 -0.999143 0.103717 200.000000 200.000000 200.000000
v 0.066541 -0.887542 0.317758 200.000000 200.000000 200.000000
v 0.013654 -0.508469 0.111360 200.000000 200.000000 200.000000
v -0.094730 -0.042874 0.120620 200.000000 200.000000 200.000000
v -0.091875 -0.170242 0.210917 200.000000 200.000000 200.000000
v 0.113929 0.907703 0.361932 200.000000 200.000000 200.000000
v -0.073684 -0.223380 0.346929 200.000000 200.000000 200.000000
v -0.021796 0.406715 0.329072 200.000000 200.000000 200.000000
v 0.069895 0.063811 0.374453 200.000000 200.000000 200.000000
v 0.042431 0.946808 0.345451 200.000000 200.000000 200.000000
v 0.332505 0.431756 0.580320 200.000000 200.000000 200.000000
v -0.028845 0.545687 0.062096 200.000000 200.000000 200.000000
v 0.062751 0.730796 0.302276 200.000000 200.000000 200.000000
v -0.022895 -0.411397 0.014297 200.000000 200.000000 200.000000
v 0.021368 0.587374 -0.073401 200.000000 200.000000 200.000000
v 0.072056 -0.240915 0.014233 200.000000 200.000000 200.000000
v -0.073667 -0.241246 0.367925 200.000000 200.000000 200.000000
v 0.161577 -0.840323 0.288779 200.000000 200.000000 200.000000
v 0.021275 0.428275 0.375973 200.000000 200.000000 200.000000
v -0.058183 -0.716177 0.308712 200.000000 200.000000 200.000000
v -0.047791 0.463033 0.161389 200.000000 200.000000 200.000000
v 0.205336 0.004766 0.295380 200.000000 200.000000 200.000000
v 0.152275 -0.892754 0.217276 200.000000 200.000000 200.000000
v -0.021265 0.485602 -0.047414 200.000000 200.000000 200.000000
v 0.148726 0.948112 0.268131 200.000000 200.000000 200.000000
v -0.046963 -0.079641 0.348643 200.000000 200.000000 200.000000
v -0.031714 0.937924 0.193380 200.000000 200.000000 200.000000
v 0.200980 0.603913 0.166887 200.000000 200.000000 200.000000
v -0.122077 -0.594011 0.040400 200.000000 200.000000 200.000000
v 0.086493 -0.296999 0.201929 200.000000 200.000000 200.000000
v 0.044066 -0.363228 0.143798 200.000000 200.000000 200.000000
v 0.137869 0.030796 0.030330 200.000000 200.000000 200.000000
v 0.011574 -0.741624 0.009225 200.000000 200.000000 200.000000
v -0.259740 0.551490 -0.512538 200.000000 200.000000 200.000000
v 0.107436 -0.972979 0.187068 200.000000 200.000000 200.000000
v 0.051152 0.160671 0.349948 200.000000 200.000000 200.000000
v -0.032182 -0.588433 -0.016921 200.000000 200.000000 200.000000
v 0.215459 0.251735 0.312583 200.000000 200.000000 200.000000
v -0.038532 0.874287 0.277938 200.000000 200.000000 200.000000
v 0.180563 0.035718 0.332098 200.000000 200.000000 200.000000
v -0.037057 0.806680 0.167591 200.000000 200.000000 200.000000
v -0.024021 0.525220 -0.145335 200.000000 200.000000 200.000000
v -0.065168 -0.386587 0.426938 200.000000 200.000000 200.000000
v 0.114674 0.574949 0.019700 200.000000 200.000000 200.000000
v 0.226706 -0.017241 0.225635 200.000000 200.000000 200.000000
v -0.195009 0.544827 -0.426585 200.000000 200.000000 200.000000
v 0.037419 0.674740 0.289972 200.000000 200.000000 200.000000
v 0.250365 0.460183 0.301139 200.000000 200.000000 200.000000
v -0.014932 -0.263420 0.432264 200.000000 200.000000 200.000000
v -0.107524 0.550327 -0.277286 200.000000 200.000000 200.000000
v -0.061092 0.076205 0.061924 200.000000 200.000000 200.000000
v 0.202634 0.162050 0.231322 200.000000 200.000000 200.000000
v -0.112851 -0.128167 0.169404 200.000000 200.000000 200.000000
v 0.104588 0.502098 0.016600 200.000000 200.000000 200.000000
v 0.300020 0.373349 0.524121 200.000000 200.000000 200.000000
v -0.060825 0.053989 0.053597 200.000000 200.000000 200.000000
v 0.117474 -0.025108 0.378384 200.000000 200.000000 200.000000
v 0.153687 0.294968 0.380975 200.000000 200.000000 200.000000
v -0.178039 -0.262449 0.081716 200.000000 200.000000 200.000000
v 0.022340 0.491336 0.350499 200.000000 200.000000 200.000000
v 0.149079 -0.314978 0.252646 200.000000 200.000000 200.000000
v 0.078022 -0.999021 0.321108 200.000000 200.000000 200.000000
v -0.166445 0.516540 -0.232925 200.000000 200.000000 200.000000
v -0.018901 0.309294 0.046237 200.000000 200.000000 200.000000
v 0.005935 0.477114 -0.017474 200.000000 200.000000 200.000000
v 0.108199 -0.997801 0.147776 200.000000 200.000000 200.000000
v -0.099037 -0.056652 0.136231 200.000000 200.000000 200.000000
v -0.366676 0.476398 -0.584035 200.000000 200.000000 200.000000
v 0.043896 -0.646905 0.070912 200.000000 200.000000 200.000000
v -0.001558 -0.518468 0.138737 200.000000 200.000000 200.000000
v 0.033984 -0.509172 0.097000 200.000000 200.000000 200.000000
v -0.032520 -0.928718 0.057062 200.000000 200.000000 200.000000
v -0.084350 -0.419831 0.167522 200.000000 200.000000 200.000000
v 0.234364 0.452732 0.411482 200.000000 200.000000 200.000000
v -0.053324 0.940537 0.170674 200.000000 200.000000 200.000000
v -0.096727 -0.745252 0.065044 200.000000 200.000000 200.000000
v 0.151503 0.062645 0.041955 200.000000 200.000000 200.000000
v 0.245153 0.500246 0.537327 200.000000 200.000000 200.000000
v 0.037785 -0.315560 0.426295 200.000000 200.000000 200.000000
v -0.059157 0.003070 0.214086 200.000000 200.000000 200.000000
v -0.148068 -0.140164 0.098683 200.000000 200.000000 200.000000
v -0.061562 -0.743710 0.155039 200.000000 200.000000 200.000000
v 0.148568 -0.885797 0.218957 200.000000 200.000000 200.000000
v 0.139844 0.200077 0.370037 200.000000 200.000000 200.000000
v -0.217031 0.564539 -0.384579 200.000000 200.000000 200.000000
v 0.119870 0.288253 0.371724 200.000000 200.000000 200.000000
v -0.014854 -0.835817 0.050134 200.000000 200.000000 200.000000
v 0.250394 0.431931 0.439513 200.000000 200.000000 200.000000
v -0.125502 -0.538151 0.033715 200.000000 200.000000 200.000000
v 0.284418 0.499895 0.469091 200.000000 200.000000 200.000000
v 0.051554 -0.420653 0.078787 200.000000 200.000000 200.000000
v 0.053112 0.507322 -0.055446 200.000000 200.000000 200.000000
v -0.005667 0.814476 0.150183 200.000000 200.000000 200.000000
v 0.174042 0.550880 0.491254 200.000000 200.000000 200.000000
v 0.154676 0.162057 0.344875 200.000000 200.000000 200.000000
v 0.343057 0.296869 0.609404 200.000000 200.000000 200.000000
v 0.225102 0.432701 0.536397 200.000000 200.000000 200.000000
v 0.326606 0.275196 0.539530 200.000000 200.000000 200.000000
v 0.039544 0.521489 -0.081503 200.000000 200.000000 200.000000
v -0.028835 -0.573073 0.283712 200.000000 200.000000 200.000000
v -0.077609 0.160653 0.170847 200.000000 200.000000 200.000000
v 0.048483 -0.984432 0.158454 200.000000 200.000000 200.000000
v -0.047112 -0.765864 0.041093 200.000000 200.000000 200.000000
v -0.079116 -0.508647 -0.009717 200.000000 200.000000 200.000000
v 0.124405 -0.969539 0.122447 200.000000 200.000000 200.000000
v 0.050415 -0.880678 0.200883 200.000000 200.000000 200.000000
v 0.185633 0.902005 0.255169 200.000000 200.000000 200.000000
v 0.130005 -0.715254 0.298840 200.000000 200.000000 200.000000
v -0.267573 0.511017 -0.508792 200.000000 200.000000 200.000000
v 0.085371 0.771271 0.181876 200.000000 200.000000 200.000000
v 0.093904 0.739003 0.191597 200.000000 200.000000 200.000000
v -0.080487 -0.799316 0.122755 200.000000 200.000000 200.000000
v 0.031743 0.898338 0.132688 200.000000 200.000000 200.000000
v 0.012079 0.473404 0.008381 200.000000 200.000000 200.000000
v 0.005598 0.609205 0.125103 200.000000 200.000000 200.000000
v 0.010014 0.238475 0.338863 200.000000 200.000000 200.000000
v 0.067528 -0.729724 0.135424 200.000000 200.000000 200.000000
v 0.022107 0.664738 0.061731 200.000000 200.000000 200.000000
v 0.193245 0.145556 0.144594 200.000000 200.000000 200.000000
v 0.133805 0.274141 0.374842 200.000000 200.000000 200.000000
v 0.196758 -0.124971 0.255507 200.000000 200.000000 200.000000
v 0.251564 0.297025 0.574823 200.000000 200.000000 200.000000
v 0.271379 0.211787 0.533412 200.000000 200.000000 200.000000
v 0.039990 0.721755 0.186214 200.000000 200.000000 200.000000
v 0.208722 0.251597 0.294082 200.000000 200.000000 200.000000
v -0.107102 -0.504653 0.007837 200.000000 200.000000 200.000000
v -0.164676 0.532392 -0.384849 200.000000 200.000000 200.000000
v -0.023444 0.377461 0.047126 200.000000 200.000000 200.000000
v 0.199722 0.177967 0.514694 200.000000 200.000000 200.000000
v -0.103564 -0.082171 0.176948 200.000000 200.000000 200.000000
v 0.209642 0.222019 0.178948 200.000000 200.000000 200.000000
v 0.132881 0.467309 0.042868 200.000000 200.000000 200.000000
v 0.098501 0.713679 0.166219 200.000000 200.000000 200.000000
v -0.141103 -0.188516 0.148717 200.000000 200.000000 200.000000
v -0.043546 -0.644386 0.262845 200.000000 200.000000 200.000000
v 0.203607 0.353745 0.132935 200.000000 200.000000 200.000000
v 0.377017 0.345966 0.625032 200.000000 200.000000 200.000000
v 0.073862 -0.678426 0.386459 200.000000 200.000000 200.000000
v -0.173247 -0.281750 0.089076 200.000000 200.000000 200.000000
v -0.033632 -0.444860 0.281558 200.000000 200.000000 200.000000
v -0.062929 0.038246 0.049225 200.000000 200.000000 200.000000
v 0.024095 0.990933 0.246902 200.000000 200.000000 200.000000
v 0.162579 -0.980928 0.252098 200.000000 200.000000 200.000000
v 0.188009 0.517669 0.507294 200.000000 200.000000 200.000000
v 0.131494 -0.112197 0.378649 200.000000 200.000000 200.000000
v 0.087172 -0.978456 0.358158 200.000000 200.000000 200.000000
v 0.219676 0.261673 0.320031 200.000000 200.000000 200.000000
v 0.225265 0.390160 0.176156 200.000000 200.000000 200.000000
v 0.001995 0.760474 0.150159 200.000000 200.000000 200.000000
v 0.038721 0.376936 0.380882 200.000000 200.000000 200.000000
v -0.065650 -0.822090 0.129267 200.000000 200.000000 200.000000
v -0.001843 -0.844123 0.245356 200.000000 200.000000 200.000000
v -0.189311 0.527223 -0.419897 200.000000 200.000000 200.000000
v 0.159518 -0.882186 0.247041 200.000000 200.000000 200.000000
v 0.100373 0.103749 0.440416 200.000000 200.000000 200.000000
v -0.136436 -0.512023 0.037633 200.000000 200.000000 200.000000
v -0.042169 -0.398671 0.433332 200.000000 200.000000 200.000000
v -0.037470 0.727203 0.245140 200.000000 200.000000 200.000000
v 0.060294 -0.311861 0.150329 200.000000 200.000000 200.000000
v 0.027102 0.433088 0.379337 200.000000 200.000000 200.000000
v 0.005933 0.702040 0.265479 200.000000 200.000000 200.000000
v 0.034350 -0.614051 0.031039 200.000000 200.000000 200.000000
v 0.296477 0.241028 0.524542 200.000000 200.000000 200.000000
v -0.030011 0.517835 0.039548 200.000000 200.000000 200.000000
v 0.102041 -0.208107 0.061601 200.000000 200.000000 200.000000
v 0.051182 -0.096812 -0.002877 200.000000 200.000000 200.000000
v 0.157676 0.824052 0.316168 200.000000 200.000000 200.000000
v -0.084729 -0.287138 0.325490 200.000000 200.000000 200.000000
v -0.053316 0.366524 0.239130 200.000000 200.000000 200.000000
v 0.181981 -0.997256 0.227764 200.000000 200.000000 200.000000
v 0.202699 0.504749 0.111824 200.000000 200.000000 200.000000
v -0.097235 -0.693160 0.049034 200.000000 200.000000 200.000000
v -0.007196 0.439227 0.342402 200.000000 200.000000 200.000000
v 0.100818 -0.258619 0.388602 200.000000 200.000000 200.000000
v 0.029525 -0.405711 0.420490 200.000000 200.000000 200.000000
v 0.080625 -0.380707 0.214816 200.000000 200.000000 200.000000
v 0.021951 0.808593 0.322496 200.000000 200.000000 200.000000
v -0.306022 0.537214 -0.498643 200.000000 200.000000 200.000000
v -0.005789 -0.948542 0.042606 200.000000 200.000000 200.000000
v -0.138688 -0.458106 0.027298 200.000000 200.000000 200.000000
v -0.143194 -0.602914 0.056101 200.000000 200.000000 200.000000
v 0.159973 0.310587 0.079447 200.000000 200.000000 200.000000
v 0.196977 0.185633 0.170250 200.000000 200.000000 200.000000
v 0.236939 0.345669 0.255337 200.000000 200.000000 200.000000
v 0.065720 0.830451 0.354496 200.000000 200.000000 200.000000
v 0.244433 0.417396 0.290960 200.000000 200.000000 200.000000
v 0.067362 -0.794417 0.061283 200.000000 200.000000 200.000000
v 0.085196 -0.651159 0.239711 200.000000 200.000000 200.000000
v 0.009373 0.566739 -0.103085 200.000000 200.000000 200.000000
v 0.119619 -0.998601 0.365541 200.000000 200.000000 200.000000
v 0.115683 -0.999004 0.112682 200.000000 200.000000 200.000000
v -0.201431 0.552035 -0.306390 200.000000 200.000000 200.000000
v -0.015188 0.604695 0.073181 200.000000 200.000000 200.000000
v -0.016589 -0.451157 0.268046 200.000000 200.000000 200.000000
v 0.052880 0.664103 0.054270 200.000000 200.000000 200.000000
v 0.054424 0.007388 0.382887 200.000000 200.000000 200.000000
v 0.272750 0.238430 0.505761 200.000000 200.000000 200.000000
v -0.112105 0.511945 -0.164261 200.000000 200.000000 200.000000
v 0.194705 0.109603 0.154227 200.000000 200.000000 200.000000
v -0.079920 -0.006527 0.113309 200.000000 200.000000 200.000000
v -0.080204 -0.292082 0.316276 200.000000 200.000000 200.000000
v 0.075679 0.654589 0.028264 200.000000 200.000000 200.000000
v 0.090673 -0.273229 0.093099 200.000000 200.000000 200.000000
v -0.079206 -0.393530 0.335602 200.000000 200.000000 200.000000
v 0.246525 0.536953 0.320351 200.000000 200.000000 200.000000
v 0.249767 0.473552 0.381225 200.000000 200.000000 200.000000
v -0.188737 0.571608 -0.326291 200.000000 200.000000 200.000000
v -0.062097 -0.428470 -0.000614 200.000000 200.000000 200.000000
v 0.126414 0.061056 0.022069 200.000000 200.000000 200.000000
v 0.089652 -0.408649 0.370755 200.000000 200.000000 200.000000
v 0.336941 0.367022 0.630409 200.000000 200.000000 200.000000
v -0.074753 -0.789403 0.125943 200.000000 200.000000 200.000000
v 0.192582 0.613610 0.442924 200.000000 200.000000 200.000000
v -0.152270 -0.165861 0.117385 200.000000 200.000000 200.000000
v 0.019036 -0.595288 0.245764 200.000000 200.000000 200.000000
v 0.016052 0.265961 0.348367 200.000000 200.000000 200.000000
v -0.110712 -0.772672 0.111830 200.000000 200.000000 200.000000
v -0.023386 -0.677675 0.249796 200.000000 200.000000 200.000000
v 0.029691 0.603544 0.269815 200.000000 200.000000 200.000000
v 0.038428 -0.061819 0.403828 200.000000 200.000000 200.000000
v 0.223112 0.402034 0.396489 200.000000 200.000000 200.000000
v 0.035398 0.592830 -0.056440 200.000000 200.000000 200.000000
v 0.059486 -0.674597 0.092901 200.000000 200.000000 200.000000
v 0.203714 -0.090302 0.266247 200.000000 200.000000 200.000000
v -0.032036 0.505046 0.225392 200.000000 200.000000 200.000000
v -0.067510 -0.976870 0.087765 200.000000 200.000000 200.000000
v -0.354493 0.540850 -0.595450 200.000000 200.000000 200.000000
v -0.077060 0.007070 0.065040 200.000000 200.000000 200.000000
v 0.165208 0.303312 0.089500 200.000000 200.000000 200.000000
v 0.015743 -0.623855 0.021442 200.000000 200.000000 200.000000
v -0.020010 -0.765942 0.383702 200.000000 200.000000 200.000000
v -0.040890 0.606033 -0.033327 200.000000 200.000000 200.000000
v 0.028205 0.972964 0.184695 200.000000 200.000000 200.000000
v -0.083197 -0.522707 0.389806 200.000000 200.000000 200.000000
v 0.251587 0.476205 0.272591 200.000000 200.000000 200.000000
v 0.153803 -0.267852 0.293870 200.000000 200.000000 200.000000
v -0.174230 -0.368947 0.072508 200.000000 200.000000 200.000000
v 0.343207 0.287251 0.557555 200.000000 200.000000 200.000000
v -0.046769 -0.554771 0.306757 200.000000 200.000000 200.000000
v 0.094856 0.626346 0.346510 200.000000 200.000000 200.000000
v -0.165066 -0.351410 0.043545 200.000000 200.000000 200.000000
v 0.042654 -0.999194 0.051470 200.000000 200.000000 200.000000
v 0.022071 -0.528010 0.130788 200.000000 200.000000 200.000000
v -0.068313 -0.007738 0.195102 200.000000 200.000000 200.000000
v 0.063324 -0.999146 0.118238 200.000000 200.000000 200.000000
v -0.120634 0.573831 -0.200690 200.000000 200.000000 200.000000
v 0.042089 -0.545128 0.247805 200.000000 200.000000 200.000000
v -0.161887 0.578005 -0.325192 200.000000 200.000000 200.000000
v 0.240497 0.366637 0.247910 200.000000 200.000000 200.000000
v -0.065537 -0.993792 0.001332 200.000000 200.000000 200.000000
v -0.040568 0.520263 -0.006357 200.000000 200.000000 200.000000
v -0.190750 0.570925 -0.330072 200.000000 200.000000 200.000000
v -0.245100 0.557871 -0.458324 200.000000 200.000000 200.000000
v 0.168859 0.133532 0.430200 200.000000 200.000000 200.000000
v 0.078746 -0.062422 0.398896 200.000000 200.000000 200.000000
v 0.236224 0.495173 0.365798 200.000000 200.000000 200.000000
v 0.134643 0.308543 0.060382 200.000000 200.000000 200.000000
v 0.082871 -0.546915 0.365541 200.000000 200.000000 200.000000
v -0.124981 -0.077426 0.081965 200.000000 200.000000 200.000000
v 0.279711 0.224247 0.554000 200.000000 200.000000 200.000000
v -0.048098 0.296696 0.100181 200.000000 200.000000 200.000000
v -0.031118 -0.274685 0.188982 200.000000 200.000000 200.000000
v 0.270402 0.282691 0.514482 200.000000 200.000000 200.000000
v 0.208458 0.423530 0.446129 200.000000 200.000000 200.000000
v -0.035419 0.376049 0.296288 200.000000 200.000000 200.000000
v 0.026619 0.224879 0.020975 200.000000 200.000000 200.000000
v 0.150899 -0.954162 0.283369 200.000000 200.000000 200.000000
v 0.083360 -0.407563 0.392228 200.000000 200.000000 200.000000
v 0.094508 0.265583 0.365496 200.000000 200.000000 200.000000
v -0.015645 -0.316632 -0.004296 200.000000 200.000000 200.000000
v 0.286583 0.248229 0.576105 200.000000 200.000000 200.000000
v 0.101477 0.719421 0.201457 200.000000 200.000000 200.000000
v -0.051003 -0.791414 0.154757 200.000000 200.000000 200.000000
v -0.039449 0.964212 0.226799 200.000000 200.000000 200.000000
v 0.043979 -0.991031 0.152899 200.000000 200.000000 200.000000
v 0.192790 0.202729 0.160815 200.000000 200.000000 200.000000
v 0.200738 0.378057 0.391911 200.000000 200.000000 200.000000
v 0.229580 0.319422 0.187299 200.000000 200.000000 200.000000
v 0.244545 0.206032 0.344664 200.000000 200.000000 200.000000
v 0.111022 -0.904810 0.156860 200.000000 200.000000 200.000000
v 0.343349 0.281883 0.571059 200.000000 200.000000 200.000000
v 0.217366 0.152098 0.277262 200.000000 200.000000 200.000000
v 0.113222 -0.159144 0.175944 200.000000 200.000000 200.000000
v -0.037311 0.934016 0.286757 200.000000 200.000000 200.000000
v -0.162888 -0.254135 0.042808 200.000000 200.000000 200.000000
v 0.036846 -0.816405 0.160396 200.000000 200.000000 200.000000
v 0.125529 -0.149427 0.381608 200.000000 200.000000 200.000000
v 0.180208 -0.003288 0.078840 200.000000 200.000000 200.000000
v -0.015796 0.561291 0.194098 200.000000 200.000000 200.000000
v 0.025915 0.819490 0.138245 200.000000 200.000000 200.000000
v -0.000063 0.604460 0.149198 200.000000 200.000000 200.000000
v 0.076823 -0.307093 0.080532 200.000000 200.000000 200.000000
v -0.006379 0.916524 0.166120 200.000000 200.000000 200.000000
v -0.116298 0.496536 -0.205880 200.000000 200.000000 200.000000
v 0.163800 0.209705 0.366843 200.000000 200.000000 200.000000
v 0.218377 0.525598 0.166750 200.000000 200.000000 200.000000
v -0.046152 -0.690398 0.168696 200.000000 200.000000 200.000000
v 0.219384 0.195071 0.202529 200.000000 200.000000 200.000000
v -0.157082 0.579778 -0.314870 200.000000 200.000000 200.000000
v 0.259096 0.082384 0.285236 200.000000 200.000000 200.000000
v 0.142472 -0.973070 0.176452 200.000000 200.000000 200.000000
v -0.029763 -0.739107 0.170307 200.000000 200.000000 200.000000
v -0.037516 0.470583 0.089979 200.000000 200.000000 200.000000
v 0.243628 0.461168 0.373494 200.000000 200.000000 200.000000
v 0.269447 0.381562 0.520164 200.000000 200.000000 200.000000
v 0.100463 -0.802386 0.218080 200.000000 200.000000 200.000000
v -0.239353 0.511090 -0.450919 200.000000 200.000000 200.000000
v 0.222110 0.453629 0.170045 200.000000 200.000000 200.000000
v 0.060259 0.488259 0.390759 200.000000 200.000000 200.000000
v -0.049037 0.374115 0.117869 200.000000 200.000000 200.000000
v 0.111179 0.831878 0.153745 200.000000 200.000000 200.000000
v -0.065426 -0.817747 0.073952 200.000000 200.000000 200.000000
v 0.057871 0.654100 0.123738 200.000000 200.000000 200.000000
v 0.004175 0.613152 0.140772 200.000000 200.000000 200.000000
v 0.009887 0.650195 0.050348 200.000000 200.000000 200.000000
v 0.098592 0.070336 0.011580 200.000000 200.000000 200.000000
v -0.166948 -0.327108 0.047229 200.000000 200.000000 200.000000
v 0.100346 -0.996183 0.252145 200.000000 200.000000 200.000000
v 0.014714 0.903666 0.347621 200.000000 200.000000 200.000000
v 0.133265 -0.975529 0.160344 200.000000 200.000000 200.000000
v -0.077850 -0.103981 0.253913 200.000000 200.000000 200.000000
v 0.049211 0.307064 0.015467 200.000000 200.000000 200.000000
v -0.021045 -0.795370 0.312387 200.000000 200.000000 200.000000
v 0.249480 0.522223 0.299057 200.000000 200.000000 200.000000
v -0.062214 -0.201036 0.204894 200.000000 200.000000 200.000000
v -0.053188 -0.265375 0.251300 200.000000 200.000000 200.000000
v 0.124022 -0.631327 0.273273 200.000000 200.000000 200.000000
v -0.085443 -0.385474 -0.013129 200.000000 200.000000 200.000000
v -0.060108 0.118702 0.078285 200.000000 200.000000 200.000000
v 0.143225 -0.223205 0.212523 200.000000 200.000000 200.000000
v -0.052362 -0.238471 -0.005508 200.000000 200.000000 200.000000
v 0.091295 0.530644 0.002843 200.000000 200.000000 200.000000
v 0.161184 0.153041 0.390116 200.000000 200.000000 200.000000
v 0.050249 0.050151 0.365744 200.000000 200.000000 200.000000
v 0.014929 0.639596 0.109181 200.000000 200.000000 200.000000
v -0.028179 0.218701 0.309704 200.000000 200.000000 200.000000
v 0.048343 0.451962 0.015656 200.000000 200.000000 200.000000
v -0.240319 0.529745 -0.391886 200.000000 200.000000 200.000000
v -0.065200 -0.507047 0.156276 200.000000 200.000000 200.000000
v -0.053964 0.442635 0.184804 200.000000 200.000000 200.000000
v 0.219750 0.559646 0.212397 200.000000 200.000000 200.000000
v -0.043284 -0.567099 0.174307 200.000000 200.000000 200.000000
v 0.104373 0.462924 0.024084 200.000000 200.000000 200.000000
v -0.259305 0.513781 -0.475790 200.000000 200.000000 200.000000
v 0.091506 -0.086493 0.010955 200.000000 200.000000 200.000000
v 0.021647 0.599116 0.261538 200.000000 200.000000 200.000000
v -0.114059 -0.171886 0.181541 200.000000 200.000000 200.000000
v -0.138526 -0.646311 0.059834 200.000000 200.000000 200.000000
v -0.036256 0.897900 0.308394 200.000000 200.000000 200.000000
v -0.056316 0.259121 0.247784 200.000000 200.000000 200.000000
v 0.018622 -0.359128 0.020596 200.000000 200.000000 200.000000
v 0.105056 -0.230133 0.388122 200.000000 200.000000 200.000000
v 0.038920 -0.361138 0.230858 200.000000 200.000000 200.000000
v 0.244634 0.326053 0.379646 200.000000 200.000000 200.000000
v 0.011447 -0.609051 0.244840 200.000000 200.000000 200.000000
v 0.219639 0.010696 0.167935 200.000000 200.000000 200.000000
v 0.194290 -0.121763 0.223907 200.000000 200.000000 200.000000
v 0.089376 0.550341 0.002156 200.000000 200.000000 200.000000
v 0.091944 0.763044 0.318123 200.000000 200.000000 200.000000
v 0.078074 -0.999061 0.077170 200.000000 200.000000 200.000000
v 0.064013 -0.454378 0.229518 200.000000 200.000000 200.000000
v -0.174720 -0.383462 0.088414 200.000000 200.000000 200.000000
v 0.102043 -0.427448 0.223019 200.000000 200.000000 200.000000
v 0.129748 -0.146081 0.159510 200.000000 200.000000 200.000000
v 0.066854 -0.682556 0.102480 200.000000 200.000000 200.000000
v 0.111875 -0.172689 0.168866 200.000000 200.000000 200.000000
v -0.340402 0.546525 -0.586252 200.000000 200.000000 200.000000
v -0.174638 0.576022 -0.331906 200.000000 200.000000 200.000000
v 0.108570 0.150350 0.366408 200.000000 200.000000 200.000000
v 0.226839 0.436509 0.411950 200.000000 200.000000 200.000000
v 0.098089 0.051505 0.378552 200.000000 200.000000 200.000000
v -0.031962 -0.686167 0.168382 200.000000 200.000000 200.000000
v 0.160590 0.336375 0.385704 200.000000 200.000000 200.000000
v 0.161266 0.189381 0.476640 200.000000 200.000000 200.000000
v -0.049316 0.522987 -0.039023 200.000000 200.000000 200.000000
v 0.226587 0.531413 0.194101 200.000000 200.000000 200.000000
v 0.232729 0.109045 0.262101 200.000000 200.000000 200.000000
v -0.162106 -0.369125 0.125155 200.000000 200.000000 200.000000
v -0.076428 0.194695 0.188184 200.000000 200.000000 200.000000
v -0.090671 -0.986125 0.036599 200.000000 200.000000 200.000000
v 0.006226 -0.908402 0.309912 200.000000 200.000000 200.000000
v -0.106668 -0.320850 0.165252 200.000000 200.000000 200.000000
v 0.245513 0.492077 0.341119 200.000000 200.000000 200.000000
v 0.093216 -0.613647 0.372907 200.000000 200.000000 200.000000
v 0.067404 0.648145 0.300929 200.000000 200.000000 200.000000
v 0.136807 -0.752414 0.264840 200.000000 200.000000 200.000000
v 0.139091 0.592047 0.057856 200.000000 200.000000 200.000000
v 0.132311 0.894607 0.351187 200.000000 200.000000 200.000000
v -0.130312 -0.166781 0.156128 200.000000 200.000000 200.000000
v 0.137842 -0.374290 0.276884 200.000000 200.000000 200.000000
v 0.095203 -0.267628 0.111831 200.000000 200.000000 200.000000
v -0.262137 0.529374 -0.546040 200.000000 200.000000 200.000000
v 0.012516 -0.344712 0.169234 200.000000 200.000000 200.000000
v 0.223519 0.461731 0.176975 200.000000 200.000000 200.000000
v 0.124264 0.814038 0.178707 200.000000 200.000000 200.000000
v 0.209636 0.413013 0.473520 200.000000 200.000000 200.000000
v 0.017784 0.657086 0.080518 200.000000 200.000000 200.000000
v 0.201282 0.518777 0.513310 200.000000 200.000000 200.000000
v -0.062786 -0.984497 0.116225 200.000000 200.000000 200.000000
v -0.019802 -0.413496 0.268142 200.000000 200.000000 200.000000
v -0.015189 -0.613312 -0.009415 200.000000 200.000000 200.000000
v -0.004807 -0.022962 0.352896 200.000000 200.000000 200.000000
v -0.067662 0.937666 0.224413 200.000000 200.000000 200.000000
v 0.196099 0.648174 0.306042 200.000000 200.000000 200.000000
v 0.010770 -0.770604 0.231079 200.000000 200.000000 200.000000
v 0.052090 0.071857 0.372296 200.000000 200.000000 200.000000
v -0.111706 -0.094347 0.029646 200.000000 200.000000 200.000000
v 0.261414 0.049137 0.284862 200.000000 200.000000 200.000000
v -0.038332 0.599376 -0.099226 200.000000 200.000000 200.000000
v -0.172746 0.540454 -0.249495 200.000000 200.000000 200.000000
v -0.060848 0.509901 -0.187061 200.000000 200.000000 200.000000
v -0.032192 0.420883 0.066665 200.000000 200.000000 200.000000
v -0.133819 -0.127518 0.128967 200.000000 200.000000 200.000000
v 0.241002 0.559354 0.361392 200.000000 200.000000 200.000000
v -0.053680 0.431402 0.158443 200.000000 200.000000 200.000000
v 0.036908 -0.911243 0.178427 200.000000 200.000000 200.000000
v -0.065433 -0.512418 0.320601 200.000000 200.000000 200.000000
v 0.178527 0.057786 0.071306 200.000000 200.000000 200.000000
v 0.107867 -0.039604 0.015746 200.000000 200.000000 200.000000
v -0.105654 -0.212333 0.005828 200.000000 200.000000 200.000000
v -0.276999 0.551916 -0.514196 200.000000 200.000000 200.000000
v 0.079485 -0.998427 0.283888 200.000000 200.000000 200.000000
v -0.046092 -0.362475 0.271175 200.000000 200.000000 200.000000
v -0.067027 0.293064 0.221861 200.000000 200.000000 200.000000
v -0.010324 -0.667953 0.414091 200.000000 200.000000 200.000000
v 0.014101 0.911633 0.120645 200.000000 200.000000 200.000000
v 0.139508 0.509250 0.044664 200.000000 200.000000 200.000000
v 0.065803 -0.473156 0.374877 200.000000 200.000000 200.000000
v 0.099124 -0.787676 0.348596 200.000000 200.000000 200.000000
v -0.116832 -0.091379 0.143771 200.000000 200.000000 200.000000
v 0.021650 -0.467849 0.040202 200.000000 200.000000 200.000000
v 0.092207 -0.958614 0.193345 200.000000 200.000000 200.000000
v -0.069428 -0.238779 0.243178 200.000000 200.000000 200.000000
v 0.027380 -0.344311 0.163192 200.000000 200.000000 200.000000
v -0.007194 0.163743 0.317330 200.000000 200.000000 200.000000
v 0.021608 -0.508945 0.250620 200.000000 200.000000 200.000000
v 0.030871 0.196647 0.015592 200.000000 200.000000 200.000000
v 0.071134 -0.247066 0.411556 200.000000 200.000000 200.000000
v 0.107398 0.468066 0.433141 200.000000 200.000000 200.000000
v -0.045501 -0.746903 0.295765 200.000000 200.000000 200.000000
v 0.017205 -0.519087 0.051748 200.000000 200.000000 200.000000
v -0.004630 0.632838 0.061404 200.000000 200.000000 200.000000
v 0.104980 -0.878400 0.134026 200.000000 200.000000 200.000000
v 0.146868 -0.327890 0.254483 200.000000 200.000000 200.000000
v -0.002581 0.004854 0.001153 200.000000 200.000000 200.000000
v 0.019277 -0.976889 0.321466 200.000000 200.000000 200.000000
v 0.006137 -0.485790 0.038946 200.000000 200.000000 200.000000
v -0.004082 -0.430721 0.263739 200.000000 200.000000 200.000000
v 0.064514 0.242249 0.017782 200.000000 200.000000 200.000000
v 0.284681 0.342420 0.553369 200.000000 200.000000 200.000000
v 0.108108 -0.013542 0.382179 200.000000 200.000000 200.000000
v -0.070704 0.525891 -0.086369 200.000000 200.000000 200.000000
v -0.153612 -0.269401 0.121724 200.000000 200.000000 200.000000
v -0.148725 -0.633108 0.100086 200.000000 200.000000 200.000000
v 0.164816 -0.934788 0.267180 200.000000 200.000000 200.000000
v -0.000325 0.636239 0.209628 200.000000 200.000000 200.000000
v 0.085565 0.100598 0.382585 200.000000 200.000000 200.000000
v -0.048854 -0.148667 -0.004067 200.000000 200.000000 200.000000
v -0.174353 -0.339762 0.076089 200.000000 200.000000 200.000000
v -0.089183 -0.813853 0.078222 200.000000 200.000000 200.000000
v 0.284371 0.227469 0.555113 200.000000 200.000000 200.000000
v 0.312777 0.439942 0.580405 200.000000 200.000000 200.000000
v 0.208711 0.243930 0.278915 200.000000 200.000000 200.000000
v 0.010804 0.958854 0.144428 200.000000 200.000000 200.000000
v -0.028712 -0.205662 -0.004122 200.000000 200.000000 200.000000
v 0.045516 -0.367917 0.139474 200.000000 200.000000 200.000000
v 0.088556 -0.943181 0.167454 200.000000 200.000000 200.000000
v 0.244665 0.448775 0.549083 200.000000 200.000000 200.000000
v 0.069030 -0.715640 0.225532 200.000000 200.000000 200.000000
v 0.089154 -0.607567 0.373435 200.000000 200.000000 200.000000
v 0.001265 0.631175 0.245120 200.000000 200.000000 200.000000
v -0.239710 0.524271 -0.498660 200.000000 200.000000 200.000000
v 0.127547 -0.999152 0.110025 200.000000 200.000000 200.000000
v 0.161213 0.150652 0.366764 200.000000 200.000000 200.000000
v 0.011672 0.404138 0.016483 200.000000 200.000000 200.000000
v -0.006464 -0.803828 0.239521 200.000000 200.000000 200.000000
v 0.184622 0.633259 0.390180 200.000000 200.000000 200.000000
v 0.238406 0.349321 0.235007 200.000000 200.000000 200.000000
v -0.111354 -0.543419 0.018151 200.000000 200.000000 200.000000
v 0.248030 0.414274 0.468395 200.000000 200.000000 200.000000
v 0.011483 0.238127 0.022329 200.000000 200.000000 200.000000
v 0.179454 0.882822 0.208017 200.000000 200.000000 200.000000
v 0.083121 0.546219 0.398829 200.000000 200.000000 200.000000
v -0.041573 -0.626546 -0.010812 200.000000 200.000000 200.000000
v 0.108032 0.702093 0.287166 200.000000 200.000000 200.000000
v -0.138218 -0.383370 0.025418 200.000000 200.000000 200.000000
v -0.018645 -0.501370 0.269791 200.000000 200.000000 200.000000
v 0.025424 0.556301 -0.092679 200.000000 200.000000 200.000000
v -0.081449 0.065189 0.167012 200.000000 200.000000 200.000000
v -0.172845 -0.464311 0.061551 200.000000 200.000000 200.000000
v 0.160415 -0.260743 0.275630 200.000000 200.000000 200.000000
v 0.094198 -0.998524 0.295838 200.000000 200.000000 200.000000
v -0.020993 0.392922 0.042903 200.000000 200.000000 200.000000
v 0.108798 -0.294521 0.364257 200.000000 200.000000 200.000000
v 0.017026 0.293542 0.354257 200.000000 200.000000 200.000000
v 0.060250 -0.999840 0.377369 200.000000 200.000000 200.000000
v 0.061913 -0.303284 0.417865 200.000000 200.000000 200.000000
v -0.080556 0.098838 0.176739 200.000000 200.000000 200.000000
v -0.097904 -0.045592 0.051814 200.000000 200.000000 200.000000
v 0.150961 -0.115141 0.115825 200.000000 200.000000 200.000000
v -0.370601 0.510428 -0.614539 200.000000 200.000000 200.000000
v -0.124206 -0.535231 0.031305 200.000000 200.000000 200.000000
v -0.121915 0.574032 -0.205571 200.000000 200.000000 200.000000
v 0.070897 -0.114259 0.003284 200.000000 200.000000 200.000000
v 0.250559 0.483467 0.316491 200.000000 200.000000 200.000000
v 0.224022 0.158310 0.305030 200.000000 200.000000 200.000000
v 0.122824 -0.625459 0.267892 200.000000 200.000000 200.000000
v 0.210024 0.421443 0.525657 200.000000 200.000000 200.000000
v 0.026333 0.057599 -0.002018 200.000000 200.000000 200.000000
v 0.146835 -0.327534 0.273228 200.000000 200.000000 200.000000
v 0.314978 0.404350 0.603616 200.000000 200.000000 200.000000
v 0.082109 -0.146404 0.011839 200.000000 200.000000 200.000000
v 0.227577 0.384669 0.342616 200.000000 200.000000 200.000000
v -0.369480 0.511485 -0.611847 200.000000 200.000000 200.000000
v 0.159978 0.114601 0.065077 200.000000 200.000000 200.000000
v -0.090343 -0.887172 0.080751 200.000000 200.000000 200.000000
v 0.053212 -0.625726 0.409657 200.000000 200.000000 200.000000
v 0.228200 0.372880 0.181545 200.000000 200.000000 200.000000
v 0.143358 0.764329 0.265751 200.000000 200.000000 200.000000
v 0.008537 0.022585 0.355418 200.000000 200.000000 200.000000
v 0.114381 0.737526 0.199272 200.000000 200.000000 200.000000
v 0.157162 0.718429 0.206432 200.000000 200.000000 200.000000
v 0.340509 0.278436 0.569864 200.000000 200.000000 200.000000
v 0.232512 0.521302 0.210423 200.000000 200.000000 200.000000
v 0.086122 0.989822 0.238229 200.000000 200.000000 200.000000
v -0.050936 -0.515882 0.422907 200.000000 200.000000 200.000000
v 0.165929 -0.150499 0.314770 200.000000 200.000000 200.000000
v -0.078782 -0.502492 0.404627 200.000000 200.000000 200.000000
v 0.102636 -0.608298 0.257063 200.000000 200.000000 200.000000
v -0.137655 0.499242 -0.286124 200.000000 200.000000 200.000000
v 0.005124 0.575261 0.240107 200.000000 200.000000 200.000000
v -0.063505 -0.971058 0.074044 200.000000 200.000000 200.000000
v 0.194251 0.104672 0.173536 200.000000 200.000000 200.000000
v 0.134790 0.167730 0.042004 200.000000 200.000000 200.000000
v 0.163251 0.665586 0.309794 200.000000 200.000000 200.000000
v -0.109845 0.576977 -0.146995 200.000000 200.000000 200.000000
v 0.161793 0.103504 0.357691 200.000000 200.000000 200.000000
v 0.053375 0.668293 0.063582 200.000000 200.000000 200.000000
v -0.284139 0.528628 -0.584691 200.000000 200.000000 200.000000
v -0.010409 -0.399569 0.161882 200.000000 200.000000 200.000000
v -0.017781 -0.102945 0.411118 200.000000 200.000000 200.000000
v 0.010547 -0.981784 0.159300 200.000000 200.000000 200.000000
v 0.044499 0.531181 0.349227 200.000000 200.000000 200.000000
v 0.136945 0.672851 0.171039 200.000000 200.000000 200.000000
v -0.177638 -0.257309 0.074332 200.000000 200.000000 200.000000
v 0.017741 -0.878435 0.350169 200.000000 200.000000 200.000000
v 0.130944 -0.700309 0.329719 200.000000 200.000000 200.000000
v 0.031485 -0.788702 0.368030 200.000000 200.000000 200.000000
v -0.088307 -0.356523 0.381373 200.000000 200.000000 200.000000
v 0.048420 -0.423508 0.084133 200.000000 200.000000 200.000000
v -0.049046 0.534353 -0.003046 200.000000 200.000000 200.000000
v -0.081988 -0.359037 0.406221 200.000000 200.000000 200.000000
v -0.080909 -0.405855 0.167035 200.000000 200.000000 200.000000
v 0.110675 0.675910 0.115039 200.000000 200.000000 200.000000
v 0.019061 -0.987303 0.398880 200.000000 200.000000 200.000000
v 0.103681 0.599518 0.365845 200.000000 200.000000 200.000000
v -0.060227 0.162036 0.253049 200.000000 200.000000 200.000000
v 0.174381 0.241617 0.384022 200.000000 200.000000 200.000000
v -0.031932 0.226220 0.288470 200.000000 200.000000 200.000000
v -0.155582 -0.399838 0.038794 200.000000 200.000000 200.000000
v 0.220056 0.196341 0.306988 200.000000 200.000000 200.000000
v -0.083387 -0.320485 -0.009479 200.000000 200.000000 200.000000
v 0.244868 0.566855 0.388228 200.000000 200.000000 200.000000
v 0.062165 0.604766 -0.023233 200.000000 200.000000 200.000000
v 0.076437 0.995677 0.214877 200.000000 200.000000 200.000000
v 0.081182 -0.170320 0.014764 200.000000 200.000000 200.000000
v -0.031983 0.928173 0.213456 200.000000 200.000000 200.000000
v -0.149479 -0.217893 0.143080 200.000000 200.000000 200.000000
v 0.197715 -0.029539 0.296964 200.000000 200.000000 200.000000
v 0.171297 0.022313 0.343523 200.000000 200.000000 200.000000
v 0.190463 0.642747 0.199945 200.000000 200.000000 200.000000
v 0.019358 0.031768 0.359067 200.000000 200.000000 200.000000
v -0.020102 0.557559 0.133036 200.000000 200.000000 200.000000
v -0.135270 -0.673275 0.065401 200.000000 200.000000 200.000000
v 0.040320 -0.612767 0.039316 200.000000 200.000000 200.000000
v -0.009928 0.860019 0.146922 200.000000 200.000000 200.000000
v -0.014414 0.385243 0.344203 200.000000 200.000000 200.000000
v -0.111214 -0.605847 0.033964 200.000000 200.000000 200.000000
v 0.036153 -0.999261 0.402582 200.000000 200.000000 200.000000
v 0.056187 0.670168 0.081538 200.000000 200.000000 200.000000
v -0.159519 -0.171568 0.098076 200.000000 200.000000 200.000000
v 0.166344 0.472890 0.486671 200.000000 200.000000 200.000000
v 0.244738 0.543645 0.338536 200.000000 200.000000 200.000000
v 0.022863 -0.096013 0.413474 200.000000 200.000000 200.000000
v -0.035659 -0.595232 0.284617 200.000000 200.000000 200.000000
v -0.013794 0.612074 -0.060164 200.000000 200.000000 200.000000
v 0.056228 -0.862271 0.052793 200.000000 200.000000 200.000000
v 0.162509 -0.222669 0.233077 200.000000 200.000000 200.000000
v 0.009457 -0.348509 0.435263 200.000000 200.000000 200.000000
v 0.114486 0.481644 0.439412 200.000000 200.000000 200.000000
v 0.143865 -0.849283 0.225610 200.000000 200.000000 200.000000
v -0.356168 0.491051 -0.608580 200.000000 200.000000 200.000000
v 0.178671 0.900354 0.281572 200.000000 200.000000 200.000000
v -0.040204 -0.764542 0.362211 200.000000 200.000000 200.000000
v -0.053451 -0.273471 -0.011731 200.000000 200.000000 200.000000
v -0.149653 0.556057 -0.353618 200.000000 200.000000 200.000000
v 0.080642 -0.995154 0.408837 200.000000 200.000000 200.000000
v -0.050576 0.260690 0.098533 200.000000 200.000000 200.000000
v -0.070002 -0.305324 0.417336 200.000000 200.000000 200.000000
v 0.117126 0.788530 0.326464 200.000000 200.000000 200.000000
v -0.259807 0.513885 -0.474968 200.000000 200.000000 200.000000
v 0.206703 0.417680 0.455915 200.000000 200.000000 200.000000
v -0.075115 0.115779 0.158631 200.000000 200.000000 200.000000
v -0.090531 0.578355 -0.226922 200.000000 200.000000 200.000000
v 0.109033 -0.513994 0.284393 200.000000 200.000000 200.000000
v 0.107594 0.546910 0.429856 200.000000 200.000000 200.000000
v 0.173880 0.203132 0.492603 200.000000 200.000000 200.000000
v 0.105224 -0.740671 0.359112 200.000000 200.000000 200.000000
v -0.039222 0.338498 0.291010 200.000000 200.000000 200.000000
v -0.058947 0.874069 0.211013 200.000000 200.000000 200.000000
v -0.068124 -0.892230 0.060157 200.000000 200.000000 200.000000
v 0.166262 0.170580 0.434869 200.000000 200.000000 200.000000
v 0.216017 0.491440 0.154566 200.000000 200.000000 200.000000
v 0.179732 0.304252 0.114069 200.000000 200.000000 200.000000
v 0.151289 -0.995621 0.172339 200.000000 200.000000 200.000000
v -0.277154 0.549879 -0.463486 200.000000 200.000000 200.000000
v -0.049977 -0.654709 0.272680 200.000000 200.000000 200.000000
v 0.070062 -0.874681 0.063448 200.000000 200.000000 200.000000
v 0.055335 -0.002676 0.000112 200.000000 200.000000 200.000000
v 0.091836 0.964061 0.170934 200.000000 200.000000 200.000000
v 0.145098 0.243995 0.078894 200.000000 200.000000 200.000000
v 0.145183 0.174400 0.354940 200.000000 200.000000 200.000000
v 0.018879 -0.820673 0.227902 200.000000 200.000000 200.000000
v 0.236658 0.341442 0.218908 200.000000 200.000000 200.000000
v 0.234008 0.528401 0.217560 200.000000 200.000000 200.000000
v 0.254756 0.455451 0.388913 200.000000 200.000000 200.000000
v -0.013099 0.501243 0.284489 200.000000 200.000000 200.000000
v 0.046437 0.108787 0.002481 200.000000 200.000000 200.000000
v 0.118700 -0.904110 0.187346 200.000000 200.000000 200.000000
v 0.224239 0.173192 0.314605 200.000000 200.000000 200.000000
v -0.102273 0.573234 -0.258279 200.000000 200.000000 200.000000
v 0.043576 -0.287732 0.006333 200.000000 200.000000 200.000000
v 0.058993 0.066253 0.376635 200.000000 200.000000 200.000000
v 0.005371 -0.312140 0.178022 200.000000 200.000000 200.000000
v -0.118653 -0.584260 0.128794 200.000000 200.000000 200.000000
v 0.171764 0.647057 0.383573 200.000000 200.000000 200.000000
v 0.001450 -0.585610 0.144710 200.000000 200.000000 200.000000
v 0.042747 -0.952694 0.217976 200.000000 200.000000 200.000000
v 0.107100 0.765020 0.315347 200.000000 200.000000 200.000000
v -0.008015 -0.532084 0.143730 200.000000 200.000000 200.000000
v 0.232318 0.189833 0.305993 200.000000 200.000000 200.000000
v -0.078150 -0.221428 0.327270 200.000000 200.000000 200.000000
v 0.039287 -0.505038 0.089860 200.000000 200.000000 200.000000
v 0.154557 -0.294806 0.261658 200.000000 200.000000 200.000000
v 0.172775 0.098662 0.079413 200.000000 200.000000 200.000000
v -0.172057 0.497519 -0.302853 200.000000 200.000000 200.000000
v 0.170850 0.822371 0.228225 200.000000 200.000000 200.000000
v -0.075361 0.007837 0.114616 200.000000 200.000000 200.000000
v 0.016201 -0.248533 0.214896 200.000000 200.000000 200.000000
v -0.036882 -0.859794 0.068294 200.000000 200.000000 200.000000
v -0.040169 0.371503 0.281114 200.000000 200.000000 200.000000
v -0.073290 -0.312492 0.411358 200.000000 200.000000 200.000000
v -0.093695 -0.367879 0.334532 200.000000 200.000000 200.000000
v 0.021931 0.844939 0.140577 200.000000 200.000000 200.000000
v -0.086158 -0.022965 0.152130 200.000000 200.000000 200.000000
v -0.157648 -0.604845 0.075710 200.000000 200.000000 200.000000
v 0.075974 -0.407021 0.220178 200.000000 200.000000 200.000000
v -0.006471 -0.633283 0.232086 200.000000 200.000000 200.000000
v 0.041071 0.152068 0.346279 200.000000 200.000000 200.000000
v -0.041707 -0.505570 0.424956 200.000000 200.000000 200.000000
v -0.010733 -0.969340 0.159121 200.000000 200.000000 200.000000
v -0.124861 -0.532120 0.146127 200.000000 200.000000 200.000000
v -0.068250 0.230155 0.145222 200.000000 200.000000 200.000000
v 0.089279 -0.420810 0.220330 200.000000 200.000000 200.000000
v -0.069087 0.144846 0.138374 200.000000 200.000000 200.000000
v 0.175392 0.436656 0.080999 200.000000 200.000000 200.000000
v -0.031005 0.082112 0.304061 200.000000 200.000000 200.000000
v -0.014547 -0.060590 0.385873 200.000000 200.000000 200.000000
v 0.149745 0.422715 0.061610 200.000000 200.000000 200.000000
v 0.041782 -0.649709 0.405823 200.000000 200.000000 200.000000
v 0.147461 0.954599 0.267391 200.000000 200.000000 200.000000
v 0.050609 0.300811 0.371570 200.000000 200.000000 200.000000
v -0.050548 0.559913 -0.015084 200.000000 200.000000 200.000000
v 0.027045 -0.346599 0.231292 200.000000 200.000000 200.000000
v 0.250547 0.454698 0.289880 200.000000 200.000000 200.000000
v -0.048584 -0.473117 0.290108 200.000000 200.000000 200.000000
v 0.014173 -0.521621 0.250393 200.000000 200.000000 200.000000
v -0.019778 -0.455495 0.270159 200.000000 200.000000 200.000000
v 0.103864 -0.659247 0.262473 200.000000 200.000000 200.000000
v 0.166289 0.124514 0.353033 200.000000 200.000000 200.000000
v 0.251459 0.022627 0.306912 200.000000 200.000000 200.000000
v 0.019988 -0.247400 0.189078 200.000000 200.000000 200.000000
v -0.303743 0.466502 -0.605012 200.000000 200.000000 200.000000
v 0.065645 0.994323 0.266718 200.000000 200.000000 200.000000
v 0.045996 0.514129 0.362630 200.000000 200.000000 200.000000
v 0.056088 -0.873315 0.199842 200.000000 200.000000 200.000000
v 0.362284 0.392215 0.553674 200.000000 200.000000 200.000000
v 0.329417 0.334080 0.543889 200.000000 200.000000 200.000000
v -0.031182 0.517404 -0.149736 200.000000 200.000000 200.000000
v 0.113871 0.526345 0.437357 200.000000 200.000000 200.000000
v 0.077415 -0.349967 0.211525 200.000000 200.000000 200.000000
v -0.040294 -0.761915 0.357985 200.000000 200.000000 200.000000
v 0.303038 0.241496 0.534300 200.000000 200.000000 200.000000
v 0.197103 0.120753 0.201690 200.000000 200.000000 200.000000
v 0.098349 -0.207239 0.401323 200.000000 200.000000 200.000000
v 0.132030 0.707807 0.217068 200.000000 200.000000 200.000000
v -0.010193 -0.407173 0.161740 200.000000 200.000000 200.000000
v -0.162020 -0.454804 0.048150 200.000000 200.000000 200.000000
v 0.010984 0.601665 0.163786 200.000000 200.000000 200.000000
v -0.017110 -0.093411 0.406932 200.000000 200.000000 200.000000
v -0.038170 0.019763 0.301262 200.000000 200.000000 200.000000
v 0.042240 -0.747559 0.153257 200.000000 200.000000 200.000000
v 0.242694 0.256430 0.370808 200.000000 200.000000 200.000000
v -0.014285 0.523431 0.259320 200.000000 200.000000 200.000000
v -0.103691 0.522527 -0.281654 200.000000 200.000000 200.000000
v 0.070153 -0.999363 0.410878 200.000000 200.000000 200.000000
v 0.090828 0.822773 0.355667 200.000000 200.000000 200.000000
v 0.059537 -0.706998 0.385650 200.000000 200.000000 200.000000
v 0.306454 0.369768 0.608713 200.000000 200.000000 200.000000
v -0.164694 -0.191885 0.101347 200.000000 200.000000 200.000000
v -0.059891 -0.718557 0.319282 200.000000 200.000000 200.000000
v 0.013914 -0.645804 0.413952 200.000000 200.000000 200.000000
v 0.051990 -0.623613 0.410511 200.000000 200.000000 200.000000
v -0.011848 -0.081037 0.408062 200.000000 200.000000 200.000000
v 0.059676 0.995245 0.229118 200.000000 200.000000 200.000000
v -0.367924 0.480243 -0.585446 200.000000 200.000000 200.000000
v 0.098040 0.668815 0.328597 200.000000 200.000000 200.000000
v -0.009473 0.186245 0.319372 200.000000 200.000000 200.000000
v -0.035860 -0.688367 0.397533 200.000000 200.000000 200.000000
v -0.084333 -0.320124 -0.008997 200.000000 200.000000 200.000000
v 0.126614 -0.151532 0.162218 200.000000 200.000000 200.000000
v -0.152652 0.548378 -0.363589 200.000000 200.000000 200.000000
v 0.019920 -0.855056 0.360922 200.000000 200.000000 200.000000
v -0.051472 0.730545 0.224208 200.000000 200.000000 200.000000
v -0.155888 -0.401948 0.039113 200.000000 200.000000 200.000000
v -0.048945 0.370648 0.249447 200.000000 200.000000 200.000000
v 0.042911 -0.555827 0.237300 200.000000 200.000000 200.000000
v 0.193257 0.532550 0.505428 200.000000 200.000000 200.000000
v 0.056009 -0.494294 0.415641 200.000000 200.000000 200.000000
v 0.066980 0.974449 0.192177 200.000000 200.000000 200.000000
v 0.032108 0.590770 0.310789 200.000000 200.000000 200.000000
v -0.055917 0.879923 0.239705 200.000000 200.000000 200.000000
v 0.031252 -0.987777 0.284517 200.000000 200.000000 200.000000
v 0.069546 -0.317254 0.135272 200.000000 200.000000 200.000000
v -0.020083 -0.226450 0.219805 200.000000 200.000000 200.000000
v 0.090095 -0.558302 0.378085 200.000000 200.000000 200.000000
v 0.040181 -0.724890 0.393793 200.000000 200.000000 200.000000
v 0.036107 0.110429 0.370260 200.000000 200.000000 200.000000
v 0.072401 -0.999711 0.365033 200.000000 200.000000 200.000000
v -0.120616 0.580730 -0.263567 200.000000 200.000000 200.000000
v -0.007102 0.265779 0.028525 200.000000 200.000000 200.000000
v -0.024235 -0.532342 0.423958 200.000000 200.000000 200.000000
v -0.059986 0.189177 0.261019 200.000000 200.000000 200.000000
v -0.338900 0.476097 -0.602920 200.000000 200.000000 200.000000
v 0.024677 -0.877654 0.180311 200.000000 200.000000 200.000000
v 0.106016 -0.193999 0.395236 200.000000 200.000000 200.000000
v 0.036601 0.650885 0.018150 200.000000 200.000000 200.000000
v -0.079039 -0.362317 0.316236 200.000000 200.000000 200.000000
v 0.121713 -0.938853 0.180444 200.000000 200.000000 200.000000
v 0.131283 0.853952 0.352949 200.000000 200.000000 200.000000
v 0.026253 -0.740800 0.396567 200.000000 200.000000 200.000000
v 0.077098 -0.999258 0.327727 200.000000 200.000000 200.000000
v -0.035587 0.504029 0.098301 200.000000 200.000000 200.000000
v -0.062960 0.214317 0.127518 200.000000 200.000000 200.000000
v -0.037753 -0.766469 0.312516 200.000000 200.000000 200.000000
v 0.223078 0.610950 0.353963 200.000000 200.000000 200.000000
v 0.189612 0.482061 0.088438 200.000000 200.000000 200.000000
v 0.189885 0.361170 0.390203 200.000000 200.000000 200.000000
v 0.093290 -0.809143 0.107431 200.000000 200.000000 200.000000
v 0.179389 0.146816 0.451801 200.000000 200.000000 200.000000
v -0.066818 -0.670936 0.163174 200.000000 200.000000 200.000000
v -0.013313 -0.430720 0.436523 200.000000 200.000000 200.000000
v -0.032084 -0.198893 0.426669 200.000000 200.000000 200.000000
v -0.058203 0.207198 0.258813 200.000000 200.000000 200.000000
v 0.085688 0.895431 0.371879 200.000000 200.000000 200.000000
v -0.139400 0.565523 -0.226693 200.000000 200.000000 200.000000
v 0.183353 0.308633 0.385378 200.000000 200.000000 200.000000
v 0.105591 -0.432145 0.318094 200.000000 200.000000 200.000000
v -0.247159 0.556735 -0.465080 200.000000 200.000000 200.000000
v -0.049344 -0.513144 0.157607 200.000000 200.000000 200.000000
v 0.151230 -0.868456 0.234162 200.000000 200.000000 200.000000
v -0.076765 0.058639 0.104049 200.000000 200.000000 200.000000
v -0.023498 0.542964 0.162509 200.000000 200.000000 200.000000
v 0.111160 -0.998188 0.138644 200.000000 200.000000 200.000000
v 0.087051 -0.847307 0.315120 200.000000 200.000000 200.000000
v 0.202391 0.380152 0.124854 200.000000 200.000000 200.000000
v 0.109007 -0.313477 0.358407 200.000000 200.000000 200.000000
v -0.103677 -0.118886 0.192995 200.000000 200.000000 200.000000
v 0.037885 0.188469 0.015330 200.000000 200.000000 200.000000
v 0.114237 0.953637 0.327208 200.000000 200.000000 200.000000
v -0.022621 0.809471 0.292802 200.000000 200.000000 200.000000
v 0.010674 -0.780355 0.231605 200.000000 200.000000 200.000000
v 0.006900 -0.605488 0.250437 200.000000 200.000000 200.000000
v -0.040253 -0.762967 0.363257 200.000000 200.000000 200.000000
v -0.364349 0.467090 -0.592546 200.000000 200.000000 200.000000
v 0.062745 -0.414039 0.034766 200.000000 200.000000 200.000000
v 0.167889 0.873511 0.303800 200.000000 200.000000 200.000000
v -0.377411 0.492925 -0.569567 200.000000 200.000000 200.000000
v -0.358766 0.472198 -0.620256 200.000000 200.000000 200.000000
v 0.042484 0.080247 0.375784 200.000000 200.000000 200.000000
v -0.007931 0.494303 -0.016323 200.000000 200.000000 200.000000
v -0.187767 0.569405 -0.309003 200.000000 200.000000 200.000000
v -0.146542 -0.454565 0.034039 200.000000 200.000000 200.000000
v -0.066636 -0.565011 -0.014662 200.000000 200.000000 200.000000
v -0.075865 0.068983 0.123303 200.000000 200.000000 200.000000
v 0.061269 -0.777239 0.364967 200.000000 200.000000 200.000000
v 0.084697 0.668120 0.320675 200.000000 200.000000 200.000000
v 0.138839 0.787620 0.199633 200.000000 200.000000 200.000000
v -0.078356 0.590229 -0.152949 200.000000 200.000000 200.000000
v 0.012757 -0.732113 0.241900 200.000000 200.000000 200.000000
v -0.046969 0.947632 0.250237 200.000000 200.000000 200.000000
v 0.000412 0.607397 0.311380 200.000000 200.000000 200.000000
v 0.254205 0.117754 0.264923 200.000000 200.000000 200.000000
v -0.027355 -0.594029 0.420548 200.000000 200.000000 200.000000
v 0.066738 -0.944541 0.200652 200.000000 200.000000 200.000000
v -0.028243 -0.337938 -0.010261 200.000000 200.000000 200.000000
v 0.040616 -0.984426 0.247644 200.000000 200.000000 200.000000
v -0.022572 0.591161 0.034731 200.000000 200.000000 200.000000
v 0.103048 0.090871 0.016827 200.000000 200.000000 200.000000
v 0.191829 -0.032728 0.147355 200.000000 200.000000 200.000000
v 0.021537 0.564720 0.295951 200.000000 200.000000 200.000000
v 0.030111 0.971134 0.181276 200.000000 200.000000 200.000000
v 0.258747 0.082623 0.256946 200.000000 200.000000 200.000000
v 0.018709 0.056344 -0.002072 200.000000 200.000000 200.000000
v 0.160314 0.147756 0.083474 200.000000 200.000000 200.000000
v 0.156351 0.790229 0.234849 200.000000 200.000000 200.000000
v -0.087726 -0.185627 0.204467 200.000000 200.000000 200.000000
v -0.064824 0.208960 0.213583 200.000000 200.000000 200.000000
v 0.136410 0.043423 0.029445 200.000000 200.000000 200.000000
v 0.058895 0.104047 0.003907 200.000000 200.000000 200.000000
v -0.096760 -0.729103 0.123949 200.000000 200.000000 200.000000
v 0.277707 0.449680 0.568868 200.000000 200.000000 200.000000
v -0.155160 -0.426683 0.040092 200.000000 200.000000 200.000000
v 0.010095 0.703092 0.268899 200.000000 200.000000 200.000000
v -0.044234 0.052772 0.296313 200.000000 200.000000 200.000000
v -0.029464 -0.646625 0.242194 200.000000 200.000000 200.000000
v 0.125556 0.172440 0.360630 200.000000 200.000000 200.000000
v 0.020629 -0.216709 0.002395 200.000000 200.000000 200.000000
v -0.144597 -0.163313 0.130812 200.000000 200.000000 200.000000
v 0.116391 0.945759 0.343409 200.000000 200.000000 200.000000
v 0.047414 -0.638971 0.231013 200.000000 200.000000 200.000000
v 0.126092 0.954711 0.181229 200.000000 200.000000 200.000000
v 0.016982 0.648349 0.019516 200.000000 200.000000 200.000000
v 0.172569 0.936497 0.220994 200.000000 200.000000 200.000000
v 0.133503 -0.998652 0.156617 200.000000 200.000000 200.000000
v 0.154095 0.129331 0.475882 200.000000 200.000000 200.000000
v -0.043008 -0.426994 0.432554 200.000000 200.000000 200.000000
v 0.046580 0.123252 0.362650 200.000000 200.000000 200.000000
v 0.314111 0.464576 0.547087 200.000000 200.000000 200.000000
v 0.135501 -0.381827 0.261637 200.000000 200.000000 200.000000
v 0.092639 -0.999352 0.384015 200.000000 200.000000 200.000000
v -0.036868 0.267517 0.285968 200.000000 200.000000 200.000000
v 0.122784 -0.117668 0.047352 200.000000 200.000000 200.000000
v -0.006883 0.174835 0.030728 200.000000 200.000000 200.000000
v -0.067905 -0.389828 0.307179 200.000000 200.000000 200.000000
v 0.057606 0.903863 0.128797 200.000000 200.000000 200.000000
v 0.251855 0.403185 0.377930 200.000000 200.000000 200.000000
v -0.050268 0.908665 0.285606 200.000000 200.000000 200.000000
v 0.085444 -0.143981 0.014111 200.000000 200.000000 200.000000
v -0.055092 0.810952 0.230299 200.000000 200.000000 200.000000
v -0.057005 -0.469643 -0.006445 200.000000 200.000000 200.000000
v 0.199828 0.479587 0.104195 200.000000 200.000000 200.000000
v 0.165285 0.128971 0.457922 200.000000 200.000000 200.000000
v -0.057911 0.304556 0.126797 200.000000 200.000000 200.000000
v 0.250422 0.460074 0.402340 200.000000 200.000000 200.000000
v 0.065881 -0.026452 -0.004852 200.000000 200.000000 200.000000
v -0.168933 -0.260731 0.106292 200.000000 200.000000 200.000000
v -0.000234 -0.826490 0.174208 200.000000 200.000000 200.000000
v 0.124000 -0.378050 0.228298 200.000000 200.000000 200.000000
v 0.024509 0.077389 0.340831 200.000000 200.000000 200.000000
v 0.121261 -0.463052 0.286352 200.000000 200.000000 200.000000
v 0.140068 -0.114637 0.369815 200.000000 200.000000 200.000000
v 0.076892 0.706866 0.180440 200.000000 200.000000 200.000000
v 0.246731 0.549400 0.407409 200.000000 200.000000 200.000000
v 0.042550 0.144626 0.360486 200.000000 200.000000 200.000000
v 0.042809 0.487798 -0.045098 200.000000 200.000000 200.000000
v -0.006405 -0.440587 0.263627 200.000000 200.000000 200.000000
v -0.052862 -0.498889 0.298319 200.000000 200.000000 200.000000
v -0.148215 -0.599488 0.106770 200.000000 200.000000 200.000000
v 0.240673 0.524103 0.237800 200.000000 200.000000 200.000000
v -0.063875 0.160894 0.113227 200.000000 200.000000 200.000000
v -0.038581 0.403130 0.088527 200.000000 200.000000 200.000000
v -0.040797 -0.712345 0.169398 200.000000 200.000000 200.000000
v 0.037088 -0.251267 0.182481 200.000000 200.000000 200.000000
v -0.114144 -0.446205 0.158106 200.000000 200.000000 200.000000
v -0.110964 -0.356708 0.008845 200.000000 200.000000 200.000000
v -0.018921 0.531711 0.220522 200.000000 200.000000 200.000000
v -0.007861 -0.466070 0.142601 200.000000 200.000000 200.000000
v 0.080427 -0.488680 0.232519 200.000000 200.000000 200.000000
v 0.144317 -0.998192 0.213894 200.000000 200.000000 200.000000
v -0.121968 -0.506087 0.021641 200.000000 200.000000 200.000000
v -0.131203 -0.305297 0.141179 200.000000 200.000000 200.000000
v -0.054836 0.244127 0.252913 200.000000 200.000000 200.000000
v 0.271288 0.501808 0.525398 200.000000 200.000000 200.000000
v -0.085412 0.572631 -0.090828 200.000000 200.000000 200.000000
v 0.003166 -0.462064 0.256308 200.000000 200.000000 200.000000
v -0.049327 -0.295865 -0.015156 200.000000 200.000000 200.000000
v 0.080340 -0.699810 0.226128 200.000000 200.000000 200.000000
v 0.124462 -0.631658 0.314667 200.000000 200.000000 200.000000
v 0.048492 -0.556686 0.233545 200.000000 200.000000 200.000000
v 0.065472 -0.520590 0.413870 200.000000 200.000000 200.000000
v 0.035755 -0.521044 0.422020 200.000000 200.000000 200.000000
v -0.007109 -0.974747 0.040666 200.000000 200.000000 200.000000
v -0.068511 -0.530166 0.331628 200.000000 200.000000 200.000000
v -0.051017 -0.342720 -0.015133 200.000000 200.000000 200.000000
v 0.203280 0.166582 0.470300 200.000000 200.000000 200.000000
v 0.007668 0.973237 0.279997 200.000000 200.000000 200.000000
v 0.141066 -0.131860 0.153129 200.000000 200.000000 200.000000
v 0.141376 0.931194 0.336825 200.000000 200.000000 200.000000
v 0.171166 0.891168 0.187045 200.000000 200.000000 200.000000
v 0.217744 0.228352 0.484745 200.000000 200.000000 200.000000
v 0.138640 0.446474 0.448048 200.000000 200.000000 200.000000
v 0.141017 -0.165536 0.353085 200.000000 200.000000 200.000000
v 0.205815 0.476553 0.119520 200.000000 200.000000 200.000000
v -0.062343 -0.358443 0.305107 200.000000 200.000000 200.000000
v -0.007485 -0.744392 0.391288 200.000000 200.000000 200.000000
v 0.109100 -0.144639 0.396735 200.000000 200.000000 200.000000
v 0.077959 0.535413 -0.014837 200.000000 200.000000 200.000000
v -0.013697 0.480471 -0.045258 200.000000 200.000000 200.000000
v 0.229163 0.324299 0.184865 200.000000 200.000000 200.000000
v 0.093018 0.004000 0.383309 200.000000 200.000000 200.000000
v 0.012452 -0.982888 0.157700 200.000000 200.000000 200.000000
v -0.023841 -0.657655 0.238121 200.000000 200.000000 200.000000
v -0.268053 0.552410 -0.511610 200.000000 200.000000 200.000000
v 0.216805 0.214389 0.542664 200.000000 200.000000 200.000000
v 0.140163 0.557345 0.466400 200.000000 200.000000 200.000000
v 0.145108 -0.859205 0.219121 200.000000 200.000000 200.000000
v 0.025657 -0.636126 0.226310 200.000000 200.000000 200.000000
v -0.052642 0.345300 0.124036 200.000000 200.000000 200.000000
v -0.017179 0.479087 0.024808 200.000000 200.000000 200.000000
v 0.141232 -0.871429 0.216896 200.000000 200.000000 200.000000
v -0.009309 -0.152046 -0.008454 200.000000 200.000000 200.000000
v -0.042231 -0.179300 0.411690 200.000000 200.000000 200.000000
v 0.180636 0.497755 0.499569 200.000000 200.000000 200.000000
v 0.085582 0.670067 0.083178 200.000000 200.000000 200.000000
v 0.109638 -0.872668 0.306988 200.000000 200.000000 200.000000
v -0.056748 0.150232 0.268883 200.000000 200.000000 200.000000
v 0.012633 0.616538 0.252549 200.000000 200.000000 200.000000
v -0.035747 -0.169313 0.416154 200.000000 200.000000 200.000000
v -0.312248 0.498991 -0.543683 200.000000 200.000000 200.000000
v 0.243186 0.414286 0.256181 200.000000 200.000000 200.000000
v 0.308028 0.386863 0.604249 200.000000 200.000000 200.000000
v -0.155101 -0.246179 0.128527 200.000000 200.000000 200.000000
v 0.247754 0.531294 0.313418 200.000000 200.000000 200.000000
v 0.142076 -0.307533 0.313455 200.000000 200.000000 200.000000
v 0.171796 -0.216640 0.270451 200.000000 200.000000 200.000000
v 0.066510 -0.603248 0.237071 200.000000 200.000000 200.000000
v -0.030903 -0.623832 0.413843 200.000000 200.000000 200.000000
v -0.019484 -0.585772 0.273964 200.000000 200.000000 200.000000
v -0.069930 -0.804556 0.127668 200.000000 200.000000 200.000000
v -0.041619 0.850387 0.193391 200.000000 200.000000 200.000000
v 0.124010 0.774673 0.310071 200.000000 200.000000 200.000000
v 0.005463 0.844316 0.336030 200.000000 200.000000 200.000000
v 0.150702 0.327890 0.070870 200.000000 200.000000 200.000000
v -0.014434 -0.725790 0.006936 200.000000 200.000000 200.000000
v 0.297100 0.238862 0.563037 200.000000 200.000000 200.000000
v -0.034125 -0.084607 0.377036 200.000000 200.000000 200.000000
v 0.127392 -0.777688 0.239753 200.000000 200.000000 200.000000
v 0.019330 0.076102 0.330088 200.000000 200.000000 200.000000
v -0.034511 0.375044 0.077842 200.000000 200.000000 200.000000
v -0.167532 -0.227126 0.055711 200.000000 200.000000 200.000000
v -0.104571 -0.855070 0.082905 200.000000 200.000000 200.000000
v 0.081074 0.835847 0.361397 200.000000 200.000000 200.000000
v -0.002239 -0.301183 0.434784 200.000000 200.000000 200.000000
v 0.139715 -0.919867 0.182327 200.000000 200.000000 200.000000
v 0.130123 -0.785927 0.331896 200.000000 200.000000 200.000000
v 0.227673 -0.009353 0.215383 200.000000 200.000000 200.000000
v 0.152252 0.553676 0.477231 200.000000 200.000000 200.000000
v 0.153453 0.379335 0.409257 200.000000 200.000000 200.000000
v 0.101766 0.283438 0.370952 200.000000 200.000000 200.000000
v 0.060758 -0.971275 0.066050 200.000000 200.000000 200.000000
v 0.265332 0.056755 0.257516 200.000000 200.000000 200.000000
v 0.052236 -0.531565 0.089762 200.000000 200.000000 200.000000
v 0.174977 -0.054280 0.114202 200.000000 200.000000 200.000000
v 0.031228 -0.429164 0.242648 200.000000 200.000000 200.000000
v 0.240462 0.383226 0.240342 200.000000 200.000000 200.000000
v -0.082005 -0.131929 0.248265 200.000000 200.000000 200.000000
v 0.196423 0.427016 0.106250 200.000000 200.000000 200.000000
v -0.055137 0.120774 0.266484 200.000000 200.000000 200.000000
v 0.088441 -0.541798 0.317947 200.000000 200.000000 200.000000
v 0.135170 0.715836 0.177757 200.000000 200.000000 200.000000
v -0.005776 -0.924398 0.302981 200.000000 200.000000 200.000000
v -0.089919 -0.383426 0.394580 200.000000 200.000000 200.000000
v -0.035549 0.868409 0.169043 200.000000 200.000000 200.000000
v 0.003757 0.704529 0.188861 200.000000 200.000000 200.000000
v 0.148504 0.205212 0.090073 200.000000 200.000000 200.000000
v 0.255847 0.069530 0.253265 200.000000 200.000000 200.000000
v 0.253317 0.197649 0.524354 200.000000 200.000000 200.000000
v 0.035444 0.735853 0.163569 200.000000 200.000000 200.000000
v 0.360325 0.384952 0.550205 200.000000 200.000000 200.000000
v -0.080706 0.054058 0.135478 200.000000 200.000000 200.000000
v 0.172524 0.858844 0.197862 200.000000 200.000000 200.000000
v 0.160847 -0.010780 0.053429 200.000000 200.000000 200.000000
v 0.266329 0.033111 0.262222 200.000000 200.000000 200.000000
v -0.066577 0.175123 0.129305 200.000000 200.000000 200.000000
v -0.001092 -0.396082 0.010461 200.000000 200.000000 200.000000
v 0.183469 0.152000 0.492199 200.000000 200.000000 200.000000
v -0.007112 0.864227 0.328577 200.000000 200.000000 200.000000
v 0.128945 -0.415060 0.302406 200.000000 200.000000 200.000000
v -0.075741 -0.583226 0.344089 200.000000 200.000000 200.000000
v -0.071496 0.115543 0.141239 200.000000 200.000000 200.000000
v -0.197134 0.562820 -0.399198 200.000000 200.000000 200.000000
v -0.042906 0.113341 0.042338 200.000000 200.000000 200.000000
v 0.051939 0.602857 0.334045 200.000000 200.000000 200.000000
v 0.193229 0.634708 0.377359 200.000000 200.000000 200.000000
v 0.079061 0.521800 0.395899 200.000000 200.000000 200.000000
v 0.127143 0.974181 0.211317 200.000000 200.000000 200.000000
v -0.143133 -0.344189 0.027033 200.000000 200.000000 200.000000
v 0.106729 0.498738 0.431532 200.000000 200.000000 200.000000
v 0.237378 0.575589 0.312517 200.000000 200.000000 200.000000
v -0.023962 -0.894433 0.059855 200.000000 200.000000 200.000000
v 0.178101 0.047411 0.336857 200.000000 200.000000 200.000000
v -0.089715 -0.367045 0.389195 200.000000 200.000000 200.000000
v -0.056408 0.385634 0.156461 200.000000 200.000000 200.000000
v -0.044680 -0.743042 0.167092 200.000000 200.000000 200.000000
v 0.093430 0.101127 0.389459 200.000000 200.000000 200.000000
v 0.245928 0.539715 0.325854 200.000000 200.000000 200.000000
v 0.100390 0.607597 0.019280 200.000000 200.000000 200.000000
v 0.025741 0.425040 0.379554 200.000000 200.000000 200.000000
v 0.091668 -0.766848 0.226069 200.000000 200.000000 200.000000
v -0.068105 -0.670681 0.337856 200.000000 200.000000 200.000000
v 0.014446 -0.999291 0.035147 200.000000 200.000000 200.000000
v 0.069538 0.500858 0.394520 200.000000 200.000000 200.000000
v -0.367999 0.507035 -0.608053 200.000000 200.000000 200.000000
v 0.059434 -0.523596 0.359933 200.000000 200.000000 200.000000
v 0.016571 0.609097 0.156811 200.000000 200.000000 200.000000
v -0.056891 0.149790 0.079017 200.000000 200.000000 200.000000
v 0.103236 0.214187 0.368240 200.000000 200.000000 200.000000
v -0.089053 -0.007188 0.092842 200.000000 200.000000 200.000000
v 0.053861 0.644198 0.009861 200.000000 200.000000 200.000000
v 0.143819 -0.805174 0.319145 200.000000 200.000000 200.000000
v -0.020336 -0.688359 0.166939 200.000000 200.000000 200.000000
v -0.169165 0.499379 -0.321668 200.000000 200.000000 200.000000
v 0.268762 0.429914 0.460331 200.000000 200.000000 200.000000
v 0.083246 -0.796230 0.212126 200.000000 200.000000 200.000000
v -0.236104 0.543820 -0.489050 200.000000 200.000000 200.000000
v -0.161123 -0.488333 0.052521 200.000000 200.000000 200.000000
v 0.193017 0.454136 0.525559 200.000000 200.000000 200.000000
v 0.045021 0.121080 0.368056 200.000000 200.000000 200.000000
v 0.158442 0.695286 0.255067 200.000000 200.000000 200.000000
v 0.204503 0.141984 0.244587 200.000000 200.000000 200.000000
v 0.180536 0.653817 0.220014 200.000000 200.000000 200.000000
v 0.166072 0.704583 0.259990 200.000000 200.000000 200.000000
v 0.056715 0.334971 0.377150 200.000000 200.000000 200.000000
v -0.107367 -0.522926 0.007517 200.000000 200.000000 200.000000
v -0.018003 -0.002850 0.311713 200.000000 200.000000 200.000000
v 0.069894 0.062361 0.407327 200.000000 200.000000 200.000000
v -0.035027 -0.371525 0.436777 200.000000 200.000000 200.000000
v 0.019598 -0.474023 0.040978 200.000000 200.000000 200.000000
v 0.018212 0.826365 0.140781 200.000000 200.000000 200.000000
v -0.079945 -0.199038 0.243757 200.000000 200.000000 200.000000
v -0.057330 -0.537147 -0.022226 200.000000 200.000000 200.000000
v -0.041601 -0.662068 -0.003550 200.000000 200.000000 200.000000
v 0.010848 -0.642971 0.008039 200.000000 200.000000 200.000000
v -0.014158 -0.095897 0.408480 200.000000 200.000000 200.000000
v 0.041451 -0.245361 0.423788 200.000000 200.000000 200.000000
v -0.035716 -0.734903 0.169792 200.000000 200.000000 200.000000
v -0.173805 -0.267095 0.059086 200.000000 200.000000 200.000000
v 0.168124 0.617654 0.102945 200.000000 200.000000 200.000000
v 0.044413 0.525460 -0.075842 200.000000 200.000000 200.000000
v 0.376621 0.377552 0.599880 200.000000 200.000000 200.000000
v 0.065821 -0.679485 0.101525 200.000000 200.000000 200.000000
v 0.206906 0.203018 0.262076 200.000000 200.000000 200.000000
v 0.038406 0.776189 0.149439 200.000000 200.000000 200.000000
v -0.062495 -0.658897 0.299834 200.000000 200.000000 200.000000
v 0.157694 -0.812050 0.293606 200.000000 200.000000 200.000000
v 0.108250 0.104664 0.019857 200.000000 200.000000 200.000000
v -0.053664 -0.665682 0.168336 200.000000 200.000000 200.000000
v 0.144544 -0.191124 0.204620 200.000000 200.000000 200.000000
v 0.038784 -0.321430 0.426020 200.000000 200.000000 200.000000
v -0.018790 0.947623 0.178930 200.000000 200.000000 200.000000
v -0.003277 0.419382 0.355525 200.000000 200.000000 200.000000
v -0.220100 0.523266 -0.345404 200.000000 200.000000 200.000000
v -0.041404 0.106087 0.294212 200.000000 200.000000 200.000000
v -0.301604 0.498769 -0.590307 200.000000 200.000000 200.000000
v 0.108293 -0.507355 0.304457 200.000000 200.000000 200.000000
v 0.083751 0.313672 0.037054 200.000000 200.000000 200.000000
v 0.003118 0.484916 0.000255 200.000000 200.000000 200.000000
v -0.005801 0.873479 0.329820 200.000000 200.000000 200.000000
v 0.193316 -0.098268 0.283542 200.000000 200.000000 200.000000
v -0.016856 0.512977 -0.114494 200.000000 200.000000 200.000000
v 0.082566 0.622451 0.312952 200.000000 200.000000 200.000000
v 0.043950 -0.698062 0.045711 200.000000 200.000000 200.000000
v 0.087661 0.672439 0.321047 200.000000 200.000000 200.000000
v -0.224676 0.539950 -0.475667 200.000000 200.000000 200.000000
v 0.070591 -0.479314 0.230626 200.000000 200.000000 200.000000
v 0.212491 0.154675 0.190056 200.000000 200.000000 200.000000
v -0.008121 -0.322269 0.437263 200.000000 200.000000 200.000000
v -0.058709 0.758428 0.186367 200.000000 200.000000 200.000000
v 0.041726 0.815556 0.334279 200.000000 200.000000 200.000000
v 0.116004 0.401428 0.409892 200.000000 200.000000 200.000000
v -0.001885 -0.982713 0.028798 200.000000 200.000000 200.000000
v 0.216250 0.411639 0.145271 200.000000 200.000000 200.000000
v -0.062149 -0.639471 0.309554 200.000000 200.000000 200.000000
v 0.078338 -0.586329 0.393433 200.000000 200.000000 200.000000
v -0.013944 0.339703 0.340702 200.000000 200.000000 200.000000
v 0.016267 0.653283 0.211206 200.000000 200.000000 200.000000
v -0.095202 -0.100257 0.025817 200.000000 200.000000 200.000000
v -0.373395 0.493815 -0.623000 200.000000 200.000000 200.000000
v 0.032712 0.884005 0.144985 200.000000 200.000000 200.000000
v 0.043361 0.452800 0.387071 200.000000 200.000000 200.000000
v -0.049309 -0.132892 0.382964 200.000000 200.000000 200.000000
v 0.057727 -0.049445 0.405157 200.000000 200.000000 200.000000
v 0.070302 -0.795124 0.143772 200.000000 200.000000 200.000000
v -0.091183 -0.020265 0.142931 200.000000 200.000000 200.000000
v 0.065524 -0.978002 0.363581 200.000000 200.000000 200.000000
v 0.087391 0.745329 0.307991 200.000000 200.000000 200.000000
v 0.065101 0.641717 0.339578 200.000000 200.000000 200.000000
v 0.202387 0.624871 0.383555 200.000000 200.000000 200.000000
v -0.053181 -0.587416 0.302242 200.000000 200.000000 200.000000
v -0.034592 0.481371 0.237803 200.000000 200.000000 200.000000
v -0.153091 -0.507268 0.108356 200.000000 200.000000 200.000000
v 0.094876 -0.872488 0.195354 200.000000 200.000000 200.000000
v 0.160781 -0.030344 0.350154 200.000000 200.000000 200.000000
v 0.101103 0.150039 0.386319 200.000000 200.000000 200.000000
v 0.015596 0.657875 0.217055 200.000000 200.000000 200.000000
v 0.066371 -0.707879 0.220735 200.000000 200.000000 200.000000
v -0.019546 0.784233 0.287591 200.000000 200.000000 200.000000
v -0.274753 0.546941 -0.526902 200.000000 200.000000 200.000000
v 0.167905 -0.949563 0.198029 200.000000 200.000000 200.000000
v 0.061969 0.429813 0.398955 200.000000 200.000000 200.000000
v 0.025423 0.245870 0.021329 200.000000 200.000000 200.000000
v -0.090367 -0.902188 0.102584 200.000000 200.000000 200.000000
v 0.209240 0.031051 0.153826 200.000000 200.000000 200.000000
v 0.031723 -0.943044 0.343464 200.000000 200.000000 200.000000
v -0.046922 0.565919 -0.012695 200.000000 200.000000 200.000000
v 0.180452 0.915330 0.241807 200.000000 200.000000 200.000000
v 0.058223 0.128780 0.363169 200.000000 200.000000 200.000000
v -0.366321 0.491039 -0.564517 200.000000 200.000000 200.000000
v 0.225092 0.034787 0.208919 200.000000 200.000000 200.000000
v 0.060163 0.755896 0.164642 200.000000 200.000000 200.000000
v 0.172996 0.204717 0.358619 200.000000 200.000000 200.000000
v 0.028188 0.504076 0.348787 200.000000 200.000000 200.000000
v 0.054216 -0.056885 0.407464 200.000000 200.000000 200.000000
v -0.065016 0.246294 0.200208 200.000000 200.000000 200.000000
v -0.012973 0.539361 -0.132123 200.000000 200.000000 200.000000
v -0.018717 -0.755395 0.261983 200.000000 200.000000 200.000000
v 0.304738 0.249140 0.571471 200.000000 200.000000 200.000000
v -0.057149 -0.510892 0.421667 200.000000 200.000000 200.000000
v -0.030556 0.409168 0.302917 200.000000 200.000000 200.000000
v -0.034421 0.084157 0.027261 200.000000 200.000000 200.000000
v 0.002854 -0.915989 0.306497 200.000000 200.000000 200.000000
v -0.004721 0.954957 0.138006 200.000000 200.000000 200.000000
v -0.050763 -0.855063 0.135489 200.000000 200.000000 200.000000
v 0.244152 0.489384 0.343096 200.000000 200.000000 200.000000
v 0.033444 -0.463372 0.242374 200.000000 200.000000 200.000000
v -0.016951 0.330178 0.037512 200.000000 200.000000 200.000000
v 0.054055 0.411391 0.027568 200.000000 200.000000 200.000000
v 0.293616 0.379010 0.518610 200.000000 200.000000 200.000000
v -0.144779 0.508213 -0.202551 200.000000 200.000000 200.000000
v 0.052238 -0.247797 0.177298 200.000000 200.000000 200.000000
v -0.010868 0.530509 0.263787 200.000000 200.000000 200.000000
v 0.242031 0.345192 0.354760 200.000000 200.000000 200.000000
v -0.261965 0.519587 -0.556703 200.000000 200.000000 200.000000
v 0.061203 -0.339038 0.015286 200.000000 200.000000 200.000000
v 0.035796 -0.542795 0.248721 200.000000 200.000000 200.000000
v -0.150459 -0.443507 0.130769 200.000000 200.000000 200.000000
v 0.162161 0.450513 0.493540 200.000000 200.000000 200.000000
v 0.012286 -0.886595 0.253429 200.000000 200.000000 200.000000
v -0.010220 -0.035512 0.358224 200.000000 200.000000 200.000000
v 0.115472 0.716859 0.178212 200.000000 200.000000 200.000000
v 0.160378 0.665635 0.312584 200.000000 200.000000 200.000000
v 0.122054 -0.176076 0.098384 200.000000 200.000000 200.000000
v -0.033385 0.511275 -0.142239 200.000000 200.000000 200.000000
v -0.008539 -0.624601 0.422780 200.000000 200.000000 200.000000
v -0.071947 -0.246084 0.378273 200.000000 200.000000 200.000000
v 0.217614 0.035737 0.178168 200.000000 200.000000 200.000000
v 0.170416 0.135241 0.445123 200.000000 200.000000 200.000000
v 0.042384 0.745383 0.160473 200.000000 200.000000 200.000000
v -0.040608 -0.659001 -0.004566 200.000000 200.000000 200.000000
v 0.152291 0.437512 0.458510 200.000000 200.000000 200.000000
v 0.021669 -0.600840 0.012609 200.000000 200.000000 200.000000
v -0.326330 0.471450 -0.623767 200.000000 200.000000 200.000000
v -0.088570 -0.483954 -0.005325 200.000000 200.000000 200.000000
v -0.042295 -0.476230 0.154291 200.000000 200.000000 200.000000
v 0.199058 0.144319 0.310565 200.000000 200.000000 200.000000
v -0.040594 0.454939 0.239224 200.000000 200.000000 200.000000
v 0.150844 0.298228 0.070766 200.000000 200.000000 200.000000
v -0.062966 -0.523594 -0.021640 200.000000 200.000000 200.000000
v -0.082145 0.126347 0.188689 200.000000 200.000000 200.000000
v 0.095129 -0.741838 0.364583 200.000000 200.000000 200.000000
v 0.063665 0.949165 0.149761 200.000000 200.000000 200.000000
v -0.102763 -0.723933 0.056364 200.000000 200.000000 200.000000
v 0.157259 0.076546 0.047999 200.000000 200.000000 200.000000
v -0.296582 0.525720 -0.491617 200.000000 200.000000 200.000000
v 0.121067 0.593859 0.029395 200.000000 200.000000 200.000000
v 0.306955 0.447532 0.480349 200.000000 200.000000 200.000000
v 0.052365 0.967731 0.314386 200.000000 200.000000 200.000000
v 0.098326 -0.354720 0.349898 200.000000 200.000000 200.000000
v 0.077791 0.569268 0.385951 200.000000 200.000000 200.000000
v -0.056395 0.816629 0.242666 200.000000 200.000000 200.000000
v 0.130080 -0.975832 0.306885 200.000000 200.000000 200.000000
v -0.173938 -0.350571 0.065464 200.000000 200.000000 200.000000
v 0.054171 0.658643 0.147349 200.000000 200.000000 200.000000
v -0.005594 0.634953 0.044992 200.000000 200.000000 200.000000
v 0.244372 0.292858 0.544504 200.000000 200.000000 200.000000
v -0.003156 -0.428267 0.263042 200.000000 200.000000 200.000000
v 0.004215 -0.689484 0.163902 200.000000 200.000000 200.000000
v 0.072430 0.064551 0.374135 200.000000 200.000000 200.000000
v -0.018347 0.497776 0.277114 200.000000 200.000000 200.000000
v 0.103920 0.153402 0.019010 200.000000 200.000000 200.000000
v -0.080903 -0.277696 0.366113 200.000000 200.000000 200.000000
v 0.200252 0.352251 0.128524 200.000000 200.000000 200.000000
v -0.058735 0.185044 0.095455 200.000000 200.000000 200.000000
v -0.020715 -0.740616 0.269417 200.000000 200.000000 200.000000
v 0.044853 -0.798724 0.158171 200.000000 200.000000 200.000000
v 0.218235 0.157631 0.305528 200.000000 200.000000 200.000000
v 0.051524 -0.599283 0.090034 200.000000 200.000000 200.000000
v -0.010370 -0.564312 0.259063 200.000000 200.000000 200.000000
v -0.087957 -0.345602 0.349018 200.000000 200.000000 200.000000
v -0.031236 0.528471 0.111123 200.000000 200.000000 200.000000
v 0.019027 0.952204 0.316912 200.000000 200.000000 200.000000
v 0.083316 0.576661 0.382942 200.000000 200.000000 200.000000
v 0.212993 0.134496 0.263597 200.000000 200.000000 200.000000
v 0.132552 -0.409273 0.296191 200.000000 200.000000 200.000000
v -0.204923 0.509315 -0.422625 200.000000 200.000000 200.000000
v 0.128555 0.806070 0.151255 200.000000 200.000000 200.000000
v 0.184808 -0.087311 0.183012 200.000000 200.000000 200.000000
v -0.129835 -0.720345 0.103670 200.000000 200.000000 200.000000
v -0.036714 -0.956099 0.151095 200.000000 200.000000 200.000000
v 0.207031 0.428525 0.124665 200.000000 200.000000 200.000000
v -0.057514 -0.394497 -0.005104 200.000000 200.000000 200.000000
v -0.036742 0.752185 0.165045 200.000000 200.000000 200.000000
v 0.086095 0.452444 0.018832 200.000000 200.000000 200.000000
v -0.085776 -0.305129 0.179281 200.000000 200.000000 200.000000
v 0.056914 0.513293 -0.053553 200.000000 200.000000 200.000000
v 0.135728 0.356137 0.400911 200.000000 200.000000 200.000000
v -0.101393 -0.042980 0.106499 200.000000 200.000000 200.000000
v 0.185752 0.006192 0.083738 200.000000 200.000000 200.000000
v -0.094669 -0.530827 -0.000468 200.000000 200.000000 200.000000
v -0.018648 0.617431 0.014099 200.000000 200.000000 200.000000
v 0.156687 -0.280839 0.274223 200.000000 200.000000 200.000000
v 0.249620 0.449932 0.278130 200.000000 200.000000 200.000000
v -0.056742 0.879192 0.209644 200.000000 200.000000 200.000000
v -0.078475 -0.013309 0.186281 200.000000 200.000000 200.000000
v 0.079583 -0.301350 0.062848 200.000000 200.000000 200.000000
v 0.269188 0.335277 0.566292 200.000000 200.000000 200.000000
v 0.330119 0.438547 0.516542 200.000000 200.000000 200.000000
v 0.238030 0.434522 0.324574 200.000000 200.000000 200.000000
v 0.239197 0.014997 0.214286 200.000000 200.000000 200.000000
v -0.051957 0.571396 -0.022819 200.000000 200.000000 200.000000
v 0.146751 -0.764985 0.305617 200.000000 200.000000 200.000000
v -0.025758 0.943364 0.289598 200.000000 200.000000 200.000000
v -0.050638 0.334242 0.116274 200.000000 200.000000 200.000000
v 0.145909 0.683882 0.311622 200.000000 200.000000 200.000000
v -0.010400 -0.199357 0.430313 200.000000 200.000000 200.000000
v 0.088533 -0.280161 0.095641 200.000000 200.000000 200.000000
v 0.001604 0.581149 -0.102827 200.000000 200.000000 200.000000
v 0.111428 0.675095 0.110760 200.000000 200.000000 200.000000
v 0.003658 0.613460 0.252864 200.000000 200.000000 200.000000
v 0.073977 -0.484082 0.370408 200.000000 200.000000 200.000000
v 0.253013 -0.003761 0.229328 200.000000 200.000000 200.000000
v 0.030063 -0.769528 0.379502 200.000000 200.000000 200.000000
v 0.217472 0.209120 0.476129 200.000000 200.000000 200.000000
v -0.104934 -0.758026 0.115818 200.000000 200.000000 200.000000
v 0.301119 0.440523 0.580126 200.000000 200.000000 200.000000
v 0.277797 0.346716 0.588281 200.000000 200.000000 200.000000
v 0.001117 0.947338 0.312473 200.000000 200.000000 200.000000
v 0.042767 -0.594427 0.052073 200.000000 200.000000 200.000000
v 0.061159 -0.392731 0.026026 200.000000 200.000000 200.000000
v -0.019747 -0.801989 0.270346 200.000000 200.000000 200.000000
v -0.090069 -0.668506 0.033357 200.000000 200.000000 200.000000
v 0.056596 0.666448 0.103835 200.000000 200.000000 200.000000
v 0.217383 0.359563 0.153087 200.000000 200.000000 200.000000
v 0.221604 0.172994 0.290623 200.000000 200.000000 200.000000
v 0.236639 0.277434 0.527194 200.000000 200.000000 200.000000
v 0.197592 -0.083869 0.286070 200.000000 200.000000 200.000000
v -0.080501 -0.228504 0.330772 200.000000 200.000000 200.000000
v -0.138123 -0.247458 0.147688 200.000000 200.000000 200.000000
v -0.009860 0.945984 0.179356 200.000000 200.000000 200.000000
v 0.084508 -0.476034 0.372014 200.000000 200.000000 200.000000
v -0.002252 -0.480444 0.031854 200.000000 200.000000 200.000000
v 0.146755 -0.769886 0.304338 200.000000 200.000000 200.000000
v 0.072921 -0.250992 0.167837 200.000000 200.000000 200.000000
v 0.047662 -0.501401 0.239097 200.000000 200.000000 200.000000
v 0.056263 -0.578197 0.224515 200.000000 200.000000 200.000000
v 0.171358 0.420427 0.497768 200.000000 200.000000 200.000000
v 0.058855 0.483008 -0.007589 200.000000 200.000000 200.000000
v -0.108161 -0.534725 0.011125 200.000000 200.000000 200.000000
v -0.083002 -0.643196 0.018511 200.000000 200.000000 200.000000
v 0.051413 -0.524045 0.417892 200.000000 200.000000 200.000000
v 0.042905 0.664438 0.102133 200.000000 200.000000 200.000000
v -0.021856 -0.973765 0.043612 200.000000 200.000000 200.000000
v -0.049531 -0.366348 0.274294 200.000000 200.000000 200.000000
v -0.165300 -0.366809 0.045653 200.000000 200.000000 200.000000
v 0.279513 0.420871 0.578840 200.000000 200.000000 200.000000
v 0.163538 0.153800 0.094958 200.000000 200.000000 200.000000
v -0.001011 0.572282 0.280963 200.000000 200.000000 200.000000
v 0.060513 0.943243 0.350796 200.000000 200.000000 200.000000
v 0.044168 0.057620 0.361421 200.000000 200.000000 200.000000
v -0.025077 0.934550 0.209207 200.000000 200.000000 200.000000
v 0.150488 -0.926582 0.297839 200.000000 200.000000 200.000000
v 0.032066 0.889943 0.130167 200.000000 200.000000 200.000000
v -0.014236 0.546501 0.268435 200.000000 200.000000 200.000000
v 0.156687 0.154807 0.393305 200.000000 200.000000 200.000000
v 0.319221 0.286990 0.529620 200.000000 200.000000 200.000000
v 0.069852 -0.263948 0.412848 200.000000 200.000000 200.000000
v -0.015938 -0.860702 0.327129 200.000000 200.000000 200.000000
v 0.002420 -0.414782 0.255543 200.000000 200.000000 200.000000
v 0.012816 0.468115 0.010800 200.000000 200.000000 200.000000
v -0.057904 0.125327 0.075188 200.000000 200.000000 200.000000
v -0.069370 0.081577 0.098789 200.000000 200.000000 200.000000
v -0.068226 -0.603448 0.342167 200.000000 200.000000 200.000000
v 0.109574 -0.198199 0.159033 200.000000 200.000000 200.000000
v -0.037594 0.833288 0.177087 200.000000 200.000000 200.000000
v -0.033541 0.493183 -0.053623 200.000000 200.000000 200.000000
v -0.055746 -0.186638 -0.003393 200.000000 200.000000 200.000000
v 0.086035 -0.635203 0.391010 200.000000 200.000000 200.000000
v -0.090491 -0.998748 0.073844 200.000000 200.000000 200.000000
v 0.050020 -0.736940 0.037558 200.000000 200.000000 200.000000
v -0.200016 0.502942 -0.380938 200.000000 200.000000 200.000000
v -0.080687 -0.225186 0.323144 200.000000 200.000000 200.000000
v -0.149631 0.538051 -0.197990 200.000000 200.000000 200.000000
v -0.171283 -0.472510 0.096206 200.000000 200.000000 200.000000
v 0.187420 0.292789 0.387460 200.000000 200.000000 200.000000
v -0.375340 0.503970 -0.574227 200.000000 200.000000 200.000000
v 0.277179 0.346969 0.586527 200.000000 200.000000 200.000000
v 0.077871 -0.284426 0.401583 200.000000 200.000000 200.000000
v 0.020515 0.091996 0.007608 200.000000 200.000000 200.000000
v 0.065281 -0.855807 0.327448 200.000000 200.000000 200.000000
v 0.203340 0.144552 0.205591 200.000000 200.000000 200.000000
v -0.087023 -0.293829 0.181193 200.000000 200.000000 200.000000
v 0.253302 0.279868 0.580878 200.000000 200.000000 200.000000
v -0.056919 -0.538456 0.150721 200.000000 200.000000 200.000000
v 0.170526 -0.208432 0.239873 200.000000 200.000000 200.000000
v 0.095953 -0.488231 0.354512 200.000000 200.000000 200.000000
v -0.025035 0.934737 0.294829 200.000000 200.000000 200.000000
v 0.245735 0.190858 0.514401 200.000000 200.000000 200.000000
v 0.054008 0.993718 0.248346 200.000000 200.000000 200.000000
v -0.064023 -0.409451 0.427476 200.000000 200.000000 200.000000
v 0.049187 -0.789067 0.028458 200.000000 200.000000 200.000000
v -0.042729 -0.911658 0.050160 200.000000 200.000000 200.000000
v 0.078186 -0.198811 0.190196 200.000000 200.000000 200.000000
v 0.160158 -0.021296 0.056178 200.000000 200.000000 200.000000
v 0.033454 0.592924 0.276984 200.000000 200.000000 200.000000
v 0.133964 0.791905 0.314682 200.000000 200.000000 200.000000
v 0.243384 0.540784 0.260049 200.000000 200.000000 200.000000
v 0.161502 -0.867398 0.288289 200.000000 200.000000 200.000000
v 0.103124 -0.526305 0.314188 200.000000 200.000000 200.000000
v 0.214894 0.236578 0.258253 200.000000 200.000000 200.000000
v 0.234617 0.335522 0.267209 200.000000 200.000000 200.000000
v -0.059535 0.383625 0.208372 200.000000 200.000000 200.000000
v 0.100881 -0.172874 0.400057 200.000000 200.000000 200.000000
v 0.387363 0.333509 0.607147 200.000000 200.000000 200.000000
v 0.082445 -0.832237 0.326442 200.000000 200.000000 200.000000
v -0.116502 -0.360824 0.012057 200.000000 200.000000 200.000000
v 0.237791 0.212048 0.326292 200.000000 200.000000 200.000000
v 0.070830 -0.702081 0.116479 200.000000 200.000000 200.000000
v 0.270486 0.380238 0.521198 200.000000 200.000000 200.000000
v 0.087656 -0.792382 0.131951 200.000000 200.000000 200.000000
v -0.050617 0.348997 0.119785 200.000000 200.000000 200.000000
v 0.141115 0.102392 0.364169 200.000000 200.000000 200.000000
v 0.091439 -0.705162 0.228923 200.000000 200.000000 200.000000
v 0.221948 0.260970 0.536373 200.000000 200.000000 200.000000
v 0.060921 -0.818844 0.204665 200.000000 200.000000 200.000000
v 0.014830 -0.800217 0.161256 200.000000 200.000000 200.000000
v -0.033930 0.436630 0.275031 200.000000 200.000000 200.000000
v -0.022132 -0.309857 -0.007406 200.000000 200.000000 200.000000
v 0.061023 0.775577 0.320975 200.000000 200.000000 200.000000
v -0.000291 0.294129 0.024717 200.000000 200.000000 200.000000
v 0.088241 0.110085 0.016340 200.000000 200.000000 200.000000
v -0.053452 -0.600762 0.405959 200.000000 200.000000 200.000000
v -0.067110 -0.584408 0.398405 200.000000 200.000000 200.000000
v 0.087332 -0.999502 0.356328 200.000000 200.000000 200.000000
v 0.113579 0.973055 0.281057 200.000000 200.000000 200.000000
v 0.366999 0.361595 0.628945 200.000000 200.000000 200.000000
v -0.075484 0.029750 0.226165 200.000000 200.000000 200.000000
v 0.126401 -0.907924 0.315768 200.000000 200.000000 200.000000
v 0.030911 -0.852946 0.177632 200.000000 200.000000 200.000000
v -0.344798 0.488939 -0.611115 200.000000 200.000000 200.000000
v 0.164527 0.541611 0.064287 200.000000 200.000000 200.000000
v 0.183273 0.623138 0.419851 200.000000 200.000000 200.000000
v 0.097085 -0.223207 0.159666 200.000000 200.000000 200.000000
v 0.079024 -0.636773 0.396784 200.000000 200.000000 200.000000
v 0.034793 0.676414 0.182814 200.000000 200.000000 200.000000
v 0.074424 -0.798911 0.350228 200.000000 200.000000 200.000000
v 0.180604 0.885020 0.270462 200.000000 200.000000 200.000000
v -0.013363 0.556663 0.273130 200.000000 200.000000 200.000000
v 0.070017 0.090742 0.005444 200.000000 200.000000 200.000000
v 0.146384 0.002467 0.358481 200.000000 200.000000 200.000000
v 0.151904 0.668890 0.182296 200.000000 200.000000 200.000000
v 0.116867 -0.439391 0.303917 200.000000 200.000000 200.000000
v 0.015097 0.935638 0.159873 200.000000 200.000000 200.000000
v 0.056735 -0.665504 0.129316 200.000000 200.000000 200.000000
v 0.078406 -0.366209 0.390808 200.000000 200.000000 200.000000
v 0.177056 0.084607 0.077397 200.000000 200.000000 200.000000
v -0.085884 0.036632 0.136191 200.000000 200.000000 200.000000
v -0.063483 -0.205915 0.389694 200.000000 200.000000 200.000000
v 0.049820 -0.469235 0.080290 200.000000 200.000000 200.000000
v 0.025782 0.819035 0.326238 200.000000 200.000000 200.000000
v 0.129245 -0.203509 0.366801 200.000000 200.000000 200.000000
v -0.176586 -0.472517 0.072792 200.000000 200.000000 200.000000
v 0.156570 0.280794 0.381301 200.000000 200.000000 200.000000
v 0.245190 0.072680 0.303883 200.000000 200.000000 200.000000
v 0.219372 0.321117 0.297392 200.000000 200.000000 200.000000
v 0.218173 0.305021 0.321785 200.000000 200.000000 200.000000
v -0.092277 -0.388980 0.162451 200.000000 200.000000 200.000000
v -0.105923 0.551982 -0.123740 200.000000 200.000000 200.000000
v -0.002223 -0.248037 0.432054 200.000000 200.000000 200.000000
v 0.152779 -0.854004 0.238897 200.000000 200.000000 200.000000
v 0.050582 -0.266944 0.422300 200.000000 200.000000 200.000000
v 0.035843 -0.998840 0.314371 200.000000 200.000000 200.000000
v -0.040829 0.947967 0.256681 200.000000 200.000000 200.000000
v 0.211403 0.235396 0.271971 200.000000 200.000000 200.000000
v 0.146543 0.929387 0.275731 200.000000 200.000000 200.000000
v 0.103594 -0.610761 0.329549 200.000000 200.000000 200.000000
v 0.204277 -0.054603 0.184204 200.000000 200.000000 200.000000
v -0.048628 -0.377005 -0.004281 200.000000 200.000000 200.000000
v -0.145778 0.525040 -0.351118 200.000000 200.000000 200.000000
v 0.227823 0.411803 0.478523 200.000000 200.000000 200.000000
v 0.267651 0.468451 0.554991 200.000000 200.000000 200.000000
v 0.057947 -0.756618 0.221060 200.000000 200.000000 200.000000
v 0.224493 0.379689 0.173125 200.000000 200.000000 200.000000
v -0.104154 0.554470 -0.120332 200.000000 200.000000 200.000000
v 0.314716 0.431326 0.494271 200.000000 200.000000 200.000000
v 0.250800 0.515869 0.406914 200.000000 200.000000 200.000000
v 0.112455 0.220167 0.029637 200.000000 200.000000 200.000000
v -0.085135 -0.895548 0.077762 200.000000 200.000000 200.000000
v -0.008128 -0.986732 0.150803 200.000000 200.000000 200.000000
v 0.006021 -0.874569 0.179805 200.000000 200.000000 200.000000
v -0.268450 0.508677 -0.579006 200.000000 200.000000 200.000000
v 0.054049 -0.345190 0.014489 200.000000 200.000000 200.000000
v 0.141567 0.442842 0.446895 200.000000 200.000000 200.000000
v -0.003768 0.489763 -0.014577 200.000000 200.000000 200.000000
v 0.335554 0.316228 0.541988 200.000000 200.000000 200.000000
v -0.135049 -0.699944 0.102001 200.000000 200.000000 200.000000
v -0.052369 0.022524 0.031344 200.000000 200.000000 200.000000
v 0.098172 -0.227284 0.190968 200.000000 200.000000 200.000000
v -0.074793 0.570392 -0.064541 200.000000 200.000000 200.000000
v 0.113632 -0.058541 0.022081 200.000000 200.000000 200.000000
v 0.138659 0.935790 0.178619 200.000000 200.000000 200.000000
v -0.071533 0.005183 0.163396 200.000000 200.000000 200.000000
v 0.170129 0.937483 0.232695 200.000000 200.000000 200.000000
v 0.182482 -0.027188 0.101595 200.000000 200.000000 200.000000
v -0.047315 0.456720 0.146204 200.000000 200.000000 200.000000
v 0.325215 0.426797 0.506246 200.000000 200.000000 200.000000
v 0.348067 0.416475 0.586782 200.000000 200.000000 200.000000
v -0.081663 0.050466 0.160054 200.000000 200.000000 200.000000
v 0.366758 0.398352 0.571835 200.000000 200.000000 200.000000
v -0.178731 0.575422 -0.340432 200.000000 200.000000 200.000000
v 0.104453 -0.878503 0.076214 200.000000 200.000000 200.000000
v 0.022796 -0.277510 0.429268 200.000000 200.000000 200.000000
v 0.016152 -0.410051 0.433216 200.000000 200.000000 200.000000
v -0.067276 0.911408 0.214086 200.000000 200.000000 200.000000
v 0.009137 0.472836 0.346008 200.000000 200.000000 200.000000
v 0.030794 0.131353 0.007104 200.000000 200.000000 200.000000
v -0.006813 -0.998070 0.084031 200.000000 200.000000 200.000000
v 0.009615 -0.854009 0.366445 200.000000 200.000000 200.000000
v -0.040430 0.573635 -0.154249 200.000000 200.000000 200.000000
v 0.129620 -0.191995 0.367257 200.000000 200.000000 200.000000
v 0.162037 0.388320 0.412239 200.000000 200.000000 200.000000
v -0.088448 0.540411 -0.099885 200.000000 200.000000 200.000000
v 0.081846 0.625253 0.014154 200.000000 200.000000 200.000000
v 0.230744 0.336699 0.283997 200.000000 200.000000 200.000000
v 0.128104 -0.701740 0.282712 200.000000 200.000000 200.000000
v 0.162872 -0.250999 0.274619 200.000000 200.000000 200.000000
v -0.053899 0.872148 0.251549 200.000000 200.000000 200.000000
v 0.044239 0.345891 0.013697 200.000000 200.000000 200.000000
v -0.005024 -0.931248 0.331275 200.000000 200.000000 200.000000
v -0.065819 0.288166 0.212084 200.000000 200.000000 200.000000
v 0.019010 -0.229459 0.430237 200.000000 200.000000 200.000000
v -0.002404 -0.676719 0.414098 200.000000 200.000000 200.000000
v 0.207765 0.004318 0.288267 200.000000 200.000000 200.000000
v 0.200566 0.373053 0.124047 200.000000 200.000000 200.000000
v -0.123677 -0.197539 0.160400 200.000000 200.000000 200.000000
v -0.015778 -0.213417 0.432845 200.000000 200.000000 200.000000
v 0.260105 0.408504 0.483376 200.000000 200.000000 200.000000
v -0.224242 0.559501 -0.377864 200.000000 200.000000 200.000000
v -0.044911 0.505785 -0.128073 200.000000 200.000000 200.000000
v 0.242157 0.477812 0.546734 200.000000 200.000000 200.000000
v 0.013154 -0.202860 -0.000454 200.000000 200.000000 200.000000
v -0.099053 -0.298662 0.170860 200.000000 200.000000 200.000000
v 0.139158 0.075553 0.371020 200.000000 200.000000 200.000000
v -0.084335 -0.539943 0.163486 200.000000 200.000000 200.000000
v -0.062338 0.231607 0.248818 200.000000 200.000000 200.000000
v 0.117651 0.553769 0.022425 200.000000 200.000000 200.000000
v 0.228751 0.096342 0.256985 200.000000 200.000000 200.000000
v -0.269116 0.524055 -0.450801 200.000000 200.000000 200.000000
v 0.076824 -0.931255 0.063356 200.000000 200.000000 200.000000
v 0.159966 0.201868 0.115411 200.000000 200.000000 200.000000
v -0.096473 -0.851598 0.122843 200.000000 200.000000 200.000000
v -0.016853 -0.979321 0.033457 200.000000 200.000000 200.000000
v 0.103482 -0.462483 0.316617 200.000000 200.000000 200.000000
v 0.001268 0.703498 0.207167 200.000000 200.000000 200.000000
v 0.189958 0.496391 0.087732 200.000000 200.000000 200.000000
v -0.029251 -0.426865 0.433793 200.000000 200.000000 200.000000
v 0.104542 0.619794 0.020741 200.000000 200.000000 200.000000
v 0.002162 -0.831921 0.373468 200.000000 200.000000 200.000000
v 0.114283 -0.721013 0.238745 200.000000 200.000000 200.000000
v 0.026169 -0.881633 0.340464 200.000000 200.000000 200.000000
v 0.029937 -0.791650 0.228216 200.000000 200.000000 200.000000
v -0.386992 0.480312 -0.595183 200.000000 200.000000 200.000000
v 0.112076 -0.389937 0.221138 200.000000 200.000000 200.000000
v 0.024833 0.582433 0.301694 200.000000 200.000000 200.000000
v 0.185256 0.405475 0.484780 200.000000 200.000000 200.000000
v 0.091174 -0.407621 0.360876 200.000000 200.000000 200.000000
v -0.036183 0.498629 0.202602 200.000000 200.000000 200.000000
v 0.171877 0.083294 0.347186 200.000000 200.000000 200.000000
v -0.038368 -0.182744 0.415869 200.000000 200.000000 200.000000
v -0.041672 -0.941552 0.150325 200.000000 200.000000 200.000000
v 0.093670 0.296945 0.042858 200.000000 200.000000 200.000000
v 0.185810 0.636723 0.223433 200.000000 200.000000 200.000000
v 0.309731 0.248437 0.564239 200.000000 200.000000 200.000000
v -0.009003 -0.820848 0.282401 200.000000 200.000000 200.000000
v -0.041237 -0.213362 -0.003604 200.000000 200.000000 200.000000
v 0.360735 0.335427 0.633624 200.000000 200.000000 200.000000
v 0.103644 -0.796448 0.343954 200.000000 200.000000 200.000000
v 0.083808 0.034005 0.001469 200.000000 200.000000 200.000000
v -0.031112 -0.045119 0.337210 200.000000 200.000000 200.000000
v -0.141947 0.576345 -0.243644 200.000000 200.000000 200.000000
v 0.070917 -0.550462 0.238414 200.000000 200.000000 200.000000
v -0.052017 -0.975379 0.051733 200.000000 200.000000 200.000000
v 0.025935 0.376006 0.375926 200.000000 200.000000 200.000000
v -0.219745 0.564566 -0.389676 200.000000 200.000000 200.000000
v -0.046283 -0.737421 0.292122 200.000000 200.000000 200.000000
v 0.070001 -0.712143 0.378351 200.000000 200.000000 200.000000
v -0.062812 -0.371454 0.313571 200.000000 200.000000 200.000000
v 0.087150 -0.858447 0.194258 200.000000 200.000000 200.000000
v 0.111986 0.532646 0.435437 200.000000 200.000000 200.000000
v 0.248495 0.490304 0.410965 200.000000 200.000000 200.000000
v 0.084500 -0.263234 0.401799 200.000000 200.000000 200.000000
v -0.056534 0.186517 0.088138 200.000000 200.000000 200.000000
v 0.065245 -0.364408 0.022137 200.000000 200.000000 200.000000
v 0.190614 0.092487 0.138067 200.000000 200.000000 200.000000
v -0.106198 -0.308938 0.161350 200.000000 200.000000 200.000000
v 0.365592 0.400002 0.571288 200.000000 200.000000 200.000000
v 0.138931 -0.948013 0.176632 200.000000 200.000000 200.000000
v -0.308438 0.540557 -0.589401 200.000000 200.000000 200.000000
v -0.173508 0.574095 -0.290020 200.000000 200.000000 200.000000
v -0.100973 -0.264848 0.005533 200.000000 200.000000 200.000000
v -0.082622 -0.923883 0.108832 200.000000 200.000000 200.000000
v -0.063582 0.123250 0.089069 200.000000 200.000000 200.000000
v 0.080204 -0.998166 0.280024 200.000000 200.000000 200.000000
v -0.049884 0.054705 0.288953 200.000000 200.000000 200.000000
v 0.084264 -0.291769 0.122606 200.000000 200.000000 200.000000
v 0.031083 -0.340534 0.162117 200.000000 200.000000 200.000000
v -0.081755 -0.313663 0.176583 200.000000 200.000000 200.000000
v 0.007834 -0.875561 0.257464 200.000000 200.000000 200.000000
v 0.100840 -0.244196 0.088680 200.000000 200.000000 200.000000
v -0.069332 -0.649211 0.009366 200.000000 200.000000 200.000000
v 0.021561 0.171515 0.013484 200.000000 200.000000 200.000000
v -0.084883 -0.345766 0.312996 200.000000 200.000000 200.000000
v 0.081843 -0.956109 0.075553 200.000000 200.000000 200.000000
v -0.067698 -0.189718 0.362626 200.000000 200.000000 200.000000
v -0.084362 -0.266458 0.330161 200.000000 200.000000 200.000000
v 0.262413 0.245534 0.573720 200.000000 200.000000 200.000000
v -0.178915 0.498425 -0.332388 200.000000 200.000000 200.000000
v 0.034062 0.984286 0.197409 200.000000 200.000000 200.000000
v 0.063931 -0.998230 0.277051 200.000000 200.000000 200.000000
v -0.077036 -0.319054 0.307104 200.000000 200.000000 200.000000
v -0.116453 -0.089715 0.142093 200.000000 200.000000 200.000000
v 0.110582 -0.993307 0.161980 200.000000 200.000000 200.000000
v -0.050504 -0.548951 -0.022472 200.000000 200.000000 200.000000
v 0.114627 0.895822 0.363364 200.000000 200.000000 200.000000
v 0.032003 0.384249 0.013923 200.000000 200.000000 200.000000
v 0.054006 0.914316 0.129874 200.000000 200.000000 200.000000
v -0.011898 -0.711520 0.006433 200.000000 200.000000 200.000000
v -0.024645 0.852171 0.292224 200.000000 200.000000 200.000000
v -0.029487 0.452912 0.269902 200.000000 200.000000 200.000000
v 0.016426 0.816906 0.332086 200.000000 200.000000 200.000000
v 0.068737 -0.598118 0.241955 200.000000 200.000000 200.000000
v 0.021624 -0.850995 0.174579 200.000000 200.000000 200.000000
v -0.139045 -0.234803 0.150154 200.000000 200.000000 200.000000
v 0.066073 -0.917562 0.342773 200.000000 200.000000 200.000000
v 0.104253 -0.235699 0.111466 200.000000 200.000000 200.000000
v 0.211396 0.445404 0.134168 200.000000 200.000000 200.000000
v 0.038585 -0.085653 0.415586 200.000000 200.000000 200.000000
v 0.150277 -0.262481 0.310602 200.000000 200.000000 200.000000
v 0.052191 -0.673224 0.228997 200.000000 200.000000 200.000000
v -0.007205 -0.031740 0.366183 200.000000 200.000000 200.000000
v -0.071413 0.057180 0.241971 200.000000 200.000000 200.000000
v -0.044247 0.007187 0.255554 200.000000 200.000000 200.000000
v -0.056307 0.555145 -0.018919 200.000000 200.000000 200.000000
v -0.110643 -0.682902 0.056069 200.000000 200.000000 200.000000
v 0.042850 -0.418076 0.091455 200.000000 200.000000 200.000000
v 0.071442 0.779596 0.161569 200.000000 200.000000 200.000000
v 0.137345 0.553491 0.463920 200.000000 200.000000 200.000000
v 0.158189 -0.934253 0.283433 200.000000 200.000000 200.000000
v 0.082558 0.327689 0.041100 200.000000 200.000000 200.000000
v -0.035032 0.758931 0.267009 200.000000 200.000000 200.000000
v 0.239293 0.429184 0.434645 200.000000 200.000000 200.000000
v 0.120544 -0.996720 0.243190 200.000000 200.000000 200.000000
v -0.040752 -0.636802 -0.009376 200.000000 200.000000 200.000000
v 0.125282 -0.088859 0.383087 200.000000 200.000000 200.000000
v 0.208430 0.067035 0.170103 200.000000 200.000000 200.000000
v 0.013760 -0.905845 0.345334 200.000000 200.000000 200.000000
v 0.251245 0.507137 0.302331 200.000000 200.000000 200.000000
v 0.004281 -0.661076 -0.001007 200.000000 200.000000 200.000000
v 0.216876 0.242202 0.543354 200.000000 200.000000 200.000000
v -0.009304 0.348826 0.032737 200.000000 200.000000 200.000000
v 0.028143 -0.948849 0.235325 200.000000 200.000000 200.000000
v 0.065936 0.643296 0.009953 200.000000 200.000000 200.000000
v -0.092104 -0.377804 0.339467 200.000000 200.000000 200.000000
v -0.139055 -0.408235 0.148091 200.000000 200.000000 200.000000
v 0.116131 -0.975510 0.110789 200.000000 200.000000 200.000000
v 0.226598 0.000165 0.176055 200.000000 200.000000 200.000000
v 0.182316 0.331949 0.105982 200.000000 200.000000 200.000000
v 0.173365 -0.913987 0.255190 200.000000 200.000000 200.000000
v 0.088217 0.701621 0.159385 200.000000 200.000000 200.000000
v 0.123870 0.565277 0.029715 200.000000 200.000000 200.000000
v 0.053944 0.615903 0.344310 200.000000 200.000000 200.000000
v 0.107266 0.755414 0.308679 200.000000 200.000000 200.000000
v 0.121070 -0.664632 0.345958 200.000000 200.000000 200.000000
v -0.048721 0.334482 0.253833 200.000000 200.000000 200.000000
v -0.013108 -0.247295 0.001983 200.000000 200.000000 200.000000
v -0.050631 -0.444082 0.430359 200.000000 200.000000 200.000000
v -0.090366 -0.825635 0.075931 200.000000 200.000000 200.000000
v 0.143223 -0.780674 0.264257 200.000000 200.000000 200.000000
v -0.010302 0.423193 0.029861 200.000000 200.000000 200.000000
v -0.148587 -0.440539 0.035515 200.000000 200.000000 200.000000
v 0.148377 0.080746 0.039452 200.000000 200.000000 200.000000
v -0.077328 -0.327180 0.404645 200.000000 200.000000 200.000000
v -0.056833 -0.994756 0.097839 200.000000 200.000000 200.000000
v 0.120864 -0.353725 0.220858 200.000000 200.000000 200.000000
v -0.030822 -0.261289 0.234519 200.000000 200.000000 200.000000
v 0.250117 0.521376 0.405414 200.000000 200.000000 200.000000
v -0.063916 -0.671769 0.010093 200.000000 200.000000 200.000000
v 0.179028 0.038798 0.074430 200.000000 200.000000 200.000000
v 0.141580 0.882513 0.343313 200.000000 200.000000 200.000000
v 0.079890 -0.929125 0.348330 200.000000 200.000000 200.000000
v 0.000108 -0.907324 0.318560 200.000000 200.000000 200.000000
v 0.022035 0.849449 0.338255 200.000000 200.000000 200.000000
v -0.119912 0.581376 -0.267982 200.000000 200.000000 200.000000
v -0.035007 0.939650 0.185484 200.000000 200.000000 200.000000
v -0.313118 0.524905 -0.610454 200.000000 200.000000 200.000000
v -0.010011 0.481426 0.017284 200.000000 200.000000 200.000000
v -0.005532 0.312254 0.028012 200.000000 200.000000 200.000000
v -0.018434 0.515770 0.245846 200.000000 200.000000 200.000000
v -0.171245 -0.333754 0.056118 200.000000 200.000000 200.000000
v 0.110467 0.713107 0.196365 200.000000 200.000000 200.000000
v 0.143312 -0.018606 0.363043 200.000000 200.000000 200.000000
v 0.135729 0.463378 0.045784 200.000000 200.000000 200.000000
v 0.052647 0.667334 0.160979 200.000000 200.000000 200.000000
v -0.082505 -0.529489 0.353045 200.000000 200.000000 200.000000
v 0.230011 0.596811 0.298616 200.000000 200.000000 200.000000
v 0.130249 -0.141380 0.074414 200.000000 200.000000 200.000000
v -0.030903 0.527281 -0.158044 200.000000 200.000000 200.000000
v -0.289687 0.531749 -0.585891 200.000000 200.000000 200.000000
v 0.019967 -0.617379 0.154179 200.000000 200.000000 200.000000
v 0.054495 -0.471910 0.414375 200.000000 200.000000 200.000000
v -0.049094 -0.650861 0.395772 200.000000 200.000000 200.000000
v 0.212081 0.624887 0.358477 200.000000 200.000000 200.000000
v 0.095293 -0.556078 0.318986 200.000000 200.000000 200.000000
v 0.020013 -0.963472 0.279185 200.000000 200.000000 200.000000
v 0.165328 0.823169 0.210786 200.000000 200.000000 200.000000
v 0.146046 0.967721 0.251480 200.000000 200.000000 200.000000
v 0.244164 0.401622 0.274809 200.000000 200.000000 200.000000
v 0.016165 -0.821559 0.165986 200.000000 200.000000 200.000000
v 0.004984 -0.948075 0.299517 200.000000 200.000000 200.000000
v 0.083418 0.620887 0.330644 200.000000 200.000000 200.000000
v -0.308393 0.464956 -0.592851 200.000000 200.000000 200.000000
v -0.103025 -0.437312 0.006606 200.000000 200.000000 200.000000
v 0.018899 -0.356625 0.164367 200.000000 200.000000 200.000000
v -0.057749 -0.305035 0.182616 200.000000 200.000000 200.000000
v 0.058424 -0.999425 0.333249 200.000000 200.000000 200.000000
v 0.121972 -0.165213 0.070191 200.000000 200.000000 200.000000
v 0.163152 -0.219193 0.291224 200.000000 200.000000 200.000000
v 0.184071 0.421955 0.433093 200.000000 200.000000 200.000000
v -0.071816 -0.846890 0.129567 200.000000 200.000000 200.000000
v 0.063521 -0.351944 0.121865 200.000000 200.000000 200.000000
v -0.270413 0.501734 -0.563288 200.000000 200.000000 200.000000
v 0.014948 0.465816 0.357115 200.000000 200.000000 200.000000
v 0.019994 -0.586294 0.242568 200.000000 200.000000 200.000000
v 0.076576 -0.896100 0.315663 200.000000 200.000000 200.000000
v 0.019927 0.161913 0.324760 200.000000 200.000000 200.000000
v 0.152887 -0.078438 0.354095 200.000000 200.000000 200.000000
v -0.099362 -0.272709 0.005155 200.000000 200.000000 200.000000
v 0.174599 0.164705 0.127294 200.000000 200.000000 200.000000
v -0.123760 -0.115629 0.144845 200.000000 200.000000 200.000000
v 0.026220 -0.431684 0.130918 200.000000 200.000000 200.000000
v 0.091050 -0.925874 0.327214 200.000000 200.000000 200.000000
v 0.307985 0.389190 0.603608 200.000000 200.000000 200.000000
v 0.013331 0.715098 0.180010 200.000000 200.000000 200.000000
v 0.088854 0.150396 0.019351 200.000000 200.000000 200.000000
v -0.006277 0.222461 0.029642 200.000000 200.000000 200.000000
v 0.083560 0.431244 0.024952 200.000000 200.000000 200.000000
v -0.014706 0.805191 0.156014 200.000000 200.000000 200.000000
v 0.084283 0.638500 0.024396 200.000000 200.000000 200.000000
v 0.196938 0.204604 0.348495 200.000000 200.000000 200.000000
v 0.284859 0.502538 0.475205 200.000000 200.000000 200.000000
v 0.018710 0.442243 0.016931 200.000000 200.000000 200.000000
v 0.238930 0.498511 0.360987 200.000000 200.000000 200.000000
v -0.106858 -0.184010 0.187307 200.000000 200.000000 200.000000
v 0.018055 0.591298 0.267569 200.000000 200.000000 200.000000
v -0.077696 -0.417978 0.315907 200.000000 200.000000 200.000000
v -0.037789 0.057838 0.024556 200.000000 200.000000 200.000000
v 0.010734 0.635134 0.192915 200.000000 200.000000 200.000000
v -0.027805 0.539493 0.117616 200.000000 200.000000 200.000000
v 0.019635 0.872904 0.345274 200.000000 200.000000 200.000000
v -0.166779 0.508491 -0.365487 200.000000 200.000000 200.000000
v -0.027216 0.411555 0.312755 200.000000 200.000000 200.000000
v -0.125663 -0.402838 0.019313 200.000000 200.000000 200.000000
v 0.137032 0.155820 0.358405 200.000000 200.000000 200.000000
v 0.331315 0.284743 0.599926 200.000000 200.000000 200.000000
v -0.008419 -0.998270 0.106853 200.000000 200.000000 200.000000
v -0.064871 0.945353 0.210763 200.000000 200.000000 200.000000
v -0.126025 -0.522462 0.150255 200.000000 200.000000 200.000000
v 0.084205 -0.564144 0.323364 200.000000 200.000000 200.000000
v -0.071705 0.005669 0.162412 200.000000 200.000000 200.000000
v 0.351937 0.294005 0.571067 200.000000 200.000000 200.000000
v -0.047261 0.206738 0.265053 200.000000 200.000000 200.000000
v 0.000792 -0.917239 0.046466 200.000000 200.000000 200.000000
v 0.120660 -0.995374 0.100767 200.000000 200.000000 200.000000
v 0.018959 -0.716694 0.019743 200.000000 200.000000 200.000000
v -0.097596 -0.192286 0.190493 200.000000 200.000000 200.000000
v 0.091253 0.125908 0.417660 200.000000 200.000000 200.000000
v 0.240553 0.486476 0.233433 200.000000 200.000000 200.000000
v 0.026827 -0.816060 0.226195 200.000000 200.000000 200.000000
v 0.145093 0.495828 0.465897 200.000000 200.000000 200.000000
v 0.068877 -0.999397 0.407075 200.000000 200.000000 200.000000
v 0.087952 -0.044017 0.006515 200.000000 200.000000 200.000000
v 0.124223 0.647744 0.340913 200.000000 200.000000 200.000000
v -0.177250 0.562110 -0.382254 200.000000 200.000000 200.000000
v 0.247317 0.457641 0.551252 200.000000 200.000000 200.000000
v 0.132958 -0.736406 0.336624 200.000000 200.000000 200.000000
v 0.156596 0.169513 0.350153 200.000000 200.000000 200.000000
v 0.201957 0.160112 0.232494 200.000000 200.000000 200.000000
v -0.098720 -0.703802 0.133275 200.000000 200.000000 200.000000
v 0.175790 -0.011799 0.334202 200.000000 200.000000 200.000000
v 0.131122 0.420849 0.045903 200.000000 200.000000 200.000000
v -0.068638 0.109219 0.110313 200.000000 200.000000 200.000000
v -0.127554 -0.683281 0.110571 200.000000 200.000000 200.000000
v -0.011481 0.552122 -0.129062 200.000000 200.000000 200.000000
v 0.121405 0.621396 0.364588 200.000000 200.000000 200.000000
v 0.042382 -0.342724 0.016421 200.000000 200.000000 200.000000
v 0.038973 -0.454890 0.423520 200.000000 200.000000 200.000000
v -0.080995 0.022369 0.161707 200.000000 200.000000 200.000000
v 0.078264 -0.999642 0.355174 200.000000 200.000000 200.000000
v 0.173515 -0.901039 0.272273 200.000000 200.000000 200.000000
v -0.082967 -0.205801 0.276000 200.000000 200.000000 200.000000
v 0.084566 -0.201102 0.407640 200.000000 200.000000 200.000000
v 0.166179 0.129825 0.457302 200.000000 200.000000 200.000000
v -0.072359 -0.131898 0.282804 200.000000 200.000000 200.000000
v 0.108173 0.271027 0.051948 200.000000 200.000000 200.000000
v 0.079618 0.549153 -0.010078 200.000000 200.000000 200.000000
v 0.049729 -0.627508 0.086908 200.000000 200.000000 200.000000
v 0.015731 0.649655 0.094142 200.000000 200.000000 200.000000
v 0.077376 0.329141 0.382059 200.000000 200.000000 200.000000
v 0.155782 0.185985 0.460352 200.000000 200.000000 200.000000
v -0.108911 -0.221314 0.171380 200.000000 200.000000 200.000000
v 0.172265 -0.216174 0.264647 200.000000 200.000000 200.000000
v -0.059368 0.148969 0.085820 200.000000 200.000000 200.000000
v -0.042653 -0.264378 0.434483 200.000000 200.000000 200.000000
v -0.006506 -0.013430 0.343183 200.000000 200.000000 200.000000
v 0.118986 -0.183462 0.107191 200.000000 200.000000 200.000000
v 0.132093 -0.241746 0.354868 200.000000 200.000000 200.000000
v -0.186216 0.572753 -0.351624 200.000000 200.000000 200.000000
v -0.081467 -0.404111 0.409460 200.000000 200.000000 200.000000
v -0.037037 -0.164297 0.414512 200.000000 200.000000 200.000000
v -0.015625 0.514655 0.258078 200.000000 200.000000 200.000000
v 0.026984 -0.476889 0.098309 200.000000 200.000000 200.000000
v -0.234495 0.508501 -0.412007 200.000000 200.000000 200.000000
v 0.021258 0.566455 -0.092810 200.000000 200.000000 200.000000
v 0.124571 0.379242 0.047193 200.000000 200.000000 200.000000
v -0.014082 -0.669228 0.238874 200.000000 200.000000 200.000000
v 0.151502 0.126865 0.474596 200.000000 200.000000 200.000000
v -0.064447 -0.322459 -0.016509 200.000000 200.000000 200.000000
v -0.028480 0.948130 0.281295 200.000000 200.000000 200.000000
v -0.136899 -0.589744 0.118856 200.000000 200.000000 200.000000
v 0.000919 -0.584609 0.146581 200.000000 200.000000 200.000000
v 0.231637 0.188608 0.304586 200.000000 200.000000 200.000000
v -0.044273 0.456955 0.125845 200.000000 200.000000 200.000000
v 0.254361 0.404761 0.558029 200.000000 200.000000 200.000000
v 0.020144 -0.645693 0.230819 200.000000 200.000000 200.000000
v 0.233563 0.316024 0.213313 200.000000 200.000000 200.000000
v 0.158686 0.468526 0.063646 200.000000 200.000000 200.000000
v -0.223744 0.549992 -0.458117 200.000000 200.000000 200.000000
v 0.356554 0.300571 0.593632 200.000000 200.000000 200.000000
v 0.002152 -0.564696 0.246825 200.000000 200.000000 200.000000
v 0.017931 0.975850 0.285132 200.000000 200.000000 200.000000
v 0.037103 0.969932 0.170600 200.000000 200.000000 200.000000
v 0.025879 -0.583817 0.128709 200.000000 200.000000 200.000000
v 0.250827 0.522912 0.402514 200.000000 200.000000 200.000000
v -0.036161 0.954427 0.249466 200.000000 200.000000 200.000000
v 0.334066 0.407646 0.519483 200.000000 200.000000 200.000000
v -0.155743 -0.616136 0.088918 200.000000 200.000000 200.000000
v 0.237091 0.495419 0.222391 200.000000 200.000000 200.000000
v 0.214215 0.303849 0.308958 200.000000 200.000000 200.000000
v -0.054348 0.931665 0.182895 200.000000 200.000000 200.000000
v 0.106435 0.803403 0.342768 200.000000 200.000000 200.000000
v -0.253522 0.527915 -0.418748 200.000000 200.000000 200.000000
v 0.176903 0.637383 0.171873 200.000000 200.000000 200.000000
v 0.094063 0.645071 0.320450 200.000000 200.000000 200.000000
v 0.128237 -0.042998 0.376229 200.000000 200.000000 200.000000
v 0.028035 -0.551550 0.137069 200.000000 200.000000 200.000000
v -0.031174 0.524635 0.127061 200.000000 200.000000 200.000000
v 0.078946 0.827985 0.149110 200.000000 200.000000 200.000000
v 0.318426 0.454868 0.559021 200.000000 200.000000 200.000000
v -0.056418 0.209132 0.094187 200.000000 200.000000 200.000000
v -0.026621 -0.298658 -0.005873 200.000000 200.000000 200.000000
v 0.036139 -0.765799 0.229038 200.000000 200.000000 200.000000
v 0.186053 0.067471 0.326766 200.000000 200.000000 200.000000
v 0.269634 0.337044 0.575407 200.000000 200.000000 200.000000
v 0.136197 0.699209 0.309602 200.000000 200.000000 200.000000
v 0.384572 0.368905 0.592769 200.000000 200.000000 200.000000
v 0.159562 -0.998719 0.234076 200.000000 200.000000 200.000000
v 0.103929 0.677402 0.122809 200.000000 200.000000 200.000000
v 0.146511 0.117414 0.402987 200.000000 200.000000 200.000000
v 0.011427 0.531158 0.300661 200.000000 200.000000 200.000000
v -0.087986 -0.415785 -0.015311 200.000000 200.000000 200.000000
v 0.176548 0.568930 0.483692 200.000000 200.000000 200.000000
v 0.184579 0.641053 0.380108 200.000000 200.000000 200.000000
v -0.044330 -0.961259 0.055062 200.000000 200.000000 200.000000
v 0.160113 0.011539 0.354654 200.000000 200.000000 200.000000
v 0.096560 -0.858682 0.086925 200.000000 200.000000 200.000000
v 0.133849 0.016604 0.374077 200.000000 200.000000 200.000000
v -0.005922 0.814950 0.150575 200.000000 200.000000 200.000000
v 0.014264 0.620263 0.215630 200.000000 200.000000 200.000000
v -0.001279 0.768387 0.149349 200.000000 200.000000 200.000000
v -0.127043 -0.104516 0.133000 200.000000 200.000000 200.000000
v -0.232237 0.534311 -0.493277 200.000000 200.000000 200.000000
v 0.255443 -0.000939 0.302216 200.000000 200.000000 200.000000
v 0.198411 0.397897 0.480676 200.000000 200.000000 200.000000
v 0.106527 0.485747 0.433119 200.000000 200.000000 200.000000
v 0.024586 -0.811872 0.161540 200.000000 200.000000 200.000000
v 0.165515 0.680314 0.217450 200.000000 200.000000 200.000000
v 0.027281 -0.675791 0.150896 200.000000 200.000000 200.000000
v 0.208599 0.190054 0.524449 200.000000 200.000000 200.000000
v -0.068223 -0.033684 0.203727 200.000000 200.000000 200.000000
v 0.131296 -0.157398 0.144049 200.000000 200.000000 200.000000
v 0.012949 -0.630005 0.224949 200.000000 200.000000 200.000000
v 0.103576 0.981557 0.200836 200.000000 200.000000 200.000000
v 0.024680 0.010706 0.368972 200.000000 200.000000 200.000000
v -0.061105 0.158895 0.097411 200.000000 200.000000 200.000000
v -0.063945 0.209044 0.240041 200.000000 200.000000 200.000000
v -0.004431 0.979058 0.240870 200.000000 200.000000 200.000000
v 0.032668 -0.358670 0.427353 200.000000 200.000000 200.000000
v -0.224849 0.546879 -0.465706 200.000000 200.000000 200.000000
v -0.049123 0.436458 0.222933 200.000000 200.000000 200.000000
v -0.120459 -0.722458 0.110744 200.000000 200.000000 200.000000
v -0.079111 0.504984 -0.139290 200.000000 200.000000 200.000000
v -0.037290 0.494025 0.205664 200.000000 200.000000 200.000000
v -0.277142 0.526014 -0.581908 200.000000 200.000000 200.000000
v -0.096409 -0.439553 0.166419 200.000000 200.000000 200.000000
v 0.210682 0.203984 0.251625 200.000000 200.000000 200.000000
v -0.009139 -0.367067 0.002632 200.000000 200.000000 200.000000
v -0.069354 0.149780 0.139663 200.000000 200.000000 200.000000
v -0.042744 0.760112 0.165403 200.000000 200.000000 200.000000
v -0.033706 0.493929 0.071977 200.000000 200.000000 200.000000
v -0.114386 -0.830909 0.087113 200.000000 200.000000 200.000000
v -0.057626 -0.377815 0.295205 200.000000 200.000000 200.000000
v -0.000726 -0.745401 0.244369 200.000000 200.000000 200.000000
v -0.104725 -0.603552 0.139401 200.000000 200.000000 200.000000
v 0.232498 0.293786 0.223247 200.000000 200.000000 200.000000
v 0.119245 0.399325 0.041633 200.000000 200.000000 200.000000
v -0.024732 0.095750 0.306661 200.000000 200.000000 200.000000
v 0.157350 0.284034 0.381562 200.000000 200.000000 200.000000
v -0.004752 -0.795084 0.238391 200.000000 200.000000 200.000000
v -0.089148 -0.345927 0.320289 200.000000 200.000000 200.000000
v 0.134221 0.973022 0.219982 200.000000 200.000000 200.000000
v 0.053942 0.135090 0.364214 200.000000 200.000000 200.000000
v -0.060452 0.097503 0.261069 200.000000 200.000000 200.000000
v 0.052974 -0.961457 0.054464 200.000000 200.000000 200.000000
v 0.183557 0.302495 0.123275 200.000000 200.000000 200.000000
v 0.033237 -0.744211 0.018178 200.000000 200.000000 200.000000
v -0.025830 -0.952057 0.155172 200.000000 200.000000 200.000000
v -0.162249 -0.552481 0.092488 200.000000 200.000000 200.000000
v -0.036308 -0.470404 0.281489 200.000000 200.000000 200.000000
v -0.051448 -0.387635 0.280607 200.000000 200.000000 200.000000
v -0.031971 0.816926 0.286016 200.000000 200.000000 200.000000
v -0.077889 -0.781850 0.125416 200.000000 200.000000 200.000000
v -0.156716 -0.271564 0.114611 200.000000 200.000000 200.000000
v 0.068886 0.170334 0.359302 200.000000 200.000000 200.000000
v -0.064897 -0.212953 0.391668 200.000000 200.000000 200.000000
v 0.035946 -0.885155 0.333502 200.000000 200.000000 200.000000
v -0.006436 0.948409 0.304623 200.000000 200.000000 200.000000
v 0.051414 0.670441 0.082308 200.000000 200.000000 200.000000
v 0.008679 0.609084 0.247048 200.000000 200.000000 200.000000
v 0.144181 -0.178682 0.342990 200.000000 200.000000 200.000000
v -0.226240 0.523918 -0.475454 200.000000 200.000000 200.000000
v -0.246411 0.521043 -0.506660 200.000000 200.000000 200.000000
v -0.027869 0.174964 0.041681 200.000000 200.000000 200.000000
v 0.189302 -0.144762 0.263724 200.000000 200.000000 200.000000
v 0.008934 -0.218899 0.428287 200.000000 200.000000 200.000000
v 0.063851 -0.623644 0.231492 200.000000 200.000000 200.000000
v 0.161974 0.051437 0.052607 200.000000 200.000000 200.000000
v 0.137255 -0.358681 0.311145 200.000000 200.000000 200.000000
v 0.234213 0.367683 0.204553 200.000000 200.000000 200.000000
v -0.061929 -0.294440 0.184346 200.000000 200.000000 200.000000
v -0.063229 -0.547076 0.163683 200.000000 200.000000 200.000000
v 0.064856 -0.418249 0.225613 200.000000 200.000000 200.000000
v 0.120748 -0.007810 0.022405 200.000000 200.000000 200.000000
v 0.060746 0.498394 -0.032618 200.000000 200.000000 200.000000
v -0.045390 -0.730709 0.373449 200.000000 200.000000 200.000000
v -0.057891 0.955766 0.218833 200.000000 200.000000 200.000000
v 0.342831 0.429190 0.568989 200.000000 200.000000 200.000000
v 0.055783 0.053455 0.383110 200.000000 200.000000 200.000000
v 0.001148 -0.279996 0.232249 200.000000 200.000000 200.000000
v 0.090621 0.155213 0.363732 200.000000 200.000000 200.000000
v -0.087302 -0.375576 0.166978 200.000000 200.000000 200.000000
v 0.081965 -0.148502 0.406446 200.000000 200.000000 200.000000
v 0.169667 0.265926 0.120465 200.000000 200.000000 200.000000
v -0.077554 -0.304506 0.397096 200.000000 200.000000 200.000000
v -0.071771 -0.504655 0.412317 200.000000 200.000000 200.000000
v 0.135472 0.961881 0.199268 200.000000 200.000000 200.000000
v 0.157996 0.690489 0.270899 200.000000 200.000000 200.000000
v -0.035199 0.500574 0.218194 200.000000 200.000000 200.000000
v 0.015617 -0.126062 0.428193 200.000000 200.000000 200.000000
v 0.220277 0.453821 0.541400 200.000000 200.000000 200.000000
v 0.031684 -0.323569 0.017495 200.000000 200.000000 200.000000
v 0.058954 0.973468 0.319917 200.000000 200.000000 200.000000
v 0.076619 -0.310867 0.068913 200.000000 200.000000 200.000000
v 0.029900 -0.720329 0.229660 200.000000 200.000000 200.000000
v -0.045548 -0.999370 0.000180 200.000000 200.000000 200.000000
v 0.065942 0.109419 0.390979 200.000000 200.000000 200.000000
v -0.058529 0.305086 0.127982 200.000000 200.000000 200.000000
v -0.231182 0.509098 -0.417466 200.000000 200.000000 200.000000
v -0.198682 0.562096 -0.316667 200.000000 200.000000 200.000000
v -0.002862 -0.938906 0.315797 200.000000 200.000000 200.000000
v -0.056716 0.894417 0.220145 200.000000 200.000000 200.000000
v 0.006936 -0.411592 0.153376 200.000000 200.000000 200.000000
v 0.130311 0.755913 0.209523 200.000000 200.000000 200.000000
v 0.203766 0.639732 0.329497 200.000000 200.000000 200.000000
v 0.202150 0.093259 0.184992 200.000000 200.000000 200.000000
v 0.061976 -0.351499 0.018505 200.000000 200.000000 200.000000
v 0.110065 0.012844 0.014426 200.000000 200.000000 200.000000
v 0.164437 -0.150256 0.204275 200.000000 200.000000 200.000000
v 0.188289 0.073410 0.112594 200.000000 200.000000 200.000000
v 0.139845 -0.980931 0.132374 200.000000 200.000000 200.000000
v 0.045294 -0.749274 0.152372 200.000000 200.000000 200.000000
v 0.104034 -0.876058 0.097850 200.000000 200.000000 200.000000
v 0.013891 -0.888406 0.236865 200.000000 200.000000 200.000000
v 0.194328 -0.135276 0.247446 200.000000 200.000000 200.000000
v 0.208825 0.452807 0.127293 200.000000 200.000000 200.000000
v -0.084936 -0.266264 0.322447 200.000000 200.000000 200.000000
v 0.076058 -0.815306 0.208918 200.000000 200.000000 200.000000
v 0.206975 0.390120 0.393086 200.000000 200.000000 200.000000
v 0.242250 0.307020 0.352415 200.000000 200.000000 200.000000
v 0.077006 0.575666 0.356604 200.000000 200.000000 200.000000
v -0.049653 0.823892 0.223627 200.000000 200.000000 200.000000
v 0.386079 0.341443 0.589057 200.000000 200.000000 200.000000
v 0.160594 -0.941894 0.269987 200.000000 200.000000 200.000000
v 0.081820 -0.616212 0.239887 200.000000 200.000000 200.000000
v -0.106016 -0.571112 0.023092 200.000000 200.000000 200.000000
v -0.023979 0.011522 0.301549 200.000000 200.000000 200.000000
v -0.008126 0.585128 0.173096 200.000000 200.000000 200.000000
v 0.113028 0.525187 0.436273 200.000000 200.000000 200.000000
v 0.116454 -0.791833 0.339006 200.000000 200.000000 200.000000
v 0.006877 -0.326313 0.174678 200.000000 200.000000 200.000000
v 0.014354 -0.986121 0.362194 200.000000 200.000000 200.000000
v -0.040949 0.766583 0.262333 200.000000 200.000000 200.000000
v -0.085477 0.016351 0.197414 200.000000 200.000000 200.000000
v -0.024471 0.495765 0.028952 200.000000 200.000000 200.000000
v 0.131972 0.975178 0.246972 200.000000 200.000000 200.000000
v 0.062347 -0.825527 0.046846 200.000000 200.000000 200.000000
v -0.008780 0.094577 0.014611 200.000000 200.000000 200.000000
v -0.065651 0.058201 0.065024 200.000000 200.000000 200.000000
v 0.181296 0.875894 0.220216 200.000000 200.000000 200.000000
v -0.216900 0.515656 -0.345411 200.000000 200.000000 200.000000
v 0.138326 0.707349 0.213896 200.000000 200.000000 200.000000
v 0.192733 0.203623 0.160452 200.000000 200.000000 200.000000
v -0.053438 -0.009748 0.256368 200.000000 200.000000 200.000000
v 0.200364 0.127631 0.309770 200.000000 200.000000 200.000000
v 0.013181 -0.001913 0.372074 200.000000 200.000000 200.000000
v 0.146865 -0.799782 0.317472 200.000000 200.000000 200.000000
v -0.012518 0.623903 0.038170 200.000000 200.000000 200.000000
v 0.226621 0.131331 0.270626 200.000000 200.000000 200.000000
v -0.097681 0.546056 -0.111565 200.000000 200.000000 200.000000
v 0.213901 0.330987 0.162073 200.000000 200.000000 200.000000
v 0.193095 0.313320 0.137201 200.000000 200.000000 200.000000
v -0.083913 -0.986449 0.081311 200.000000 200.000000 200.000000
v 0.172891 0.265400 0.126798 200.000000 200.000000 200.000000
v -0.038925 -0.611462 -0.014317 200.000000 200.000000 200.000000
v -0.023340 -0.869188 0.151358 200.000000 200.000000 200.000000
v -0.096631 -0.198667 0.004135 200.000000 200.000000 200.000000
v 0.071414 -0.247261 0.014224 200.000000 200.000000 200.000000
v 0.020962 -0.449470 0.431986 200.000000 200.000000 200.000000
v -0.115710 0.576879 -0.189716 200.000000 200.000000 200.000000
v 0.097305 -0.870792 0.194203 200.000000 200.000000 200.000000
v 0.014146 -0.778247 0.380198 200.000000 200.000000 200.000000
v 0.159353 0.152023 0.361611 200.000000 200.000000 200.000000
v -0.071536 0.226177 0.158609 200.000000 200.000000 200.000000
v -0.341407 0.546719 -0.583908 200.000000 200.000000 200.000000
v 0.215095 0.496615 0.152233 200.000000 200.000000 200.000000
v -0.068478 -0.938919 0.138034 200.000000 200.000000 200.000000
v -0.006542 0.557819 0.227756 200.000000 200.000000 200.000000
v -0.010099 0.016900 0.007673 200.000000 200.000000 200.000000
v 0.099724 -0.964068 0.326201 200.000000 200.000000 200.000000
v 0.090756 -0.412854 0.370314 200.000000 200.000000 200.000000
v 0.193159 0.649970 0.293605 200.000000 200.000000 200.000000
v 0.103314 -0.289478 0.201742 200.000000 200.000000 200.000000
v 0.054434 -0.888324 0.175217 200.000000 200.000000 200.000000
v -0.161862 -0.295583 0.040315 200.000000 200.000000 200.000000
v 0.056120 -0.510050 0.372547 200.000000 200.000000 200.000000
v -0.247688 0.515611 -0.494269 200.000000 200.000000 200.000000
v -0.071812 -0.051048 0.273840 200.000000 200.000000 200.000000
v -0.086347 -0.073666 0.201699 200.000000 200.000000 200.000000
v -0.281751 0.502827 -0.531087 200.000000 200.000000 200.000000
v -0.118964 0.527850 -0.153086 200.000000 200.000000 200.000000
v 0.132548 0.157856 0.402788 200.000000 200.000000 200.000000
v 0.078303 -0.632548 0.255603 200.000000 200.000000 200.000000
v 0.098358 -0.205070 0.052559 200.000000 200.000000 200.000000
v -0.052851 -0.118936 0.370656 200.000000 200.000000 200.000000
v 0.151354 0.927368 0.253376 200.000000 200.000000 200.000000
v 0.159996 0.085622 0.052488 200.000000 200.000000 200.000000
v -0.003016 -0.888368 0.357593 200.000000 200.000000 200.000000
v -0.066332 0.140750 0.123757 200.000000 200.000000 200.000000
v 0.115282 -0.191864 0.142409 200.000000 200.000000 200.000000
v -0.125858 -0.262270 0.011436 200.000000 200.000000 200.000000
v -0.066710 -0.578269 0.401720 200.000000 200.000000 200.000000
v -0.145457 -0.435833 0.134060 200.000000 200.000000 200.000000
v 0.234534 0.390484 0.309720 200.000000 200.000000 200.000000
v 0.088038 -0.809081 0.342011 200.000000 200.000000 200.000000
v 0.121806 0.399768 0.042721 200.000000 200.000000 200.000000
v 0.234419 -0.009523 0.197222 200.000000 200.000000 200.000000
v 0.239100 0.550949 0.253608 200.000000 200.000000 200.000000
v -0.081265 0.008849 0.078915 200.000000 200.000000 200.000000
v 0.080988 0.361741 0.387162 200.000000 200.000000 200.000000
v 0.113898 0.977643 0.206548 200.000000 200.000000 200.000000
v -0.208827 0.562966 -0.345745 200.000000 200.000000 200.000000
v -0.047368 0.337110 0.256363 200.000000 200.000000 200.000000
v -0.037709 0.436595 0.086517 200.000000 200.000000 200.000000
v 0.126996 -0.931037 0.131057 200.000000 200.000000 200.000000
v 0.287325 0.355244 0.552253 200.000000 200.000000 200.000000
v 0.265403 0.248062 0.502854 200.000000 200.000000 200.000000
v 0.079473 -0.665643 0.387548 200.000000 200.000000 200.000000
v 0.058994 -0.373092 0.415233 200.000000 200.000000 200.000000
v 0.087288 0.690692 0.151312 200.000000 200.000000 200.000000
v 0.009056 0.374641 0.022150 200.000000 200.000000 200.000000
v 0.022130 -0.999295 0.400990 200.000000 200.000000 200.000000
v 0.248961 0.299126 0.567209 200.000000 200.000000 200.000000
v -0.051826 0.794460 0.256850 200.000000 200.000000 200.000000
v -0.052103 -0.472849 0.162947 200.000000 200.000000 200.000000
v 0.175954 0.890875 0.299375 200.000000 200.000000 200.000000
v 0.155538 0.710252 0.235809 200.000000 200.000000 200.000000
v 0.018884 -0.902994 0.238877 200.000000 200.000000 200.000000
v -0.006656 0.061747 0.005533 200.000000 200.000000 200.000000
v -0.090709 -0.441941 0.394096 200.000000 200.000000 200.000000
v 0.018455 0.333341 0.020698 200.000000 200.000000 200.000000
v -0.049886 -0.625712 -0.008837 200.000000 200.000000 200.000000
v -0.024507 0.548881 0.123811 200.000000 200.000000 200.000000
v 0.101491 -0.700271 0.355371 200.000000 200.000000 200.000000
v 0.046107 0.310684 0.371675 200.000000 200.000000 200.000000
v -0.013572 -0.705667 0.403173 200.000000 200.000000 200.000000
v 0.125898 0.505689 0.449434 200.000000 200.000000 200.000000
v -0.006705 -0.826806 0.174569 200.000000 200.000000 200.000000
v 0.058502 0.871454 0.369127 200.000000 200.000000 200.000000
v -0.117338 -0.183213 0.178263 200.000000 200.000000 200.000000
v 0.053162 -0.671533 0.399364 200.000000 200.000000 200.000000
v 0.168496 0.685699 0.253475 200.000000 200.000000 200.000000
v 0.030727 -0.930155 0.337659 200.000000 200.000000 200.000000
v -0.319750 0.547046 -0.543600 200.000000 200.000000 200.000000
v 0.133323 -0.403742 0.264568 200.000000 200.000000 200.000000
v 0.246902 0.468844 0.419385 200.000000 200.000000 200.000000
v 0.110484 -0.656062 0.354140 200.000000 200.000000 200.000000
v 0.246104 0.509457 0.251174 200.000000 200.000000 200.000000
v 0.003084 -0.596054 0.422791 200.000000 200.000000 200.000000
v 0.215513 0.176096 0.212492 200.000000 200.000000 200.000000
v 0.101724 0.976812 0.192335 200.000000 200.000000 200.000000
v -0.064073 -0.489558 0.163290 200.000000 200.000000 200.000000
v 0.085859 0.138455 0.019553 200.000000 200.000000 200.000000
v -0.047936 0.916250 0.283804 200.000000 200.000000 200.000000
v 0.043761 -0.277419 0.219258 200.000000 200.000000 200.000000
v -0.042102 -0.116426 -0.002978 200.000000 200.000000 200.000000
v -0.030326 -0.584649 0.283676 200.000000 200.000000 200.000000
v -0.116833 -0.078933 0.124057 200.000000 200.000000 200.000000
v -0.019547 0.530176 0.213905 200.000000 200.000000 200.000000
v -0.023697 -0.442802 0.016779 200.000000 200.000000 200.000000
v 0.033702 0.126082 0.345537 200.000000 200.000000 200.000000
v -0.052122 0.808196 0.196667 200.000000 200.000000 200.000000
v -0.057622 0.784530 0.173745 200.000000 200.000000 200.000000
v 0.130678 -0.227069 0.358842 200.000000 200.000000 200.000000
v -0.041248 0.524022 -0.018935 200.000000 200.000000 200.000000
v 0.091745 -0.190328 0.183374 200.000000 200.000000 200.000000
v 0.068772 -0.977819 0.073474 200.000000 200.000000 200.000000
v -0.361401 0.485137 -0.599020 200.000000 200.000000 200.000000
v 0.019043 -0.891109 0.182197 200.000000 200.000000 200.000000
v 0.124041 0.324087 0.054993 200.000000 200.000000 200.000000
v 0.109011 -0.837210 0.208560 200.000000 200.000000 200.000000
v -0.005051 -0.937593 0.285645 200.000000 200.000000 200.000000
v 0.233931 0.408831 0.510571 200.000000 200.000000 200.000000
v -0.137149 -0.111019 0.086087 200.000000 200.000000 200.000000
v 0.174367 0.104366 0.087671 200.000000 200.000000 200.000000
v 0.228967 0.392147 0.187087 200.000000 200.000000 200.000000
v -0.114200 -0.778563 0.081530 200.000000 200.000000 200.000000
v 0.238489 -0.000034 0.262706 200.000000 200.000000 200.000000
v 0.132970 -0.093392 0.051279 200.000000 200.000000 200.000000
v -0.009157 0.197806 0.320743 200.000000 200.000000 200.000000
v -0.064867 -0.386073 0.310284 200.000000 200.000000 200.000000
v -0.018371 0.309452 0.043701 200.000000 200.000000 200.000000
v 0.151382 -0.152350 0.343388 200.000000 200.000000 200.000000
v 0.253264 0.472744 0.387078 200.000000 200.000000 200.000000
v 0.219726 0.620835 0.314762 200.000000 200.000000 200.000000
v 0.074224 -0.972410 0.078503 200.000000 200.000000 200.000000
v 0.064333 -0.864184 0.167374 200.000000 200.000000 200.000000
v -0.079948 -0.255819 0.189403 200.000000 200.000000 200.000000
v 0.062683 -0.358846 0.117168 200.000000 200.000000 200.000000
v 0.293973 0.334646 0.543457 200.000000 200.000000 200.000000
v 0.204887 0.161127 0.257905 200.000000 200.000000 200.000000
v 0.051567 -0.882423 0.049651 200.000000 200.000000 200.000000
v 0.076558 0.993635 0.272662 200.000000 200.000000 200.000000
v -0.162925 0.575401 -0.334263 200.000000 200.000000 200.000000
v 0.010179 -0.419742 0.020035 200.000000 200.000000 200.000000
v -0.080453 -0.983343 0.081138 200.000000 200.000000 200.000000
v 0.122560 0.478471 0.033776 200.000000 200.000000 200.000000
v -0.008557 -0.382894 0.164555 200.000000 200.000000 200.000000
v -0.040291 0.255721 0.072214 200.000000 200.000000 200.000000
v -0.003374 -0.734960 0.257476 200.000000 200.000000 200.000000
v 0.086743 0.314044 0.041250 200.000000 200.000000 200.000000
v 0.170194 0.913410 0.306212 200.000000 200.000000 200.000000
v -0.071680 -0.421682 -0.011045 200.000000 200.000000 200.000000
v -0.062084 -0.199977 0.386656 200.000000 200.000000 200.000000
v 0.069879 -0.304828 0.413256 200.000000 200.000000 200.000000
v 0.070593 -0.694645 0.118720 200.000000 200.000000 200.000000
v -0.056503 -0.675000 0.168110 200.000000 200.000000 200.000000
v -0.324109 0.543800 -0.597346 200.000000 200.000000 200.000000
v 0.192660 0.157305 0.496799 200.000000 200.000000 200.000000
v 0.252908 0.425506 0.389870 200.000000 200.000000 200.000000
v 0.220705 0.276468 0.322714 200.000000 200.000000 200.000000
v -0.147844 -0.150612 0.078139 200.000000 200.000000 200.000000
v 0.001263 -0.456884 0.435247 200.000000 200.000000 200.000000
v 0.036717 -0.604944 0.031222 200.000000 200.000000 200.000000
v 0.318670 0.400644 0.512619 200.000000 200.000000 200.000000
v 0.095818 -0.566699 0.307473 200.000000 200.000000 200.000000
v 0.205623 0.502329 0.120914 200.000000 200.000000 200.000000
v 0.024401 -0.925339 0.346878 200.000000 200.000000 200.000000
v 0.007862 -0.901179 0.352528 200.000000 200.000000 200.000000
v -0.237314 0.552309 -0.470112 200.000000 200.000000 200.000000
v 0.228381 0.354638 0.394771 200.000000 200.000000 200.000000
v 0.080087 -0.829353 0.055256 200.000000 200.000000 200.000000
v 0.006394 -0.916556 0.295921 200.000000 200.000000 200.000000
v -0.032632 0.241606 0.301566 200.000000 200.000000 200.000000
v -0.267185 0.531525 -0.550600 200.000000 200.000000 200.000000
v -0.096948 -0.883610 0.105612 200.000000 200.000000 200.000000
v 0.087014 -0.193061 0.176701 200.000000 200.000000 200.000000
v 0.030285 -0.532965 0.127217 200.000000 200.000000 200.000000
v 0.359135 0.347273 0.557413 200.000000 200.000000 200.000000
v 0.058377 0.585014 -0.031566 200.000000 200.000000 200.000000
v 0.120127 0.789204 0.157432 200.000000 200.000000 200.000000
v -0.047830 0.468356 0.186091 200.000000 200.000000 200.000000
v -0.010469 -0.180441 -0.005140 200.000000 200.000000 200.000000
v 0.070396 0.702776 0.184520 200.000000 200.000000 200.000000
v 0.060692 -0.035122 -0.008081 200.000000 200.000000 200.000000
v 0.141787 -0.238424 0.216210 200.000000 200.000000 200.000000
v 0.034685 -0.998355 0.142821 200.000000 200.000000 200.000000
v -0.016687 -0.334210 0.176822 200.000000 200.000000 200.000000
v 0.100736 -0.882631 0.313904 200.000000 200.000000 200.000000
v 0.052370 -0.434907 0.399615 200.000000 200.000000 200.000000
v 0.038617 -0.613878 0.092156 200.000000 200.000000 200.000000
v 0.059537 -0.251674 0.005903 200.000000 200.000000 200.000000
v 0.324484 0.412310 0.509141 200.000000 200.000000 200.000000
v -0.059737 -0.125716 0.339321 200.000000 200.000000 200.000000
v 0.078386 -0.807225 0.082893 200.000000 200.000000 200.000000
v 0.174796 0.064257 0.067458 200.000000 200.000000 200.000000
v 0.075474 -0.384766 0.217321 200.000000 200.000000 200.000000
v -0.022968 -0.255171 0.433641 200.000000 200.000000 200.000000
v -0.148857 -0.177680 0.046820 200.000000 200.000000 200.000000
v -0.038591 -0.043097 0.314953 200.000000 200.000000 200.000000
v -0.080169 -0.184613 0.236043 200.000000 200.000000 200.000000
v -0.123467 -0.657216 0.054886 200.000000 200.000000 200.000000
v 0.020263 -0.685348 0.410909 200.000000 200.000000 200.000000
v -0.135790 -0.248171 0.015570 200.000000 200.000000 200.000000
v -0.118653 -0.258013 0.157486 200.000000 200.000000 200.000000
v 0.247520 0.227912 0.559327 200.000000 200.000000 200.000000
v -0.282049 0.538977 -0.559353 200.000000 200.000000 200.000000
v -0.090523 -0.477276 -0.003941 200.000000 200.000000 200.000000
v 0.003699 0.470520 -0.057157 200.000000 200.000000 200.000000
v 0.007923 0.595771 0.254464 200.000000 200.000000 200.000000
v 0.072448 -0.806910 0.144879 200.000000 200.000000 200.000000
v -0.010499 0.888527 0.327872 200.000000 200.000000 200.000000
v 0.357919 0.303180 0.578621 200.000000 200.000000 200.000000
v 0.072349 -0.902550 0.199768 200.000000 200.000000 200.000000
v 0.005425 -0.531984 0.060987 200.000000 200.000000 200.000000
v 0.040554 -0.201217 -0.000906 200.000000 200.000000 200.000000
v 0.157205 0.688051 0.267851 200.000000 200.000000 200.000000
v 0.249448 0.542702 0.398949 200.000000 200.000000 200.000000
v 0.074680 0.337985 0.382836 200.000000 200.000000 200.000000
v 0.034501 0.097452 0.360571 200.000000 200.000000 200.000000
v 0.097281 -0.214320 0.055529 200.000000 200.000000 200.000000
v -0.039976 0.902025 0.302374 200.000000 200.000000 200.000000
v -0.017963 -0.508857 0.424624 200.000000 200.000000 200.000000
v 0.214845 -0.005193 0.153483 200.000000 200.000000 200.000000
v -0.054220 -0.717736 0.020366 200.000000 200.000000 200.000000
v 0.221015 0.015470 0.314669 200.000000 200.000000 200.000000
v 0.026922 -0.968791 0.042035 200.000000 200.000000 200.000000
v 0.039215 0.628382 0.281872 200.000000 200.000000 200.000000
v 0.080254 0.667261 0.081233 200.000000 200.000000 200.000000
v 0.132449 0.669972 0.135364 200.000000 200.000000 200.000000
v -0.119866 0.579293 -0.276477 200.000000 200.000000 200.000000
v 0.053833 -0.346986 0.141103 200.000000 200.000000 200.000000
v -0.015871 -0.514379 0.268711 200.000000 200.000000 200.000000
v 0.066264 -0.670292 0.393953 200.000000 200.000000 200.000000
v -0.080940 -0.818388 0.077326 200.000000 200.000000 200.000000
v -0.316639 0.540174 -0.601810 200.000000 200.000000 200.000000
v 0.227027 0.357726 0.174731 200.000000 200.000000 200.000000
v 0.040512 0.833756 0.350680 200.000000 200.000000 200.000000
v 0.131690 0.567678 0.459296 200.000000 200.000000 200.000000
v -0.049915 0.454373 0.203195 200.000000 200.000000 200.000000
v 0.043571 0.686426 0.186215 200.000000 200.000000 200.000000
v 0.031937 0.573747 -0.078362 200.000000 200.000000 200.000000
v 0.011032 0.121547 0.321152 200.000000 200.000000 200.000000
v 0.149737 0.925712 0.308204 200.000000 200.000000 200.000000
v 0.111670 -0.996279 0.378845 200.000000 200.000000 200.000000
v -0.211266 0.563659 -0.356090 200.000000 200.000000 200.000000
v 0.136605 -0.072181 0.047002 200.000000 200.000000 200.000000
v -0.174679 -0.378620 0.075586 200.000000 200.000000 200.000000
v -0.118734 -0.669086 0.055632 200.000000 200.000000 200.000000
v 0.069349 -0.518471 0.242934 200.000000 200.000000 200.000000
v 0.048864 -0.972193 0.056724 200.000000 200.000000 200.000000
v 0.023270 -0.737020 0.013947 200.000000 200.000000 200.000000
v -0.106647 0.550325 -0.125110 200.000000 200.000000 200.000000
v 0.145754 0.659433 0.130177 200.000000 200.000000 200.000000
v -0.065142 -0.299914 0.423836 200.000000 200.000000 200.000000
v -0.000658 -0.726510 0.259898 200.000000 200.000000 200.000000
v -0.072981 -0.259381 0.260352 200.000000 200.000000 200.000000
v 0.083635 0.053373 0.372280 200.000000 200.000000 200.000000
v 0.106913 -0.203589 0.394457 200.000000 200.000000 200.000000
v 0.010427 0.111869 0.319275 200.000000 200.000000 200.000000
v 0.012204 -0.700174 0.015102 200.000000 200.000000 200.000000
v 0.117659 0.575649 0.023337 200.000000 200.000000 200.000000
v -0.098882 -0.042837 0.149749 200.000000 200.000000 200.000000
v -0.051301 -0.621939 -0.009062 200.000000 200.000000 200.000000
v 0.058804 -0.753426 0.221232 200.000000 200.000000 200.000000
v -0.024996 -0.178417 0.424089 200.000000 200.000000 200.000000
v -0.020835 0.058663 0.012853 200.000000 200.000000 200.000000
v -0.029824 -0.665150 0.406075 200.000000 200.000000 200.000000
v -0.176809 -0.449950 0.068311 200.000000 200.000000 200.000000
v -0.033739 -0.144980 -0.006572 200.000000 200.000000 200.000000
v -0.317672 0.539389 -0.515237 200.000000 200.000000 200.000000
v -0.062964 -0.678143 0.303288 200.000000 200.000000 200.000000
v -0.044569 -0.745313 0.292139 200.000000 200.000000 200.000000
v -0.273581 0.508986 -0.514906 200.000000 200.000000 200.000000
v 0.126972 -0.989652 0.110969 200.000000 200.000000 200.000000
v 0.099844 0.598115 0.361157 200.000000 200.000000 200.000000
v 0.195980 0.192793 0.333965 200.000000 200.000000 200.000000
v 0.110163 -0.838736 0.313775 200.000000 200.000000 200.000000
v 0.279255 0.427434 0.469431 200.000000 200.000000 200.000000
v 0.269406 0.502493 0.525084 200.000000 200.000000 200.000000
v 0.008071 0.619828 0.319768 200.000000 200.000000 200.000000
v 0.066821 0.744649 0.304153 200.000000 200.000000 200.000000
v 0.044387 -0.825346 0.159911 200.000000 200.000000 200.000000
v 0.087555 0.741740 0.187648 200.000000 200.000000 200.000000
v 0.063953 -0.394333 0.047045 200.000000 200.000000 200.000000
v 0.234495 0.326407 0.388947 200.000000 200.000000 200.000000
v -0.032092 -0.207330 0.428926 200.000000 200.000000 200.000000
v -0.024387 0.446238 0.291723 200.000000 200.000000 200.000000
v -0.088249 -0.005104 0.075066 200.000000 200.000000 200.000000
v 0.250472 0.285958 0.522269 200.000000 200.000000 200.000000
v -0.112761 -0.831146 0.107787 200.000000 200.000000 200.000000
v 0.008452 0.354033 0.024379 200.000000 200.000000 200.000000
v 0.106762 -0.533566 0.258761 200.000000 200.000000 200.000000
v -0.037593 0.509622 -0.144671 200.000000 200.000000 200.000000
v -0.120684 -0.100163 0.057762 200.000000 200.000000 200.000000
v 0.026310 -0.186898 0.427327 200.000000 200.000000 200.000000
v 0.039873 0.663704 0.289664 200.000000 200.000000 200.000000
v 0.108813 0.557738 0.015088 200.000000 200.000000 200.000000
v -0.094118 -0.125856 0.213305 200.000000 200.000000 200.000000
v -0.067052 0.522707 -0.084754 200.000000 200.000000 200.000000
v 0.251798 0.499636 0.299717 200.000000 200.000000 200.000000
v 0.163993 0.267614 0.103651 200.000000 200.000000 200.000000
v 0.162108 0.937732 0.240784 200.000000 200.000000 200.000000
v 0.012485 -0.249448 0.215358 200.000000 200.000000 200.000000
v 0.213669 0.250007 0.514678 200.000000 200.000000 200.000000
v 0.192012 0.599519 0.139120 200.000000 200.000000 200.000000
v 0.020953 0.813018 0.138159 200.000000 200.000000 200.000000
v 0.029731 -0.633463 0.150392 200.000000 200.000000 200.000000
v 0.121814 -0.989269 0.355974 200.000000 200.000000 200.000000
v 0.096667 -0.022013 0.388554 200.000000 200.000000 200.000000
v 0.263060 0.093213 0.264800 200.000000 200.000000 200.000000
v 0.091208 0.061787 0.375635 200.000000 200.000000 200.000000
v 0.325985 0.423779 0.592774 200.000000 200.000000 200.000000
v -0.036310 -0.309131 0.256730 200.000000 200.000000 200.000000
v 0.060174 -0.745279 0.062907 200.000000 200.000000 200.000000
v 0.102150 0.548113 0.422830 200.000000 200.000000 200.000000
v -0.057470 -0.724705 0.330586 200.000000 200.000000 200.000000
v -0.160402 -0.177939 0.103411 200.000000 200.000000 200.000000
v -0.093252 -0.581244 0.013419 200.000000 200.000000 200.000000
v -0.018476 0.435843 0.321250 200.000000 200.000000 200.000000
v -0.021726 -0.336749 -0.007875 200.000000 200.000000 200.000000
v -0.079171 0.034429 0.080423 200.000000 200.000000 200.000000
v 0.012148 0.746952 0.153642 200.000000 200.000000 200.000000
v -0.150131 -0.412344 0.137743 200.000000 200.000000 200.000000
v 0.112519 -0.998989 0.100936 200.000000 200.000000 200.000000
v 0.039310 0.642688 -0.001960 200.000000 200.000000 200.000000
v 0.093445 0.962166 0.323020 200.000000 200.000000 200.000000
v 0.088933 0.671446 0.325256 200.000000 200.000000 200.000000
v 0.040509 -0.610893 0.083347 200.000000 200.000000 200.000000
v 0.053805 -0.775490 0.150377 200.000000 200.000000 200.000000
v -0.061268 0.353065 0.191377 200.000000 200.000000 200.000000
v -0.090708 -0.895877 0.091982 200.000000 200.000000 200.000000
v 0.059132 0.013620 -0.001931 200.000000 200.000000 200.000000
v -0.032164 -0.731880 0.279977 200.000000 200.000000 200.000000
v 0.094593 0.418539 0.405651 200.000000 200.000000 200.000000
v -0.063065 0.077497 0.068316 200.000000 200.000000 200.000000
v 0.021662 -0.670770 0.013230 200.000000 200.000000 200.000000
v -0.000666 -0.972844 0.043695 200.000000 200.000000 200.000000
v 0.053662 -0.516706 0.090256 200.000000 200.000000 200.000000
v 0.129436 0.615191 0.058267 200.000000 200.000000 200.000000
v -0.135162 -0.718093 0.076300 200.000000 200.000000 200.000000
v -0.065474 0.312858 0.228727 200.000000 200.000000 200.000000
v -0.108069 0.498455 -0.205362 200.000000 200.000000 200.000000
v -0.045694 -0.578869 0.300141 200.000000 200.000000 200.000000
v 0.016219 0.885459 0.145615 200.000000 200.000000 200.000000
v 0.066360 -0.792064 0.060405 200.000000 200.000000 200.000000
v 0.048224 0.734700 0.173169 200.000000 200.000000 200.000000
v -0.065619 -0.158860 0.332946 200.000000 200.000000 200.000000
v 0.174764 0.191351 0.341072 200.000000 200.000000 200.000000
v 0.061328 -0.760742 0.064895 200.000000 200.000000 200.000000
v -0.016224 -0.609548 0.422748 200.000000 200.000000 200.000000
v -0.172537 -0.480720 0.088665 200.000000 200.000000 200.000000
v 0.171237 0.277763 0.117685 200.000000 200.000000 200.000000
v 0.013998 -0.725576 0.402105 200.000000 200.000000 200.000000
v -0.114396 -0.734616 0.074164 200.000000 200.000000 200.000000
v -0.023233 0.190186 0.306926 200.000000 200.000000 200.000000
v 0.192193 -0.142376 0.250088 200.000000 200.000000 200.000000
v 0.123460 0.303265 0.376760 200.000000 200.000000 200.000000
v 0.056775 -0.796901 0.356152 200.000000 200.000000 200.000000
v -0.058564 0.389654 0.174301 200.000000 200.000000 200.000000
v -0.049798 -0.485325 0.156184 200.000000 200.000000 200.000000
v 0.122738 0.113162 0.369789 200.000000 200.000000 200.000000
v 0.085008 -0.175748 0.020036 200.000000 200.000000 200.000000
v 0.126586 -0.973030 0.163017 200.000000 200.000000 200.000000
v 0.161633 0.678013 0.192423 200.000000 200.000000 200.000000
v 0.032837 -0.824285 0.162305 200.000000 200.000000 200.000000
v 0.063437 -0.672551 0.101793 200.000000 200.000000 200.000000
v 0.070001 0.999087 0.235997 200.000000 200.000000 200.000000
v 0.147205 -0.776484 0.314112 200.000000 200.000000 200.000000
v 0.132838 0.159690 0.037118 200.000000 200.000000 200.000000
v 0.235573 0.483223 0.538848 200.000000 200.000000 200.000000
v -0.148488 -0.172754 0.051774 200.000000 200.000000 200.000000
v -0.034448 -0.436690 0.282746 200.000000 200.000000 200.000000
v 0.255869 0.385250 0.526671 200.000000 200.000000 200.000000
v 0.087487 0.586522 0.356814 200.000000 200.000000 200.000000
v -0.053937 0.422139 0.215878 200.000000 200.000000 200.000000
v 0.057011 -0.945285 0.171904 200.000000 200.000000 200.000000
v 0.240831 -0.000502 0.245163 200.000000 200.000000 200.000000
v -0.004773 -0.379286 0.435673 200.000000 200.000000 200.000000
v 0.122631 -0.176702 0.119243 200.000000 200.000000 200.000000
v -0.157856 -0.314704 0.120950 200.000000 200.000000 200.000000
v -0.031336 -0.113246 -0.005680 200.000000 200.000000 200.000000
v 0.021190 -0.798363 0.040002 200.000000 200.000000 200.000000
v -0.061509 -0.737967 0.039608 200.000000 200.000000 200.000000
v 0.228736 0.434945 0.536985 200.000000 200.000000 200.000000
v 0.118472 -0.483060 0.278145 200.000000 200.000000 200.000000
v 0.069921 -0.785533 0.140817 200.000000 200.000000 200.000000
v 0.168837 0.832395 0.210987 200.000000 200.000000 200.000000
v 0.208876 0.588623 0.208087 200.000000 200.000000 200.000000
v 0.098787 0.805075 0.344178 200.000000 200.000000 200.000000
v 0.111194 -0.998442 0.300782 200.000000 200.000000 200.000000
v 0.199187 0.607704 0.220375 200.000000 200.000000 200.000000
v 0.200220 -0.109698 0.225219 200.000000 200.000000 200.000000
v -0.002507 0.911577 0.160122 200.000000 200.000000 200.000000
v 0.061516 0.229825 0.017587 200.000000 200.000000 200.000000
v -0.041604 0.508152 -0.141194 200.000000 200.000000 200.000000
v -0.144370 -0.282562 0.123077 200.000000 200.000000 200.000000
v 0.050751 0.471735 0.005042 200.000000 200.000000 200.000000
v 0.135884 0.837256 0.172990 200.000000 200.000000 200.000000
v 0.025341 0.766617 0.299671 200.000000 200.000000 200.000000
v -0.075666 -0.791099 0.069321 200.000000 200.000000 200.000000
v 0.087629 -0.195330 0.406010 200.000000 200.000000 200.000000
v -0.035630 0.376404 0.295566 200.000000 200.000000 200.000000
v 0.134479 -0.782926 0.251930 200.000000 200.000000 200.000000
v 0.188137 -0.035407 0.141756 200.000000 200.000000 200.000000
v 0.245812 0.422165 0.284915 200.000000 200.000000 200.000000
v -0.078205 0.144173 0.172074 200.000000 200.000000 200.000000
v 0.012548 0.610114 0.184922 200.000000 200.000000 200.000000
v 0.181934 0.120690 0.111187 200.000000 200.000000 200.000000
v 0.069835 -0.886923 0.170168 200.000000 200.000000 200.000000
v 0.076859 -0.999199 0.108477 200.000000 200.000000 200.000000
v 0.214619 0.224993 0.250668 200.000000 200.000000 200.000000
v -0.077669 -0.286150 0.183760 200.000000 200.000000 200.000000
v -0.070667 -0.298325 0.413402 200.000000 200.000000 200.000000
v -0.123766 -0.533111 0.030033 200.000000 200.000000 200.000000
v -0.008977 -0.670759 0.413908 200.000000 200.000000 200.000000
v 0.117656 -0.452557 0.241237 200.000000 200.000000 200.000000
v 0.213178 0.112690 0.248783 200.000000 200.000000 200.000000
v 0.050964 -0.489416 0.237674 200.000000 200.000000 200.000000
v 0.220591 0.603532 0.422060 200.000000 200.000000 200.000000
v -0.078869 -0.404140 0.320735 200.000000 200.000000 200.000000
v 0.088082 0.461193 0.016506 200.000000 200.000000 200.000000
v 0.102868 -0.878904 0.146017 200.000000 200.000000 200.000000
v 0.064301 -0.129432 0.409943 200.000000 200.000000 200.000000
v 0.035359 -0.979280 0.366796 200.000000 200.000000 200.000000
v -0.024045 0.116292 0.296185 200.000000 200.000000 200.000000
v 0.114720 0.908443 0.152071 200.000000 200.000000 200.000000
v 0.053024 0.602754 0.320696 200.000000 200.000000 200.000000
v 0.220756 0.002948 0.289525 200.000000 200.000000 200.000000
v 0.160532 -0.007576 0.349319 200.000000 200.000000 200.000000
v 0.243743 0.309400 0.378242 200.000000 200.000000 200.000000
v 0.167953 -0.044024 0.338152 200.000000 200.000000 200.000000
v -0.199291 0.568868 -0.364393 200.000000 200.000000 200.000000
v -0.049929 0.526556 -0.186711 200.000000 200.000000 200.000000
v -0.159527 0.566725 -0.352325 200.000000 200.000000 200.000000
v 0.139917 -0.342527 0.305112 200.000000 200.000000 200.000000
v 0.093639 -0.639791 0.254631 200.000000 200.000000 200.000000
v -0.028548 0.033866 0.315695 200.000000 200.000000 200.000000
v 0.064303 0.039889 0.381199 200.000000 200.000000 200.000000
v -0.112873 -0.311159 0.158846 200.000000 200.000000 200.000000
v 0.040598 0.734790 0.300577 200.000000 200.000000 200.000000
v -0.121350 -0.548160 0.140271 200.000000 200.000000 200.000000
v 0.054041 -0.886076 0.175641 200.000000 200.000000 200.000000
v -0.171828 -0.430927 0.056062 200.000000 200.000000 200.000000
v 0.151511 -0.077604 0.355465 200.000000 200.000000 200.000000
v 0.164373 0.148337 0.375492 200.000000 200.000000 200.000000
v 0.172733 0.150246 0.115056 200.000000 200.000000 200.000000
v 0.087658 -0.552243 0.376494 200.000000 200.000000 200.000000
v -0.010387 0.744543 0.154458 200.000000 200.000000 200.000000
v 0.182949 0.407368 0.498554 200.000000 200.000000 200.000000
v 0.139942 -0.985481 0.153003 200.000000 200.000000 200.000000
v 0.236005 0.572117 0.273900 200.000000 200.000000 200.000000
v 0.123149 -0.910449 0.130613 200.000000 200.000000 200.000000
v -0.075620 -0.654387 0.015335 200.000000 200.000000 200.000000
v 0.033390 -0.289879 0.174065 200.000000 200.000000 200.000000
v 0.051402 -0.472993 0.043620 200.000000 200.000000 200.000000
v 0.036171 -0.680717 0.044387 200.000000 200.000000 200.000000
v 0.152158 0.819036 0.319873 200.000000 200.000000 200.000000
v 0.082067 -0.077967 0.398971 200.000000 200.000000 200.000000
v 0.315966 0.448861 0.569490 200.000000 200.000000 200.000000
v 0.125105 -0.285208 0.213424 200.000000 200.000000 200.000000
v 0.282791 0.474853 0.451869 200.000000 200.000000 200.000000
v 0.265541 0.014143 0.270857 200.000000 200.000000 200.000000
v 0.022118 -0.982154 0.342238 200.000000 200.000000 200.000000
v 0.080811 -0.644743 0.248915 200.000000 200.000000 200.000000
v 0.038755 -0.999397 0.371618 200.000000 200.000000 200.000000
v 0.243067 0.483384 0.341571 200.000000 200.000000 200.000000
v -0.075798 0.079274 0.132452 200.000000 200.000000 200.000000
v 0.011926 0.087299 0.328589 200.000000 200.000000 200.000000
v -0.085222 0.001400 0.085166 200.000000 200.000000 200.000000
v 0.057111 0.598617 0.312601 200.000000 200.000000 200.000000
v -0.048510 -0.155460 0.395214 200.000000 200.000000 200.000000
v 0.080730 -0.492070 0.367128 200.000000 200.000000 200.000000
v -0.005544 -0.592633 0.149868 200.000000 200.000000 200.000000
v 0.219125 0.197330 0.306908 200.000000 200.000000 200.000000
v 0.038708 -0.594254 0.109472 200.000000 200.000000 200.000000
v 0.073862 -0.292629 0.407339 200.000000 200.000000 200.000000
v 0.066032 0.747700 0.313328 200.000000 200.000000 200.000000
v 0.107717 0.422480 0.033732 200.000000 200.000000 200.000000
v 0.072538 0.900806 0.372851 200.000000 200.000000 200.000000
v 0.084272 0.079056 0.388129 200.000000 200.000000 200.000000
v -0.111704 -0.044722 0.086144 200.000000 200.000000 200.000000
v -0.016553 -0.548491 0.042594 200.000000 200.000000 200.000000
v 0.162856 -0.983784 0.256883 200.000000 200.000000 200.000000
v 0.060944 -0.398283 0.027567 200.000000 200.000000 200.000000
v -0.163592 -0.534357 0.097487 200.000000 200.000000 200.000000
v -0.073193 -0.997340 -0.000130 200.000000 200.000000 200.000000
v 0.036174 -0.996117 0.297926 200.000000 200.000000 200.000000
v -0.100724 -0.717690 0.123817 200.000000 200.000000 200.000000
v -0.156149 -0.616891 0.080462 200.000000 200.000000 200.000000
v 0.322176 0.314827 0.536286 200.000000 200.000000 200.000000
v 0.102784 -0.987032 0.374348 200.000000 200.000000 200.000000
v 0.036852 -0.614723 0.034738 200.000000 200.000000 200.000000
v -0.087570 -0.402814 0.341816 200.000000 200.000000 200.000000
v 0.008302 0.341436 0.024976 200.000000 200.000000 200.000000
v 0.067009 -0.688765 0.101426 200.000000 200.000000 200.000000
v -0.064429 0.267130 0.138727 200.000000 200.000000 200.000000
v -0.161472 -0.544379 0.064286 200.000000 200.000000 200.000000
v -0.071804 -0.002502 0.050368 200.000000 200.000000 200.000000
v -0.030200 0.912056 0.190645 200.000000 200.000000 200.000000
v -0.009620 0.472279 0.018888 200.000000 200.000000 200.000000
v 0.064448 -0.363518 0.067129 200.000000 200.000000 200.000000
v 0.045977 -0.964241 0.050218 200.000000 200.000000 200.000000
v -0.054358 -0.957053 0.143076 200.000000 200.000000 200.000000
v 0.006090 0.901424 0.150584 200.000000 200.000000 200.000000
v 0.191327 0.560691 0.102810 200.000000 200.000000 200.000000
v -0.064113 0.268261 0.187166 200.000000 200.000000 200.000000
v -0.079369 -0.252722 0.293000 200.000000 200.000000 200.000000
v -0.036898 0.577053 -0.144930 200.000000 200.000000 200.000000
v -0.036648 0.723768 0.243052 200.000000 200.000000 200.000000
v 0.124313 -0.168811 0.081014 200.000000 200.000000 200.000000
v -0.059359 -0.566266 0.317517 200.000000 200.000000 200.000000
v -0.053405 0.223029 0.089057 200.000000 200.000000 200.000000
v -0.149963 0.519580 -0.199337 200.000000 200.000000 200.000000
v -0.012506 0.859034 0.149652 200.000000 200.000000 200.000000
v -0.025700 0.617477 -0.061512 200.000000 200.000000 200.000000
v -0.005628 0.604787 -0.079245 200.000000 200.000000 200.000000
v 0.072008 0.741833 0.184199 200.000000 200.000000 200.000000
v 0.010028 -0.066377 -0.007858 200.000000 200.000000 200.000000
v -0.001057 -0.616164 0.424458 200.000000 200.000000 200.000000
v 0.004842 0.804816 0.141918 200.000000 200.000000 200.000000
v 0.068671 0.666428 0.133683 200.000000 200.000000 200.000000
v 0.024175 0.229356 0.345934 200.000000 200.000000 200.000000
v 0.245636 0.542568 0.483908 200.000000 200.000000 200.000000
v 0.268000 0.333358 0.566113 200.000000 200.000000 200.000000
v 0.147117 0.402380 0.060810 200.000000 200.000000 200.000000
v 0.142336 0.655731 0.348867 200.000000 200.000000 200.000000
v 0.137475 0.688638 0.315109 200.000000 200.000000 200.000000
v -0.140637 -0.595083 0.115976 200.000000 200.000000 200.000000
v 0.021776 0.928465 0.345639 200.000000 200.000000 200.000000
v -0.002530 -0.885322 0.166111 200.000000 200.000000 200.000000
v -0.098622 -0.324434 0.000516 200.000000 200.000000 200.000000
v -0.001493 -0.862916 0.053204 200.000000 200.000000 200.000000
v 0.101608 0.958157 0.327134 200.000000 200.000000 200.000000
v 0.047159 -0.848165 0.050797 200.000000 200.000000 200.000000
v 0.225950 0.307484 0.276485 200.000000 200.000000 200.000000
v -0.311446 0.473410 -0.593551 200.000000 200.000000 200.000000
v -0.052670 0.887964 0.275961 200.000000 200.000000 200.000000
v -0.055223 0.227485 0.098042 200.000000 200.000000 200.000000
v 0.142475 0.159326 0.354492 200.000000 200.000000 200.000000
v 0.000628 0.982482 0.239239 200.000000 200.000000 200.000000
v -0.000429 0.961964 0.183137 200.000000 200.000000 200.000000
v -0.153291 -0.565127 0.106698 200.000000 200.000000 200.000000
v -0.105976 -0.415683 0.008678 200.000000 200.000000 200.000000
v 0.252200 0.485543 0.304668 200.000000 200.000000 200.000000
v -0.077869 -0.331287 0.408596 200.000000 200.000000 200.000000
v -0.058790 -0.728723 0.035046 200.000000 200.000000 200.000000
v 0.240479 0.537643 0.245791 200.000000 200.000000 200.000000
v 0.188783 0.591459 0.465582 200.000000 200.000000 200.000000
v 0.034335 -0.316409 0.167688 200.000000 200.000000 200.000000
v -0.000626 0.631857 0.219882 200.000000 200.000000 200.000000
v -0.051897 -0.830782 0.070247 200.000000 200.000000 200.000000
v 0.214315 0.164757 0.202377 200.000000 200.000000 200.000000
v 0.204093 0.129758 0.154238 200.000000 200.000000 200.000000
v -0.117608 -0.348355 0.151080 200.000000 200.000000 200.000000
v 0.042569 0.075880 0.366310 200.000000 200.000000 200.000000
v 0.241741 0.024770 0.223818 200.000000 200.000000 200.000000
v 0.254759 0.493552 0.396995 200.000000 200.000000 200.000000
v 0.049249 0.401406 0.026882 200.000000 200.000000 200.000000
v -0.068475 0.207738 0.143707 200.000000 200.000000 200.000000
v -0.001561 -0.993827 0.403252 200.000000 200.000000 200.000000
v 0.028320 0.947433 0.134359 200.000000 200.000000 200.000000
v 0.186404 -0.032145 0.128645 200.000000 200.000000 200.000000
v -0.077179 0.051798 0.094135 200.000000 200.000000 200.000000
v -0.072760 -0.704637 0.153255 200.000000 200.000000 200.000000
v 0.222499 -0.025599 0.248974 200.000000 200.000000 200.000000
v 0.025297 -0.749468 0.393685 200.000000 200.000000 200.000000
v 0.092645 0.843472 0.364251 200.000000 200.000000 200.000000
v -0.040543 -0.434340 0.011218 200.000000 200.000000 200.000000
v 0.200574 0.485676 0.509290 200.000000 200.000000 200.000000
v -0.080375 0.093836 0.175649 200.000000 200.000000 200.000000
v 0.154498 -0.832129 0.304374 200.000000 200.000000 200.000000
v 0.316609 0.375824 0.613775 200.000000 200.000000 200.000000
v 0.237158 0.574718 0.379241 200.000000 200.000000 200.000000
v -0.128443 -0.184598 0.165158 200.000000 200.000000 200.000000
v 0.117633 -0.177285 0.382396 200.000000 200.000000 200.000000
v 0.156785 0.940350 0.193404 200.000000 200.000000 200.000000
v -0.061917 0.951629 0.206435 200.000000 200.000000 200.000000
v -0.133954 -0.173290 0.151448 200.000000 200.000000 200.000000
v -0.028059 -0.375909 -0.000658 200.000000 200.000000 200.000000
v -0.013604 -0.999271 0.009071 200.000000 200.000000 200.000000
v 0.048323 -0.577785 0.104095 200.000000 200.000000 200.000000
v -0.059855 -0.305796 0.181683 200.000000 200.000000 200.000000
v -0.104534 0.536562 -0.280691 200.000000 200.000000 200.000000
v 0.218926 0.019262 0.313735 200.000000 200.000000 200.000000
v 0.122840 0.904501 0.157596 200.000000 200.000000 200.000000
v 0.076373 -0.224378 0.017593 200.000000 200.000000 200.000000
v 0.187470 0.470443 0.087561 200.000000 200.000000 200.000000
v 0.165088 0.654887 0.352544 200.000000 200.000000 200.000000
v -0.064699 -0.371878 0.427513 200.000000 200.000000 200.000000
v -0.064082 -0.197933 0.213577 200.000000 200.000000 200.000000
v 0.049541 0.413678 0.026232 200.000000 200.000000 200.000000
v -0.033083 -0.680029 0.267516 200.000000 200.000000 200.000000
v -0.002401 -0.248335 0.432059 200.000000 200.000000 200.000000
v -0.114334 -0.049723 0.086714 200.000000 200.000000 200.000000
v 0.078666 -0.998053 0.278144 200.000000 200.000000 200.000000
v 0.061869 -0.631730 0.404620 200.000000 200.000000 200.000000
v 0.031002 -0.639134 0.228115 200.000000 200.000000 200.000000
v 0.082395 -0.861439 0.150271 200.000000 200.000000 200.000000
v 0.049183 -0.460448 0.416822 200.000000 200.000000 200.000000
v 0.030725 -0.783653 0.229211 200.000000 200.000000 200.000000
v 0.115563 0.208911 0.030365 200.000000 200.000000 200.000000
v 0.029010 0.171645 0.012033 200.000000 200.000000 200.000000
v -0.038952 -0.988540 0.009731 200.000000 200.000000 200.000000
v 0.324841 0.442028 0.508527 200.000000 200.000000 200.000000
v -0.002526 -0.753038 0.389745 200.000000 200.000000 200.000000
v -0.056463 -0.977695 0.047785 200.000000 200.000000 200.000000
v -0.055614 -0.655027 0.285425 200.000000 200.000000 200.000000
v 0.255906 0.067732 0.253034 200.000000 200.000000 200.000000
v 0.200081 0.410849 0.424655 200.000000 200.000000 200.000000
v 0.102552 0.261459 0.035750 200.000000 200.000000 200.000000
v 0.205056 0.498438 0.521487 200.000000 200.000000 200.000000
v 0.117250 0.549899 0.443013 200.000000 200.000000 200.000000
v 0.131141 0.690193 0.297472 200.000000 200.000000 200.000000
v 0.003785 -0.456707 0.031890 200.000000 200.000000 200.000000
v -0.072530 -0.095756 0.270078 200.000000 200.000000 200.000000
v 0.142428 -0.322403 0.305697 200.000000 200.000000 200.000000
v -0.072268 -0.359490 0.173700 200.000000 200.000000 200.000000
v 0.097720 -0.988107 0.383351 200.000000 200.000000 200.000000
v -0.011253 0.197308 0.320392 200.000000 200.000000 200.000000
v -0.076884 0.105481 0.161135 200.000000 200.000000 200.000000
v 0.251259 0.467612 0.274168 200.000000 200.000000 200.000000
v 0.073323 0.103437 0.406849 200.000000 200.000000 200.000000
v 0.082387 -0.543451 0.373542 200.000000 200.000000 200.000000
v -0.090049 -0.438556 -0.008001 200.000000 200.000000 200.000000
v 0.137387 0.504782 0.460459 200.000000 200.000000 200.000000
v -0.083296 0.576123 -0.217600 200.000000 200.000000 200.000000
v -0.001266 0.739185 0.276540 200.000000 200.000000 200.000000
v -0.043271 -0.575831 0.416336 200.000000 200.000000 200.000000
v 0.039786 -0.771176 0.156739 200.000000 200.000000 200.000000
v -0.000743 0.967619 0.190664 200.000000 200.000000 200.000000
v 0.280511 0.311010 0.530872 200.000000 200.000000 200.000000
v 0.144747 0.084465 0.367208 200.000000 200.000000 200.000000
v 0.230324 0.271680 0.530957 200.000000 200.000000 200.000000
v 0.026809 -0.091822 0.412043 200.000000 200.000000 200.000000
v 0.215732 0.004297 0.276428 200.000000 200.000000 200.000000
v -0.048628 0.428552 0.133507 200.000000 200.000000 200.000000
v -0.008860 -0.957793 0.160259 200.000000 200.000000 200.000000
v 0.133782 -0.986511 0.119995 200.000000 200.000000 200.000000
v -0.081169 -0.064878 0.027524 200.000000 200.000000 200.000000
v -0.058873 0.406646 0.185246 200.000000 200.000000 200.000000
v 0.026609 0.958300 0.312627 200.000000 200.000000 200.000000
v 0.218027 -0.036475 0.198581 200.000000 200.000000 200.000000
v 0.193122 0.477447 0.501939 200.000000 200.000000 200.000000
v -0.065545 0.237493 0.237610 200.000000 200.000000 200.000000
v 0.036658 0.169277 0.338513 200.000000 200.000000 200.000000
v -0.346454 0.537934 -0.566753 200.000000 200.000000 200.000000
v -0.126387 -0.139480 0.042326 200.000000 200.000000 200.000000
v 0.234409 -0.000134 0.300077 200.000000 200.000000 200.000000
v -0.138009 0.584920 -0.278234 200.000000 200.000000 200.000000
v -0.067107 0.153234 0.128303 200.000000 200.000000 200.000000
v -0.068821 -0.800787 0.128447 200.000000 200.000000 200.000000
v 0.230357 0.292910 0.336440 200.000000 200.000000 200.000000
v -0.050656 0.519005 -0.062020 200.000000 200.000000 200.000000
v -0.171093 -0.223523 0.105083 200.000000 200.000000 200.000000
v 0.075926 -0.227098 0.410750 200.000000 200.000000 200.000000
v 0.116493 -0.462730 0.241828 200.000000 200.000000 200.000000
v -0.147105 0.498996 -0.296004 200.000000 200.000000 200.000000
v 0.070560 0.565274 0.377209 200.000000 200.000000 200.000000
v 0.102538 -0.025926 0.012738 200.000000 200.000000 200.000000
v 0.124972 -0.996586 0.201734 200.000000 200.000000 200.000000
v 0.013088 0.421942 0.371431 200.000000 200.000000 200.000000
v -0.020592 -0.796467 0.311452 200.000000 200.000000 200.000000
v -0.114686 -0.206358 0.168033 200.000000 200.000000 200.000000
v 0.000682 -0.629428 0.423325 200.000000 200.000000 200.000000
v -0.141221 0.499045 -0.289291 200.000000 200.000000 200.000000
v -0.085857 -0.276233 0.321050 200.000000 200.000000 200.000000
v -0.045416 0.167929 0.058752 200.000000 200.000000 200.000000
v -0.006214 0.211840 0.323817 200.000000 200.000000 200.000000
v -0.288113 0.538621 -0.565390 200.000000 200.000000 200.000000
v -0.016321 -0.247068 0.433959 200.000000 200.000000 200.000000
v 0.011585 -0.565147 0.066659 200.000000 200.000000 200.000000
v 0.113782 -0.716509 0.241888 200.000000 200.000000 200.000000
v -0.026308 -0.419665 0.274812 200.000000 200.000000 200.000000
v -0.354530 0.489262 -0.633772 200.000000 200.000000 200.000000
v 0.014643 0.818972 0.326759 200.000000 200.000000 200.000000
v -0.106310 -0.199593 0.006703 200.000000 200.000000 200.000000
v 0.081046 0.540882 -0.009586 200.000000 200.000000 200.000000
v 0.102068 0.169912 0.361047 200.000000 200.000000 200.000000
v -0.060995 -0.974041 0.131065 200.000000 200.000000 200.000000
v 0.106104 -0.473022 0.315022 200.000000 200.000000 200.000000
v 0.128989 -0.977125 0.310874 200.000000 200.000000 200.000000
v 0.163083 -0.040640 0.346550 200.000000 200.000000 200.000000
v 0.029273 -0.506345 0.246752 200.000000 200.000000 200.000000
v 0.142714 0.852750 0.340743 200.000000 200.000000 200.000000
v 0.134557 -0.263101 0.348684 200.000000 200.000000 200.000000
v 0.071340 0.660112 0.072944 200.000000 200.000000 200.000000
v 0.186060 0.166262 0.504729 200.000000 200.000000 200.000000
v -0.019704 0.585986 -0.112664 200.000000 200.000000 200.000000
v -0.071626 0.107896 0.240288 200.000000 200.000000 200.000000
v 0.170451 0.141092 0.410519 200.000000 200.000000 200.000000
v 0.245326 0.527196 0.366296 200.000000 200.000000 200.000000
v -0.010085 0.969592 0.277799 200.000000 200.000000 200.000000
v 0.044108 -0.457564 0.097667 200.000000 200.000000 200.000000
v -0.048444 -0.141881 -0.005124 200.000000 200.000000 200.000000
v 0.022761 -0.309480 0.231042 200.000000 200.000000 200.000000
v -0.083163 -0.148510 0.264309 200.000000 200.000000 200.000000
v -0.091336 -0.290269 0.180360 200.000000 200.000000 200.000000
v -0.008764 0.606179 -0.072729 200.000000 200.000000 200.000000
v 0.033165 -0.989825 0.407347 200.000000 200.000000 200.000000
v -0.083019 -0.284599 0.366294 200.000000 200.000000 200.000000
v 0.173462 -0.912710 0.253671 200.000000 200.000000 200.000000
v -0.042222 0.341624 0.280126 200.000000 200.000000 200.000000
v -0.059235 -0.511952 0.311973 200.000000 200.000000 200.000000
v 0.072555 0.251112 0.017586 200.000000 200.000000 200.000000
v -0.064895 -0.140858 0.321935 200.000000 200.000000 200.000000
v -0.064497 -0.449308 0.309110 200.000000 200.000000 200.000000
v -0.125283 -0.573120 0.123715 200.000000 200.000000 200.000000
v -0.038805 0.937006 0.189106 200.000000 200.000000 200.000000
v 0.089070 -0.842466 0.137573 200.000000 200.000000 200.000000
v 0.128065 0.306404 0.378101 200.000000 200.000000 200.000000
v -0.161713 -0.183075 0.077314 200.000000 200.000000 200.000000
v -0.032235 0.515750 0.197494 200.000000 200.000000 200.000000
v -0.056101 0.882193 0.256942 200.000000 200.000000 200.000000
v -0.055089 0.069624 0.047291 200.000000 200.000000 200.000000
v 0.120863 -0.617825 0.266342 200.000000 200.000000 200.000000
v 0.068119 0.538209 -0.037827 200.000000 200.000000 200.000000
v 0.236010 0.336680 0.251877 200.000000 200.000000 200.000000
v 0.024382 -0.352289 0.162824 200.000000 200.000000 200.000000
v 0.045529 -0.999141 0.067533 200.000000 200.000000 200.000000
v 0.227467 0.388644 0.182174 200.000000 200.000000 200.000000
v 0.081347 -0.754848 0.110298 200.000000 200.000000 200.000000
v -0.067164 -0.185909 0.359663 200.000000 200.000000 200.000000
v -0.062815 -0.972436 0.129194 200.000000 200.000000 200.000000
v -0.009065 -0.604462 0.259769 200.000000 200.000000 200.000000
v 0.127100 0.147008 0.360693 200.000000 200.000000 200.000000
v 0.015613 0.532521 0.306599 200.000000 200.000000 200.000000
v 0.041166 -0.902652 0.050608 200.000000 200.000000 200.000000
v -0.038614 0.135858 0.044021 200.000000 200.000000 200.000000
v -0.081329 -0.185681 0.318248 200.000000 200.000000 200.000000
v 0.026490 -0.472464 0.246842 200.000000 200.000000 200.000000
v 0.062492 -0.993680 0.248914 200.000000 200.000000 200.000000
v -0.033771 0.866921 0.291223 200.000000 200.000000 200.000000
v 0.098405 -0.413050 0.331641 200.000000 200.000000 200.000000
v -0.117227 -0.121965 0.159487 200.000000 200.000000 200.000000
v 0.039118 0.289253 0.017440 200.000000 200.000000 200.000000
v -0.008041 -0.663809 -0.003056 200.000000 200.000000 200.000000
v 0.166886 0.805327 0.240106 200.000000 200.000000 200.000000
v 0.052501 0.520440 0.365133 200.000000 200.000000 200.000000
v 0.055821 -0.457508 0.407758 200.000000 200.000000 200.000000
v 0.159162 0.917133 0.289587 200.000000 200.000000 200.000000
v -0.036530 -0.541150 0.016873 200.000000 200.000000 200.000000
v 0.249437 0.003159 0.309110 200.000000 200.000000 200.000000
v 0.096380 0.062792 0.009248 200.000000 200.000000 200.000000
v 0.183273 0.275507 0.137933 200.000000 200.000000 200.000000
v 0.066704 0.936112 0.135093 200.000000 200.000000 200.000000
v 0.027547 -0.591880 0.034075 200.000000 200.000000 200.000000
v 0.173137 0.483222 0.483742 200.000000 200.000000 200.000000
v -0.053867 0.416069 0.219448 200.000000 200.000000 200.000000
v 0.192426 0.030129 0.107894 200.000000 200.000000 200.000000
v -0.139900 -0.641037 0.110333 200.000000 200.000000 200.000000
v -0.048944 0.090517 0.284764 200.000000 200.000000 200.000000
v -0.029411 -0.420261 0.015433 200.000000 200.000000 200.000000
v -0.052856 0.153350 0.069003 200.000000 200.000000 200.000000
v 0.039999 0.047756 0.362448 200.000000 200.000000 200.000000
v -0.027429 0.324858 0.323189 200.000000 200.000000 200.000000
v -0.068733 0.254416 0.171776 200.000000 200.000000 200.000000
v 0.043735 -0.358801 0.146052 200.000000 200.000000 200.000000
v 0.147203 -0.086099 0.069849 200.000000 200.000000 200.000000
v -0.034802 -0.286814 0.188985 200.000000 200.000000 200.000000
v 0.056999 -0.799238 0.209447 200.000000 200.000000 200.000000
v -0.065855 0.318899 0.208901 200.000000 200.000000 200.000000
v -0.073431 0.190855 0.198990 200.000000 200.000000 200.000000
v -0.033712 0.292952 0.068166 200.000000 200.000000 200.000000
v -0.210564 0.538802 -0.453398 200.000000 200.000000 200.000000
v 0.265522 0.028073 0.268960 200.000000 200.000000 200.000000
v -0.152299 -0.216636 0.137691 200.000000 200.000000 200.000000
v 0.089984 0.866875 0.141200 200.000000 200.000000 200.000000
v 0.272832 0.370871 0.536089 200.000000 200.000000 200.000000
v 0.099504 -0.996227 0.156083 200.000000 200.000000 200.000000
v 0.047876 -0.742102 0.033150 200.000000 200.000000 200.000000
v -0.369217 0.480794 -0.617506 200.000000 200.000000 200.000000
v 0.081289 -0.338110 0.394951 200.000000 200.000000 200.000000
v -0.028154 -0.418971 0.433959 200.000000 200.000000 200.000000
v -0.037539 -0.408033 0.282341 200.000000 200.000000 200.000000
v 0.141148 0.167233 0.470813 200.000000 200.000000 200.000000
v 0.258854 0.111498 0.264747 200.000000 200.000000 200.000000
v 0.090297 -0.179973 0.405294 200.000000 200.000000 200.000000
v -0.037186 0.523100 -0.165177 200.000000 200.000000 200.000000
v 0.114482 -0.431085 0.233709 200.000000 200.000000 200.000000
v 0.173297 -0.965341 0.192713 200.000000 200.000000 200.000000
v 0.014818 -0.442870 0.144238 200.000000 200.000000 200.000000
v 0.348648 0.358473 0.548779 200.000000 200.000000 200.000000
v 0.104228 -0.991076 0.209918 200.000000 200.000000 200.000000
v 0.089721 -0.833203 0.091887 200.000000 200.000000 200.000000
v 0.212695 0.026763 0.159472 200.000000 200.000000 200.000000
v -0.112750 0.497392 -0.204261 200.000000 200.000000 200.000000
v -0.015896 -0.565406 0.003952 200.000000 200.000000 200.000000
v 0.183700 0.651232 0.197641 200.000000 200.000000 200.000000
v 0.120166 -0.907237 0.316554 200.000000 200.000000 200.000000
v -0.017860 -0.185615 -0.006496 200.000000 200.000000 200.000000
v -0.037799 -0.870480 0.067640 200.000000 200.000000 200.000000
v 0.007551 0.472053 -0.040314 200.000000 200.000000 200.000000
v -0.124080 -0.140396 0.156998 200.000000 200.000000 200.000000
v -0.066594 -0.680486 0.340170 200.000000 200.000000 200.000000
v 0.012652 -0.407174 0.251434 200.000000 200.000000 200.000000
v 0.160519 0.512007 0.484265 200.000000 200.000000 200.000000
v 0.029850 -0.984202 0.385752 200.000000 200.000000 200.000000
v -0.046253 0.763373 0.253184 200.000000 200.000000 200.000000
v -0.003059 0.474139 0.015176 200.000000 200.000000 200.000000
v 0.237678 0.427885 0.228582 200.000000 200.000000 200.000000
v 0.075002 0.655586 0.321387 200.000000 200.000000 200.000000
v 0.092686 -0.203531 0.035868 200.000000 200.000000 200.000000
v -0.041155 -0.551502 0.420824 200.000000 200.000000 200.000000
v 0.158594 -0.093715 0.110461 200.000000 200.000000 200.000000
v 0.121047 0.129909 0.458507 200.000000 200.000000 200.000000
v -0.116474 0.549534 -0.298979 200.000000 200.000000 200.000000
v 0.185221 0.206812 0.149208 200.000000 200.000000 200.000000
v -0.122708 -0.255249 0.155147 200.000000 200.000000 200.000000
v -0.055315 -0.521497 0.420581 200.000000 200.000000 200.000000
v -0.055676 -0.262065 -0.009475 200.000000 200.000000 200.000000
v -0.013121 -0.738865 0.016006 200.000000 200.000000 200.000000
v 0.038537 -0.617655 0.111008 200.000000 200.000000 200.000000
v 0.137679 0.922293 0.345754 200.000000 200.000000 200.000000
v -0.047491 -0.593815 -0.017150 200.000000 200.000000 200.000000
v 0.254875 0.466382 0.396072 200.000000 200.000000 200.000000
v 0.043287 -0.409061 0.112678 200.000000 200.000000 200.000000
v 0.233739 0.455402 0.545797 200.000000 200.000000 200.000000
v 0.210468 0.440729 0.539210 200.000000 200.000000 200.000000
v 0.117057 0.369272 0.397793 200.000000 200.000000 200.000000
v 0.112081 -0.602980 0.314413 200.000000 200.000000 200.000000
v 0.080833 -0.934503 0.350136 200.000000 200.000000 200.000000
v -0.143457 0.583677 -0.281012 200.000000 200.000000 200.000000
v -0.089370 -0.428609 0.399584 200.000000 200.000000 200.000000
v 0.244055 0.009439 0.313293 200.000000 200.000000 200.000000
v 0.083576 -0.734244 0.371712 200.000000 200.000000 200.000000
v 0.080701 0.195967 0.017837 200.000000 200.000000 200.000000
v 0.197100 0.203080 0.346844 200.000000 200.000000 200.000000
v 0.198235 0.413435 0.527745 200.000000 200.000000 200.000000
v -0.228303 0.507675 -0.395969 200.000000 200.000000 200.000000
v -0.126905 -0.126225 0.049205 200.000000 200.000000 200.000000
v 0.190386 0.375558 0.110270 200.000000 200.000000 200.000000
v -0.107233 -0.080641 0.039757 200.000000 200.000000 200.000000
v -0.043801 -0.303931 -0.014704 200.000000 200.000000 200.000000
v 0.075049 -0.154582 0.007643 200.000000 200.000000 200.000000
v 0.160097 -0.092825 0.118730 200.000000 200.000000 200.000000
v 0.074709 -0.289580 0.138308 200.000000 200.000000 200.000000
v -0.160014 0.547709 -0.233070 200.000000 200.000000 200.000000
v 0.104721 -0.852667 0.306672 200.000000 200.000000 200.000000
v -0.027539 0.920686 0.303497 200.000000 200.000000 200.000000
v 0.063599 -0.431949 0.048649 200.000000 200.000000 200.000000
v 0.332625 0.297512 0.538960 200.000000 200.000000 200.000000
v 0.023567 -0.864189 0.351105 200.000000 200.000000 200.000000
v 0.244219 0.170245 0.313518 200.000000 200.000000 200.000000
v -0.039508 0.258611 0.071581 200.000000 200.000000 200.000000
v 0.084310 0.272871 0.021241 200.000000 200.000000 200.000000
v 0.041372 -0.664384 0.061988 200.000000 200.000000 200.000000
v 0.001721 -0.864644 0.283879 200.000000 200.000000 200.000000
v 0.020742 -0.564188 0.086384 200.000000 200.000000 200.000000
v -0.041422 0.766299 0.261594 200.000000 200.000000 200.000000
v 0.013585 0.925191 0.135741 200.000000 200.000000 200.000000
v 0.037183 0.941899 0.340877 200.000000 200.000000 200.000000
v -0.291209 0.546307 -0.479548 200.000000 200.000000 200.000000
v 0.065016 0.517720 -0.040977 200.000000 200.000000 200.000000
v 0.126040 -0.421154 0.244756 200.000000 200.000000 200.000000
v 0.034095 0.974426 0.179225 200.000000 200.000000 200.000000
v -0.019113 0.774949 0.285826 200.000000 200.000000 200.000000
v 0.151463 0.184505 0.090191 200.000000 200.000000 200.000000
v -0.289887 0.523716 -0.605048 200.000000 200.000000 200.000000
v 0.211578 0.179176 0.188248 200.000000 200.000000 200.000000
v -0.054726 -0.594913 -0.015244 200.000000 200.000000 200.000000
v 0.240689 0.458442 0.237016 200.000000 200.000000 200.000000
v 0.241232 0.453629 0.329312 200.000000 200.000000 200.000000
v -0.262290 0.555168 -0.484846 200.000000 200.000000 200.000000
v -0.033795 0.743710 0.260627 200.000000 200.000000 200.000000
v -0.352260 0.516975 -0.569176 200.000000 200.000000 200.000000
v 0.117605 -0.965780 0.116483 200.000000 200.000000 200.000000
v 0.125825 -0.361804 0.227292 200.000000 200.000000 200.000000
v 0.230443 0.395457 0.192532 200.000000 200.000000 200.000000
v 0.196527 0.297115 0.389410 200.000000 200.000000 200.000000
v -0.029000 0.827676 0.298086 200.000000 200.000000 200.000000
v 0.022744 -0.982518 0.312406 200.000000 200.000000 200.000000
v 0.018237 0.613971 0.326651 200.000000 200.000000 200.000000
v 0.153991 -0.289189 0.276287 200.000000 200.000000 200.000000
v -0.186353 0.508104 -0.393882 200.000000 200.000000 200.000000
v 0.053977 0.060676 0.403246 200.000000 200.000000 200.000000
v 0.101763 -0.508996 0.245176 200.000000 200.000000 200.000000
v 0.122697 -0.082834 0.034719 200.000000 200.000000 200.000000
v -0.091045 0.548559 -0.099883 200.000000 200.000000 200.000000
v 0.150482 0.854138 0.330855 200.000000 200.000000 200.000000
v 0.126068 -0.638049 0.325420 200.000000 200.000000 200.000000
v -0.020544 0.441650 0.309329 200.000000 200.000000 200.000000
v 0.121332 0.149068 0.025848 200.000000 200.000000 200.000000
v 0.078648 -0.660963 0.389667 200.000000 200.000000 200.000000
v 0.308144 0.479759 0.518001 200.000000 200.000000 200.000000
v -0.015278 -0.592067 0.155732 200.000000 200.000000 200.000000
v -0.024896 -0.698618 0.168813 200.000000 200.000000 200.000000
v 0.023842 -0.007401 -0.002647 200.000000 200.000000 200.000000
v 0.083056 -0.190463 0.407940 200.000000 200.000000 200.000000
v -0.002762 -0.601237 0.258439 200.000000 200.000000 200.000000
v 0.094346 -0.409275 0.345971 200.000000 200.000000 200.000000
v 0.075176 0.086286 0.405331 200.000000 200.000000 200.000000
v -0.072267 -0.849291 0.072434 200.000000 200.000000 200.000000
v 0.087433 -0.712390 0.365666 200.000000 200.000000 200.000000
v -0.058479 0.519486 -0.076607 200.000000 200.000000 200.000000
v -0.006637 0.845193 0.147527 200.000000 200.000000 200.000000
v 0.218860 0.286871 0.321545 200.000000 200.000000 200.000000
v -0.256588 0.556949 -0.436153 200.000000 200.000000 200.000000
v 0.047622 -0.421908 0.234058 200.000000 200.000000 200.000000
v -0.123183 -0.267646 0.010682 200.000000 200.000000 200.000000
v -0.356442 0.486613 -0.630699 200.000000 200.000000 200.000000
v 0.021822 -0.062121 -0.007800 200.000000 200.000000 200.000000
v 0.037153 -0.559438 0.235393 200.000000 200.000000 200.000000
v -0.082905 -0.821991 0.123707 200.000000 200.000000 200.000000
v 0.099059 0.376201 0.040397 200.000000 200.000000 200.000000
v -0.075724 0.205187 0.173558 200.000000 200.000000 200.000000
v -0.045874 0.865190 0.189138 200.000000 200.000000 200.000000
v 0.118956 0.087088 0.366375 200.000000 200.000000 200.000000
v -0.000080 0.731655 0.158949 200.000000 200.000000 200.000000
v 0.096150 -0.240498 0.397696 200.000000 200.000000 200.000000
v -0.080231 -0.246536 0.356984 200.000000 200.000000 200.000000
v 0.098756 0.720861 0.289706 200.000000 200.000000 200.000000
v 0.148439 0.066930 0.364343 200.000000 200.000000 200.000000
v 0.042239 0.649857 0.330869 200.000000 200.000000 200.000000
v 0.118233 0.600991 0.027681 200.000000 200.000000 200.000000
v -0.135055 -0.463001 0.025019 200.000000 200.000000 200.000000
v -0.053462 -0.562474 0.315328 200.000000 200.000000 200.000000
v 0.198472 0.308222 0.388513 200.000000 200.000000 200.000000
v 0.212444 0.485258 0.519108 200.000000 200.000000 200.000000
v -0.013470 0.581046 0.111556 200.000000 200.000000 200.000000
v -0.062015 0.123026 0.084570 200.000000 200.000000 200.000000
v 0.179344 0.428010 0.515533 200.000000 200.000000 200.000000
v 0.220584 0.292311 0.386973 200.000000 200.000000 200.000000
v -0.020124 -0.854831 0.058609 200.000000 200.000000 200.000000
v 0.131457 0.612652 0.059102 200.000000 200.000000 200.000000
v 0.129759 -0.950615 0.322253 200.000000 200.000000 200.000000
v 0.037405 0.613775 0.321638 200.000000 200.000000 200.000000
v -0.300727 0.536925 -0.589434 200.000000 200.000000 200.000000
v 0.128085 0.730491 0.239838 200.000000 200.000000 200.000000
v -0.062462 -0.681604 0.303727 200.000000 200.000000 200.000000
v -0.058841 0.349057 0.149344 200.000000 200.000000 200.000000
v 0.289775 0.379484 0.591674 200.000000 200.000000 200.000000
v -0.132912 -0.598869 0.120791 200.000000 200.000000 200.000000
v 0.025552 -0.406915 0.423913 200.000000 200.000000 200.000000
v 0.023487 -0.371238 0.237810 200.000000 200.000000 200.000000
v 0.015540 -0.220967 0.002647 200.000000 200.000000 200.000000
v 0.004677 0.372645 0.362753 200.000000 200.000000 200.000000
v -0.021906 -0.713477 0.276153 200.000000 200.000000 200.000000
v -0.017866 -0.871194 0.061186 200.000000 200.000000 200.000000
v 0.208718 0.544993 0.502443 200.000000 200.000000 200.000000
v 0.220621 0.034584 0.189614 200.000000 200.000000 200.000000
v 0.121826 -0.170961 0.073935 200.000000 200.000000 200.000000
v 0.164064 0.150361 0.492847 200.000000 200.000000 200.000000
v -0.071219 -0.407246 0.168230 200.000000 200.000000 200.000000
v 0.134784 0.270442 0.068591 200.000000 200.000000 200.000000
v -0.044334 -0.982225 0.031042 200.000000 200.000000 200.000000
v -0.082614 -0.323237 0.170480 200.000000 200.000000 200.000000
v -0.135392 -0.106539 0.112749 200.000000 200.000000 200.000000
v 0.080793 0.179592 0.018484 200.000000 200.000000 200.000000
v 0.067387 0.743313 0.311328 200.000000 200.000000 200.000000
v -0.017525 0.453617 0.033300 200.000000 200.000000 200.000000
v 0.246680 0.297890 0.554364 200.000000 200.000000 200.000000
v -0.107766 -0.309707 0.005441 200.000000 200.000000 200.000000
v 0.038710 -0.573478 0.098933 200.000000 200.000000 200.000000
v 0.231299 0.282733 0.225830 200.000000 200.000000 200.000000
v 0.124390 0.483122 0.447736 200.000000 200.000000 200.000000
v -0.327345 0.522301 -0.512233 200.000000 200.000000 200.000000
v -0.037486 0.608621 -0.076551 200.000000 200.000000 200.000000
v 0.120764 -0.090395 0.388222 200.000000 200.000000 200.000000
v 0.061370 0.478014 0.395151 200.000000 200.000000 200.000000
v 0.368217 0.314709 0.589265 200.000000 200.000000 200.000000
v 0.067062 -0.346739 0.085347 200.000000 200.000000 200.000000
v 0.162254 0.028403 0.350480 200.000000 200.000000 200.000000
v -0.068984 -0.625611 0.005755 200.000000 200.000000 200.000000
v 0.272964 0.318248 0.596376 200.000000 200.000000 200.000000
v 0.057698 -0.328598 0.418922 200.000000 200.000000 200.000000
v 0.187581 0.431737 0.524867 200.000000 200.000000 200.000000
v 0.007182 0.843911 0.344049 200.000000 200.000000 200.000000
v -0.015748 -0.553670 0.151006 200.000000 200.000000 200.000000
v 0.075305 0.586595 -0.010193 200.000000 200.000000 200.000000
v -0.072945 -0.443089 0.322016 200.000000 200.000000 200.000000
v 0.050369 0.064011 -0.001839 200.000000 200.000000 200.000000
v -0.149619 -0.335068 0.134224 200.000000 200.000000 200.000000
v 0.024802 -0.586441 0.422445 200.000000 200.000000 200.000000
v 0.204808 -0.036428 0.288014 200.000000 200.000000 200.000000
v 0.100737 -0.252816 0.194559 200.000000 200.000000 200.000000
v -0.062672 -0.024366 0.269287 200.000000 200.000000 200.000000
v -0.069034 -0.142777 -0.001309 200.000000 200.000000 200.000000
v 0.138031 -0.059002 0.370490 200.000000 200.000000 200.000000
v 0.014840 0.632835 0.131798 200.000000 200.000000 200.000000
v 0.095720 -0.959249 0.164202 200.000000 200.000000 200.000000
v 0.057502 0.045204 0.370600 200.000000 200.000000 200.000000
v 0.051620 -0.999761 0.371046 200.000000 200.000000 200.000000
v -0.039933 -0.679709 0.396711 200.000000 200.000000 200.000000
v 0.144411 0.665079 0.150261 200.000000 200.000000 200.000000
v -0.016068 -0.410370 0.264573 200.000000 200.000000 200.000000
v 0.200675 0.589101 0.158189 200.000000 200.000000 200.000000
v 0.222761 0.394920 0.396776 200.000000 200.000000 200.000000
v 0.204598 -0.100416 0.250452 200.000000 200.000000 200.000000
v 0.274569 0.345310 0.580401 200.000000 200.000000 200.000000
v -0.074984 -0.982786 0.040380 200.000000 200.000000 200.000000
v 0.157236 -0.013259 0.050490 200.000000 200.000000 200.000000
v 0.111352 0.929336 0.155152 200.000000 200.000000 200.000000
v 0.121753 0.689537 0.295796 200.000000 200.000000 200.000000
v 0.029872 0.893270 0.125512 200.000000 200.000000 200.000000
v 0.314883 0.447575 0.495419 200.000000 200.000000 200.000000
v 0.041080 -0.588410 0.119258 200.000000 200.000000 200.000000
v -0.242921 0.544564 -0.504491 200.000000 200.000000 200.000000
v 0.018287 0.933816 0.157800 200.000000 200.000000 200.000000
v 0.170166 0.145897 0.420121 200.000000 200.000000 200.000000
v -0.082892 0.586381 -0.180613 200.000000 200.000000 200.000000
v -0.275968 0.521955 -0.465415 200.000000 200.000000 200.000000
v -0.127907 -0.121358 0.137997 200.000000 200.000000 200.000000
v 0.238277 0.572913 0.432887 200.000000 200.000000 200.000000
v -0.117021 -0.990580 0.046943 200.000000 200.000000 200.000000
v -0.027874 -0.008743 0.009367 200.000000 200.000000 200.000000
v 0.115884 0.679931 0.144389 200.000000 200.000000 200.000000
v -0.059800 -0.114667 0.005142 200.000000 200.000000 200.000000
v -0.081961 -0.279468 0.302313 200.000000 200.000000 200.000000
v 0.227112 0.329244 0.180412 200.000000 200.000000 200.000000
v -0.039284 -0.316554 0.264670 200.000000 200.000000 200.000000
v 0.053499 -0.420498 0.075707 200.000000 200.000000 200.000000
v -0.139013 -0.489811 0.146037 200.000000 200.000000 200.000000
v -0.073732 -0.191743 0.212389 200.000000 200.000000 200.000000
v -0.060055 -0.738247 0.039167 200.000000 200.000000 200.000000
v 0.126845 0.802047 0.189185 200.000000 200.000000 200.000000
v 0.168941 -0.896402 0.252683 200.000000 200.000000 200.000000
v -0.016496 -0.864899 0.342212 200.000000 200.000000 200.000000
v 0.043555 0.688157 0.294309 200.000000 200.000000 200.000000
v 0.066932 -0.309524 0.142900 200.000000 200.000000 200.000000
v -0.199538 0.543316 -0.433495 200.000000 200.000000 200.000000
v -0.019430 -0.775259 0.031746 200.000000 200.000000 200.000000
v -0.292539 0.537280 -0.575265 200.000000 200.000000 200.000000
v -0.237200 0.543409 -0.385302 200.000000 200.000000 200.000000
v 0.347998 0.300734 0.611655 200.000000 200.000000 200.000000
v 0.168616 0.163350 0.110839 200.000000 200.000000 200.000000
v 0.333436 0.270784 0.565030 200.000000 200.000000 200.000000
v 0.056427 -0.875415 0.324525 200.000000 200.000000 200.000000
v 0.167901 0.094138 0.068447 200.000000 200.000000 200.000000
v 0.001546 0.053652 0.327974 200.000000 200.000000 200.000000
v -0.315176 0.472294 -0.587642 200.000000 200.000000 200.000000
v -0.036950 -0.210319 0.428354 200.000000 200.000000 200.000000
v -0.055359 -0.693328 0.374997 200.000000 200.000000 200.000000
v -0.036727 -0.104258 0.393975 200.000000 200.000000 200.000000
v -0.356975 0.536043 -0.581732 200.000000 200.000000 200.000000
v 0.155984 0.153277 0.361319 200.000000 200.000000 200.000000
v -0.150289 -0.190282 0.034967 200.000000 200.000000 200.000000
v 0.015523 -0.234757 0.198449 200.000000 200.000000 200.000000
v 0.120391 -0.986399 0.351867 200.000000 200.000000 200.000000
v 0.039162 0.201048 0.340899 200.000000 200.000000 200.000000
v 0.041359 -0.492713 0.242640 200.000000 200.000000 200.000000
v -0.185057 0.500322 -0.312202 200.000000 200.000000 200.000000
v 0.375829 0.354623 0.570506 200.000000 200.000000 200.000000
v -0.083583 -0.498668 -0.008232 200.000000 200.000000 200.000000
v 0.063943 0.605475 -0.020830 200.000000 200.000000 200.000000
v 0.125946 0.888782 0.355960 200.000000 200.000000 200.000000
v -0.060462 0.956773 0.207797 200.000000 200.000000 200.000000
v -0.032075 -0.083494 0.381318 200.000000 200.000000 200.000000
v -0.346863 0.524494 -0.536094 200.000000 200.000000 200.000000
v -0.049324 -0.918248 0.056924 200.000000 200.000000 200.000000
v -0.235957 0.551328 -0.471649 200.000000 200.000000 200.000000
v 0.032546 -0.338385 0.427635 200.000000 200.000000 200.000000
v 0.067409 0.365886 0.033943 200.000000 200.000000 200.000000
v 0.347652 0.391875 0.617340 200.000000 200.000000 200.000000
v 0.194200 0.228217 0.501273 200.000000 200.000000 200.000000
v 0.090823 0.680997 0.134022 200.000000 200.000000 200.000000
v -0.167740 -0.465251 0.114683 200.000000 200.000000 200.000000
v -0.133833 -0.391430 0.152750 200.000000 200.000000 200.000000
v 0.046338 -0.946878 0.046473 200.000000 200.000000 200.000000
v -0.065506 -0.335842 -0.017512 200.000000 200.000000 200.000000
v 0.110242 0.944837 0.164417 200.000000 200.000000 200.000000
v -0.360831 0.527645 -0.593078 200.000000 200.000000 200.000000
v -0.079449 0.051523 0.110730 200.000000 200.000000 200.000000
v -0.106426 -0.164339 0.008997 200.000000 200.000000 200.000000
v 0.020062 0.616308 0.327902 200.000000 200.000000 200.000000
v 0.148100 0.952596 0.267896 200.000000 200.000000 200.000000
v 0.046163 -0.585386 0.112608 200.000000 200.000000 200.000000
v -0.050439 0.830166 0.259524 200.000000 200.000000 200.000000
v -0.053976 0.441257 0.176525 200.000000 200.000000 200.000000
v -0.147841 0.523843 -0.194864 200.000000 200.000000 200.000000
v -0.057153 0.208090 0.097889 200.000000 200.000000 200.000000
v 0.005466 0.597968 0.200962 200.000000 200.000000 200.000000
v -0.078279 -0.424843 0.168391 200.000000 200.000000 200.000000
v -0.010224 0.573724 0.141431 200.000000 200.000000 200.000000
v 0.131100 -0.433080 0.282914 200.000000 200.000000 200.000000
v 0.020087 -0.399849 0.150794 200.000000 200.000000 200.000000
v -0.153989 -0.365363 0.034317 200.000000 200.000000 200.000000
v 0.030190 -0.328625 0.228440 200.000000 200.000000 200.000000
v -0.040077 0.367708 0.088099 200.000000 200.000000 200.000000
v 0.021525 -0.817514 0.227362 200.000000 200.000000 200.000000
v -0.118178 0.559197 -0.296718 200.000000 200.000000 200.000000
v 0.193103 0.003734 0.315549 200.000000 200.000000 200.000000
v -0.044341 -0.688489 0.391573 200.000000 200.000000 200.000000
v -0.053554 0.366591 0.238487 200.000000 200.000000 200.000000
v 0.066264 -0.494924 0.235755 200.000000 200.000000 200.000000
v 0.176942 0.835992 0.261197 200.000000 200.000000 200.000000
v -0.064479 -0.737343 0.040421 200.000000 200.000000 200.000000
v 0.014056 -0.384847 0.435769 200.000000 200.000000 200.000000
v -0.039147 0.517496 -0.002925 200.000000 200.000000 200.000000
v -0.186068 0.504601 -0.379456 200.000000 200.000000 200.000000
v 0.106645 0.125253 0.019617 200.000000 200.000000 200.000000
v -0.052867 0.351887 0.127099 200.000000 200.000000 200.000000
v -0.076055 0.008983 0.065005 200.000000 200.000000 200.000000
v 0.206640 0.409770 0.468167 200.000000 200.000000 200.000000
v -0.051864 -0.662005 0.277780 200.000000 200.000000 200.000000
v 0.008436 -0.582983 0.018887 200.000000 200.000000 200.000000
v 0.044694 -0.712225 0.393982 200.000000 200.000000 200.000000
v 0.243671 0.287705 0.532706 200.000000 200.000000 200.000000
v 0.120758 0.839754 0.146586 200.000000 200.000000 200.000000
v 0.193927 0.472799 0.509954 200.000000 200.000000 200.000000
v 0.119843 -0.995928 0.227714 200.000000 200.000000 200.000000
v 0.270224 0.235159 0.504548 200.000000 200.000000 200.000000
v 0.211776 0.222431 0.257791 200.000000 200.000000 200.000000
v 0.141322 0.647758 0.096893 200.000000 200.000000 200.000000
v 0.004897 -0.567515 0.154455 200.000000 200.000000 200.000000
v -0.049468 0.263472 0.094095 200.000000 200.000000 200.000000
v -0.023650 0.864010 0.308148 200.000000 200.000000 200.000000
v 0.080287 0.130865 0.018767 200.000000 200.000000 200.000000
v -0.035828 -0.213796 0.201468 200.000000 200.000000 200.000000
v -0.066653 0.213898 0.207195 200.000000 200.000000 200.000000
v 0.216869 0.313897 0.302141 200.000000 200.000000 200.000000
v -0.028331 -0.562438 0.281575 200.000000 200.000000 200.000000
v 0.061213 0.866669 0.367664 200.000000 200.000000 200.000000
v -0.094536 -0.404113 0.164102 200.000000 200.000000 200.000000
v -0.052492 0.524883 -0.049296 200.000000 200.000000 200.000000
v 0.047093 0.785277 0.315275 200.000000 200.000000 200.000000
v 0.099146 0.964756 0.176241 200.000000 200.000000 200.000000
v 0.129078 -0.165072 0.189430 200.000000 200.000000 200.000000
v 0.043271 0.788929 0.146732 200.000000 200.000000 200.000000
v 0.344510 0.429584 0.555217 200.000000 200.000000 200.000000
v 0.113196 -0.335612 0.215201 200.000000 200.000000 200.000000
v -0.055290 0.435714 0.178286 200.000000 200.000000 200.000000
v 0.064932 -0.998364 0.279371 200.000000 200.000000 200.000000
v 0.139944 0.690223 0.313003 200.000000 200.000000 200.000000
v -0.022727 -0.264074 0.433332 200.000000 200.000000 200.000000
v 0.379600 0.377171 0.579946 200.000000 200.000000 200.000000
v -0.010751 0.383356 0.033722 200.000000 200.000000 200.000000
v -0.284483 0.550484 -0.519473 200.000000 200.000000 200.000000
v -0.028395 0.213055 0.295807 200.000000 200.000000 200.000000
v 0.018651 -0.160746 0.421624 200.000000 200.000000 200.000000
v 0.129236 -0.728629 0.273433 200.000000 200.000000 200.000000
v 0.135640 0.835367 0.338309 200.000000 200.000000 200.000000
v 0.098749 0.457036 0.425773 200.000000 200.000000 200.000000
v -0.049953 -0.972333 0.056901 200.000000 200.000000 200.000000
v -0.070330 -0.446472 -0.017017 200.000000 200.000000 200.000000
v 0.119843 -0.656920 0.343878 200.000000 200.000000 200.000000
v 0.198303 0.397094 0.482630 200.000000 200.000000 200.000000
v -0.035138 -0.765416 0.338302 200.000000 200.000000 200.000000
v 0.054223 -0.351666 0.138641 200.000000 200.000000 200.000000
v 0.265004 0.043123 0.275569 200.000000 200.000000 200.000000
v 0.343611 0.417318 0.590866 200.000000 200.000000 200.000000
v 0.096983 -0.571478 0.369489 200.000000 200.000000 200.000000
v 0.025271 -0.939623 0.172274 200.000000 200.000000 200.000000
v -0.148689 0.530110 -0.194943 200.000000 200.000000 200.000000
v 0.059384 0.485645 -0.013195 200.000000 200.000000 200.000000
v -0.107090 -0.057200 0.068646 200.000000 200.000000 200.000000
v 0.228720 0.275749 0.381350 200.000000 200.000000 200.000000
v 0.236464 0.244992 0.563553 200.000000 200.000000 200.000000
v -0.039624 0.430857 0.093911 200.000000 200.000000 200.000000
v 0.074739 -0.638176 0.399380 200.000000 200.000000 200.000000
v -0.189778 0.565655 -0.386522 200.000000 200.000000 200.000000
v 0.330209 0.268215 0.553267 200.000000 200.000000 200.000000
v -0.134032 -0.566264 0.044573 200.000000 200.000000 200.000000
v 0.198023 0.567049 0.127813 200.000000 200.000000 200.000000
v 0.075188 -0.926681 0.343665 200.000000 200.000000 200.000000
v -0.146996 -0.188357 0.139312 200.000000 200.000000 200.000000
v -0.076325 -0.020585 0.047543 200.000000 200.000000 200.000000
v 0.048784 0.679207 0.172456 200.000000 200.000000 200.000000
v 0.104390 0.703184 0.289662 200.000000 200.000000 200.000000
v -0.012242 -0.558900 0.160189 200.000000 200.000000 200.000000
v -0.012432 -0.010802 0.336262 200.000000 200.000000 200.000000
v -0.343243 0.528356 -0.533409 200.000000 200.000000 200.000000
v -0.062119 -0.700958 0.348445 200.000000 200.000000 200.000000
v 0.163327 -0.985399 0.258599 200.000000 200.000000 200.000000
v 0.018052 -0.416242 0.023022 200.000000 200.000000 200.000000
v 0.166558 0.916151 0.194556 200.000000 200.000000 200.000000
v 0.211490 0.171232 0.476370 200.000000 200.000000 200.000000
v -0.158175 -0.311892 0.120193 200.000000 200.000000 200.000000
v 0.045236 0.943304 0.138502 200.000000 200.000000 200.000000
v 0.094555 -0.281133 0.195899 200.000000 200.000000 200.000000
v 0.134089 -0.141879 0.091293 200.000000 200.000000 200.000000
v -0.072852 -0.497071 0.413265 200.000000 200.000000 200.000000
v -0.067149 -0.102440 0.304250 200.000000 200.000000 200.000000
v -0.012538 -0.539505 0.143271 200.000000 200.000000 200.000000
v 0.122764 -0.456807 0.248324 200.000000 200.000000 200.000000
v -0.135507 -0.173297 0.029120 200.000000 200.000000 200.000000
v -0.004994 -0.930890 0.290639 200.000000 200.000000 200.000000
v -0.059735 -0.998802 0.073312 200.000000 200.000000 200.000000
v 0.259643 0.395421 0.507005 200.000000 200.000000 200.000000
v -0.012315 -0.308304 0.249518 200.000000 200.000000 200.000000
v -0.061022 0.365105 0.189662 200.000000 200.000000 200.000000
v -0.103358 -0.136324 0.193549 200.000000 200.000000 200.000000
v -0.063431 0.797161 0.167809 200.000000 200.000000 200.000000
v 0.095035 -0.045126 0.390338 200.000000 200.000000 200.000000
v 0.031200 -0.115501 0.422205 200.000000 200.000000 200.000000
v 0.207464 0.176351 0.181925 200.000000 200.000000 200.000000
v 0.002164 -0.868934 0.278839 200.000000 200.000000 200.000000
v -0.039399 0.963145 0.221592 200.000000 200.000000 200.000000
v 0.109918 0.840927 0.147391 200.000000 200.000000 200.000000
v 0.001541 -0.629787 0.159173 200.000000 200.000000 200.000000
v 0.159190 -0.098455 0.131311 200.000000 200.000000 200.000000
v 0.015872 -0.444614 0.434542 200.000000 200.000000 200.000000
v -0.020033 -0.493259 0.022295 200.000000 200.000000 200.000000
v -0.046364 -0.533476 -0.018189 200.000000 200.000000 200.000000
v -0.051590 0.604166 -0.070986 200.000000 200.000000 200.000000
v 0.079318 -0.998836 0.127776 200.000000 200.000000 200.000000
v 0.105633 0.579094 0.014974 200.000000 200.000000 200.000000
v 0.056287 -0.480940 0.392412 200.000000 200.000000 200.000000
v 0.157183 0.346796 0.076560 200.000000 200.000000 200.000000
v -0.089273 -0.799865 0.079254 200.000000 200.000000 200.000000
v 0.205777 0.538570 0.130827 200.000000 200.000000 200.000000
v 0.083426 -0.181537 0.408059 200.000000 200.000000 200.000000
v 0.049651 -0.943054 0.350172 200.000000 200.000000 200.000000
v -0.015391 -0.055369 0.378158 200.000000 200.000000 200.000000
v -0.075074 -0.234284 0.277638 200.000000 200.000000 200.000000
v 0.278414 0.308509 0.602181 200.000000 200.000000 200.000000
v 0.196663 -0.104875 0.275377 200.000000 200.000000 200.000000
v 0.121401 -0.830055 0.219192 200.000000 200.000000 200.000000
v 0.015517 0.473982 0.353106 200.000000 200.000000 200.000000
v -0.148255 -0.491937 0.042315 200.000000 200.000000 200.000000
v -0.087254 -0.463424 0.402114 200.000000 200.000000 200.000000
v 0.206877 0.516944 0.128234 200.000000 200.000000 200.000000
v -0.006229 -0.502892 0.032313 200.000000 200.000000 200.000000
v -0.066568 -0.035104 0.220128 200.000000 200.000000 200.000000
v 0.176875 0.616487 0.441742 200.000000 200.000000 200.000000
v 0.139191 0.821536 0.335033 200.000000 200.000000 200.000000
v -0.172102 -0.240932 0.108871 200.000000 200.000000 200.000000
v -0.048911 0.019570 0.026587 200.000000 200.000000 200.000000
v -0.157805 -0.605173 0.083062 200.000000 200.000000 200.000000
v 0.093741 -0.488538 0.359297 200.000000 200.000000 200.000000
v 0.016012 0.076130 0.005741 200.000000 200.000000 200.000000
v -0.065085 0.286553 0.207296 200.000000 200.000000 200.000000
v -0.096050 -0.169016 0.005844 200.000000 200.000000 200.000000
v 0.024837 0.957544 0.151568 200.000000 200.000000 200.000000
v 0.090110 -0.017624 0.005745 200.000000 200.000000 200.000000
v 0.116261 0.880789 0.149790 200.000000 200.000000 200.000000
v 0.094051 -0.530210 0.323604 200.000000 200.000000 200.000000
v 0.219070 0.232680 0.245870 200.000000 200.000000 200.000000
v 0.140299 0.840474 0.172191 200.000000 200.000000 200.000000
v -0.144024 -0.572275 0.051361 200.000000 200.000000 200.000000
v -0.117518 0.510755 -0.172847 200.000000 200.000000 200.000000
v -0.016563 0.622238 0.002193 200.000000 200.000000 200.000000
v 0.133414 -0.369099 0.238896 200.000000 200.000000 200.000000
v 0.247565 0.498867 0.254493 200.000000 200.000000 200.000000
v -0.094294 -0.417621 0.361689 200.000000 200.000000 200.000000
v -0.049696 0.427534 0.228866 200.000000 200.000000 200.000000
v 0.026784 0.060775 0.341586 200.000000 200.000000 200.000000
v 0.023843 -0.827026 0.164875 200.000000 200.000000 200.000000
v 0.019281 -0.539635 0.425217 200.000000 200.000000 200.000000
v 0.244371 0.248660 0.361386 200.000000 200.000000 200.000000
v 0.041905 -0.756620 0.154099 200.000000 200.000000 200.000000
v 0.143507 0.224612 0.069846 200.000000 200.000000 200.000000
v -0.047585 -0.351516 0.290634 200.000000 200.000000 200.000000
v 0.072938 0.070290 0.400991 200.000000 200.000000 200.000000
v 0.127811 0.788301 0.317552 200.000000 200.000000 200.000000
v -0.084061 -0.529272 0.157065 200.000000 200.000000 200.000000
v -0.069331 0.199190 0.145839 200.000000 200.000000 200.000000
v 0.119347 0.673387 0.125506 200.000000 200.000000 200.000000
v 0.223763 0.580506 0.458206 200.000000 200.000000 200.000000
v 0.126675 -0.203642 0.197095 200.000000 200.000000 200.000000
v -0.056829 0.780183 0.184800 200.000000 200.000000 200.000000
v 0.195926 0.195640 0.167751 200.000000 200.000000 200.000000
v 0.118904 -0.049989 0.024661 200.000000 200.000000 200.000000
v -0.173570 -0.356094 0.082050 200.000000 200.000000 200.000000
v -0.016785 0.545482 0.194712 200.000000 200.000000 200.000000
v 0.187090 -0.148130 0.236337 200.000000 200.000000 200.000000
v 0.153708 0.689560 0.261465 200.000000 200.000000 200.000000
v 0.167146 0.164101 0.501970 200.000000 200.000000 200.000000
v -0.113910 -0.792633 0.081780 200.000000 200.000000 200.000000
v -0.017437 0.103473 0.303834 200.000000 200.000000 200.000000
v -0.004827 -0.372398 0.005729 200.000000 200.000000 200.000000
v -0.164265 -0.567194 0.079112 200.000000 200.000000 200.000000
v -0.070846 0.592956 -0.114625 200.000000 200.000000 200.000000
v 0.070237 -0.480752 0.371163 200.000000 200.000000 200.000000
v -0.099768 -0.082507 0.187092 200.000000 200.000000 200.000000
v 0.217851 0.310694 0.321291 200.000000 200.000000 200.000000
v 0.107580 -0.522322 0.313791 200.000000 200.000000 200.000000
v 0.140551 0.173415 0.356572 200.000000 200.000000 200.000000
v -0.024700 -0.750388 0.169972 200.000000 200.000000 200.000000
v 0.074347 -0.877074 0.198156 200.000000 200.000000 200.000000
v 0.081134 0.510433 0.401471 200.000000 200.000000 200.000000
v -0.077202 -0.186383 0.215258 200.000000 200.000000 200.000000
v -0.000658 -0.877271 0.173472 200.000000 200.000000 200.000000
v 0.157300 -0.104974 0.139466 200.000000 200.000000 200.000000
v -0.174073 -0.492795 0.079297 200.000000 200.000000 200.000000
v 0.198854 -0.071064 0.190119 200.000000 200.000000 200.000000
v 0.183523 0.254306 0.386436 200.000000 200.000000 200.000000
v 0.042611 -0.642499 0.408136 200.000000 200.000000 200.000000
v -0.081193 0.046157 0.110779 200.000000 200.000000 200.000000
v -0.028401 0.247879 0.320913 200.000000 200.000000 200.000000
v 0.093263 -0.027988 0.390624 200.000000 200.000000 200.000000
v 0.059563 0.843826 0.146353 200.000000 200.000000 200.000000
v 0.008207 -0.546747 0.249089 200.000000 200.000000 200.000000
v 0.156508 0.426992 0.067066 200.000000 200.000000 200.000000
v -0.175766 -0.414562 0.095472 200.000000 200.000000 200.000000
v -0.089641 -0.352983 0.357093 200.000000 200.000000 200.000000
v -0.019271 -0.999275 0.017806 200.000000 200.000000 200.000000
v 0.044118 -0.625388 0.048886 200.000000 200.000000 200.000000
v 0.251855 0.464573 0.290344 200.000000 200.000000 200.000000
v 0.019434 0.159959 0.324071 200.000000 200.000000 200.000000
v 0.203269 0.128090 0.169742 200.000000 200.000000 200.000000
v -0.134007 -0.710146 0.101745 200.000000 200.000000 200.000000
v 0.153107 -0.021621 0.356673 200.000000 200.000000 200.000000
v 0.182142 -0.007629 0.084049 200.000000 200.000000 200.000000
v 0.066187 0.870639 0.370096 200.000000 200.000000 200.000000
v 0.124030 0.434915 0.426955 200.000000 200.000000 200.000000
v 0.075839 -0.960401 0.333218 200.000000 200.000000 200.000000
v 0.022901 -0.398345 0.025131 200.000000 200.000000 200.000000
v -0.066992 -0.230289 -0.004916 200.000000 200.000000 200.000000
v -0.068005 -0.617605 0.341114 200.000000 200.000000 200.000000
v -0.144599 -0.386705 0.144223 200.000000 200.000000 200.000000
v -0.007999 0.953482 0.177670 200.000000 200.000000 200.000000
v 0.144539 -0.767501 0.291539 200.000000 200.000000 200.000000
v -0.082206 -0.218026 0.275703 200.000000 200.000000 200.000000
v 0.145986 0.186949 0.360364 200.000000 200.000000 200.000000
v -0.040549 -0.684309 0.395211 200.000000 200.000000 200.000000
v 0.232339 0.185083 0.521021 200.000000 200.000000 200.000000
v 0.236277 0.319816 0.386459 200.000000 200.000000 200.000000
v 0.059395 -0.864207 0.200011 200.000000 200.000000 200.000000
v 0.138285 -0.987977 0.322895 200.000000 200.000000 200.000000
v -0.013011 -0.820731 0.314126 200.000000 200.000000 200.000000
v -0.015074 -0.509812 0.137782 200.000000 200.000000 200.000000
v -0.013449 0.837146 0.163588 200.000000 200.000000 200.000000
v 0.112055 0.797326 0.155994 200.000000 200.000000 200.000000
v 0.195816 0.229919 0.497140 200.000000 200.000000 200.000000
v -0.048043 -0.073140 0.337064 200.000000 200.000000 200.000000
v -0.054318 -0.500902 0.424551 200.000000 200.000000 200.000000
v -0.010386 0.253743 0.331503 200.000000 200.000000 200.000000
v 0.210998 0.414431 0.401599 200.000000 200.000000 200.000000
v 0.296334 0.321365 0.614042 200.000000 200.000000 200.000000
v 0.027913 0.599561 0.263668 200.000000 200.000000 200.000000
v 0.046778 -0.141490 -0.001527 200.000000 200.000000 200.000000
v 0.014651 -0.299095 0.230624 200.000000 200.000000 200.000000
v 0.034748 0.907166 0.357491 200.000000 200.000000 200.000000
v 0.024222 -0.966561 0.040925 200.000000 200.000000 200.000000
v -0.013861 0.912018 0.322150 200.000000 200.000000 200.000000
v 0.140063 0.826649 0.335718 200.000000 200.000000 200.000000
v 0.034925 0.646576 0.331774 200.000000 200.000000 200.000000
v -0.066966 -0.537726 0.332800 200.000000 200.000000 200.000000
v 0.048708 -0.630196 0.118744 200.000000 200.000000 200.000000
v -0.058569 0.854433 0.231321 200.000000 200.000000 200.000000
v 0.181583 0.190917 0.147622 200.000000 200.000000 200.000000
v 0.088816 0.026065 0.002945 200.000000 200.000000 200.000000
v 0.058239 -0.377710 0.093962 200.000000 200.000000 200.000000
v -0.007032 -0.361337 0.435646 200.000000 200.000000 200.000000
v 0.202797 0.626729 0.255799 200.000000 200.000000 200.000000
v -0.150502 -0.338551 0.133184 200.000000 200.000000 200.000000
v 0.046853 -0.752704 0.384853 200.000000 200.000000 200.000000
v 0.002905 -0.998648 0.084473 200.000000 200.000000 200.000000
v -0.006606 0.555946 0.271801 200.000000 200.000000 200.000000
v 0.166298 -0.923506 0.206668 200.000000 200.000000 200.000000
v 0.123358 -0.120847 0.050164 200.000000 200.000000 200.000000
v 0.095035 -0.807460 0.123842 200.000000 200.000000 200.000000
v -0.050237 0.345659 0.117603 200.000000 200.000000 200.000000
v -0.027528 -0.292033 -0.005621 200.000000 200.000000 200.000000
v -0.075152 0.504165 -0.181618 200.000000 200.000000 200.000000
v -0.049172 -0.481808 0.156777 200.000000 200.000000 200.000000
v -0.040912 -0.580050 0.296561 200.000000 200.000000 200.000000
v 0.263839 0.085864 0.263336 200.000000 200.000000 200.000000
v 0.023110 0.498838 -0.087298 200.000000 200.000000 200.000000
v 0.031233 -0.697787 0.239913 200.000000 200.000000 200.000000
v -0.008154 -0.303603 0.246595 200.000000 200.000000 200.000000
v 0.081383 -0.890646 0.167522 200.000000 200.000000 200.000000
v 0.140739 -0.219374 0.208292 200.000000 200.000000 200.000000
v -0.280609 0.525656 -0.586731 200.000000 200.000000 200.000000
v 0.073838 0.609627 0.313818 200.000000 200.000000 200.000000
v 0.174989 0.644400 0.385343 200.000000 200.000000 200.000000
v 0.057486 -0.514017 0.365171 200.000000 200.000000 200.000000
v -0.088193 -0.299263 0.179790 200.000000 200.000000 200.000000
v 0.021436 -0.721111 0.020510 200.000000 200.000000 200.000000
v -0.336383 0.496573 -0.604480 200.000000 200.000000 200.000000
v 0.185701 0.206620 0.514832 200.000000 200.000000 200.000000
v 0.187532 0.143420 0.315353 200.000000 200.000000 200.000000
v -0.156551 0.493347 -0.261223 200.000000 200.000000 200.000000
v -0.065687 0.130750 0.116289 200.000000 200.000000 200.000000
v -0.069783 -0.654010 0.339061 200.000000 200.000000 200.000000
v 0.011888 -0.859620 0.179450 200.000000 200.000000 200.000000
v -0.128049 -0.479733 0.020265 200.000000 200.000000 200.000000
v 0.239377 0.210091 0.487695 200.000000 200.000000 200.000000
v -0.053606 -0.630513 0.396619 200.000000 200.000000 200.000000
v -0.009602 -0.735389 0.393677 200.000000 200.000000 200.000000
v 0.186040 0.507674 0.082438 200.000000 200.000000 200.000000
v -0.085152 0.505246 -0.210447 200.000000 200.000000 200.000000
v -0.039415 0.471646 0.225469 200.000000 200.000000 200.000000
v 0.224198 0.220302 0.481909 200.000000 200.000000 200.000000
v 0.062928 -0.067997 0.407913 200.000000 200.000000 200.000000
v -0.014419 0.092817 0.016542 200.000000 200.000000 200.000000
v 0.068717 0.619689 -0.009406 200.000000 200.000000 200.000000
v 0.222980 -0.032702 0.237550 200.000000 200.000000 200.000000
v 0.023043 -0.900691 0.181847 200.000000 200.000000 200.000000
v 0.026379 -0.417889 0.245403 200.000000 200.000000 200.000000
v 0.110872 0.090957 0.368977 200.000000 200.000000 200.000000
v -0.166976 -0.373618 0.117413 200.000000 200.000000 200.000000
v -0.012709 0.617049 0.068408 200.000000 200.000000 200.000000
v 0.101116 0.048770 0.010228 200.000000 200.000000 200.000000
v 0.107467 -0.505861 0.329278 200.000000 200.000000 200.000000
v 0.088650 0.991510 0.272476 200.000000 200.000000 200.000000
v -0.043254 0.469696 0.129476 200.000000 200.000000 200.000000
v 0.020900 -0.965298 0.338577 200.000000 200.000000 200.000000
v 0.142019 0.346044 0.396882 200.000000 200.000000 200.000000
v 0.051686 -0.432749 0.083772 200.000000 200.000000 200.000000
v -0.038202 -0.771793 0.038525 200.000000 200.000000 200.000000
v 0.028049 0.592573 -0.062883 200.000000 200.000000 200.000000
v -0.069524 -0.061597 0.267082 200.000000 200.000000 200.000000
v 0.075462 -0.990852 0.227539 200.000000 200.000000 200.000000
v 0.028298 0.043961 0.356083 200.000000 200.000000 200.000000
v 0.004087 0.667652 0.234587 200.000000 200.000000 200.000000
v 0.012177 0.642716 0.244466 200.000000 200.000000 200.000000
v 0.019199 0.514921 0.326272 200.000000 200.000000 200.000000
v 0.109637 0.736478 0.199270 200.000000 200.000000 200.000000
v 0.037223 -0.362336 0.152101 200.000000 200.000000 200.000000
v 0.030418 0.216976 0.020164 200.000000 200.000000 200.000000
v -0.167346 0.498152 -0.313988 200.000000 200.000000 200.000000
v -0.080607 -0.408942 0.317115 200.000000 200.000000 200.000000
v 0.306413 0.438584 0.482973 200.000000 200.000000 200.000000
v 0.035254 -0.698241 0.023134 200.000000 200.000000 200.000000
v -0.136939 -0.590258 0.118836 200.000000 200.000000 200.000000
v -0.154788 -0.622461 0.074342 200.000000 200.000000 200.000000
v -0.036949 0.784827 0.163205 200.000000 200.000000 200.000000
v 0.105079 -0.766662 0.353813 200.000000 200.000000 200.000000
v -0.072666 0.906486 0.188800 200.000000 200.000000 200.000000
v -0.034921 0.558764 -0.159906 200.000000 200.000000 200.000000
v 0.006206 -0.727070 0.008343 200.000000 200.000000 200.000000
v -0.020907 -0.247292 0.227140 200.000000 200.000000 200.000000
v 0.121925 -0.086108 0.386079 200.000000 200.000000 200.000000
v -0.134734 -0.130121 0.063332 200.000000 200.000000 200.000000
v -0.060602 0.337220 0.169351 200.000000 200.000000 200.000000
v 0.236483 0.554494 0.484020 200.000000 200.000000 200.000000
v -0.006295 -0.453580 0.261762 200.000000 200.000000 200.000000
v 0.054009 0.044647 0.389336 200.000000 200.000000 200.000000
v 0.119307 -0.181705 0.148999 200.000000 200.000000 200.000000
v 0.040124 -0.894027 0.202672 200.000000 200.000000 200.000000
v 0.120751 -0.921677 0.107969 200.000000 200.000000 200.000000
v 0.087727 -0.027255 0.004637 200.000000 200.000000 200.000000
v 0.211597 -0.030168 0.277238 200.000000 200.000000 200.000000
v -0.169397 -0.512957 0.086254 200.000000 200.000000 200.000000
v -0.088163 -0.379313 0.397323 200.000000 200.000000 200.000000
v -0.058467 0.184446 0.094271 200.000000 200.000000 200.000000
v 0.035274 0.853428 0.142437 200.000000 200.000000 200.000000
v 0.050161 0.902832 0.124885 200.000000 200.000000 200.000000
v -0.035936 -0.077180 0.360178 200.000000 200.000000 200.000000
v -0.014254 0.536433 0.268950 200.000000 200.000000 200.000000
v -0.062996 0.280989 0.192014 200.000000 200.000000 200.000000
v 0.002932 -0.180144 0.427947 200.000000 200.000000 200.000000
v 0.007945 0.062822 0.329654 200.000000 200.000000 200.000000
v -0.100528 -0.056980 0.160929 200.000000 200.000000 200.000000
v 0.144212 0.187369 0.075421 200.000000 200.000000 200.000000
v 0.135608 0.967778 0.259249 200.000000 200.000000 200.000000
v 0.119732 0.712396 0.208530 200.000000 200.000000 200.000000
v 0.279673 0.219832 0.545780 200.000000 200.000000 200.000000
v 0.009285 -0.886510 0.053962 200.000000 200.000000 200.000000
v -0.125644 0.573463 -0.213237 200.000000 200.000000 200.000000
v -0.038779 -0.122520 0.401105 200.000000 200.000000 200.000000
v 0.120918 -0.073639 0.030808 200.000000 200.000000 200.000000
v 0.370585 0.370884 0.563819 200.000000 200.000000 200.000000
v 0.055275 -0.516043 0.077672 200.000000 200.000000 200.000000
v 0.070129 0.241366 0.356648 200.000000 200.000000 200.000000
v 0.032164 -0.167175 -0.002419 200.000000 200.000000 200.000000
v 0.039566 -0.617831 0.413655 200.000000 200.000000 200.000000
v 0.118166 0.152747 0.384196 200.000000 200.000000 200.000000
v 0.172290 -0.890743 0.264894 200.000000 200.000000 200.000000
v -0.066951 -0.066320 0.258654 200.000000 200.000000 200.000000
v -0.016159 -0.048572 0.364443 200.000000 200.000000 200.000000
v 0.252677 0.466084 0.426316 200.000000 200.000000 200.000000
v 0.160239 -0.039453 0.350113 200.000000 200.000000 200.000000
v -0.313139 0.461314 -0.592582 200.000000 200.000000 200.000000
v -0.074587 -0.184256 0.221736 200.000000 200.000000 200.000000
v 0.163893 0.915417 0.293292 200.000000 200.000000 200.000000
v 0.039985 -0.400316 0.414123 200.000000 200.000000 200.000000
v -0.121552 -0.297861 0.010747 200.000000 200.000000 200.000000
v -0.060978 -0.392675 -0.010600 200.000000 200.000000 200.000000
v 0.126335 -0.997267 0.246089 200.000000 200.000000 200.000000
v 0.026076 0.703673 0.283708 200.000000 200.000000 200.000000
v 0.022277 0.454433 0.016083 200.000000 200.000000 200.000000
v -0.044300 -0.751706 0.166008 200.000000 200.000000 200.000000
v 0.033468 0.088583 0.366408 200.000000 200.000000 200.000000
v -0.042780 -0.666458 0.397340 200.000000 200.000000 200.000000
v -0.121541 0.561823 -0.156769 200.000000 200.000000 200.000000
v 0.093547 -0.894556 0.165894 200.000000 200.000000 200.000000
v 0.012621 -0.999325 0.425225 200.000000 200.000000 200.000000
v 0.291301 0.470619 0.554801 200.000000 200.000000 200.000000
v 0.096063 -0.912667 0.078990 200.000000 200.000000 200.000000
v 0.014177 -0.155676 0.422361 200.000000 200.000000 200.000000
v 0.088248 0.923535 0.139719 200.000000 200.000000 200.000000
v -0.020146 -0.413523 0.268429 200.000000 200.000000 200.000000
v -0.090607 -0.633512 0.154034 200.000000 200.000000 200.000000
v -0.035257 -0.519427 0.280745 200.000000 200.000000 200.000000
v 0.010235 0.591995 0.185682 200.000000 200.000000 200.000000
v 0.243098 0.406225 0.293720 200.000000 200.000000 200.000000
v -0.154525 -0.162005 0.080971 200.000000 200.000000 200.000000
v -0.018584 0.424222 0.327965 200.000000 200.000000 200.000000
v -0.087562 0.564860 -0.091809 200.000000 200.000000 200.000000
v 0.015711 -0.819941 0.165332 200.000000 200.000000 200.000000
v 0.204605 0.094015 0.195081 200.000000 200.000000 200.000000
v -0.103301 -0.550996 0.010400 200.000000 200.000000 200.000000
v 0.057141 0.687058 0.298686 200.000000 200.000000 200.000000
v -0.092894 -0.411357 0.388588 200.000000 200.000000 200.000000
v -0.066851 -0.027287 0.228660 200.000000 200.000000 200.000000
v -0.106517 -0.998901 0.057897 200.000000 200.000000 200.000000
v 0.018599 0.336817 0.362824 200.000000 200.000000 200.000000
v 0.076067 0.350597 0.384627 200.000000 200.000000 200.000000
v 0.102904 0.835344 0.152939 200.000000 200.000000 200.000000
v 0.050299 -0.626282 0.071419 200.000000 200.000000 200.000000
v 0.133220 0.552680 0.038026 200.000000 200.000000 200.000000
v -0.065962 -0.462198 0.311310 200.000000 200.000000 200.000000
v 0.128654 0.173769 0.360194 200.000000 200.000000 200.000000
v 0.203567 -0.104526 0.251368 200.000000 200.000000 200.000000
v 0.238646 0.461810 0.229660 200.000000 200.000000 200.000000
v 0.261919 0.319008 0.578407 200.000000 200.000000 200.000000
v 0.063181 0.834347 0.354181 200.000000 200.000000 200.000000
v 0.072473 0.505932 -0.020842 200.000000 200.000000 200.000000
v -0.067808 0.918195 0.186393 200.000000 200.000000 200.000000
v 0.054689 0.921349 0.364857 200.000000 200.000000 200.000000
v -0.084873 -0.375527 0.331215 200.000000 200.000000 200.000000
v -0.129697 -0.163631 0.029466 200.000000 200.000000 200.000000
v 0.078465 -0.226328 0.169226 200.000000 200.000000 200.000000
v 0.184580 0.865754 0.250377 200.000000 200.000000 200.000000
v -0.092153 0.552043 -0.245085 200.000000 200.000000 200.000000
v 0.016789 -0.963862 0.332934 200.000000 200.000000 200.000000
v -0.053269 0.333405 0.122428 200.000000 200.000000 200.000000
v 0.008203 0.618589 0.114900 200.000000 200.000000 200.000000
v 0.116927 0.950947 0.300719 200.000000 200.000000 200.000000
v 0.279577 0.353578 0.570841 200.000000 200.000000 200.000000
v -0.021499 -0.560408 0.001163 200.000000 200.000000 200.000000
v -0.048421 -0.640454 0.273404 200.000000 200.000000 200.000000
v -0.057808 -0.816829 0.068175 200.000000 200.000000 200.000000
v 0.196935 0.647128 0.297798 200.000000 200.000000 200.000000
v 0.015678 0.773967 0.146718 200.000000 200.000000 200.000000
v 0.116388 0.968524 0.193977 200.000000 200.000000 200.000000
v 0.087709 0.850789 0.149990 200.000000 200.000000 200.000000
v 0.307031 0.485246 0.511836 200.000000 200.000000 200.000000
v 0.288852 0.355746 0.549053 200.000000 200.000000 200.000000
v -0.063610 0.342169 0.207359 200.000000 200.000000 200.000000
v 0.144293 -0.992924 0.314942 200.000000 200.000000 200.000000
v -0.066315 -0.570993 0.323544 200.000000 200.000000 200.000000
v 0.112589 -0.867282 0.196561 200.000000 200.000000 200.000000
v 0.042128 0.812202 0.337120 200.000000 200.000000 200.000000
v 0.153393 0.644849 0.111628 200.000000 200.000000 200.000000
v 0.045078 0.706230 0.297724 200.000000 200.000000 200.000000
v 0.043371 -0.239663 0.000543 200.000000 200.000000 200.000000
v -0.135643 -0.664453 0.063019 200.000000 200.000000 200.000000
v -0.051824 -0.733117 0.302168 200.000000 200.000000 200.000000
v -0.002367 0.279846 0.341425 200.000000 200.000000 200.000000
v -0.078178 0.024288 0.077105 200.000000 200.000000 200.000000
v -0.003952 0.475954 0.322214 200.000000 200.000000 200.000000
v 0.211857 -0.072336 0.216978 200.000000 200.000000 200.000000
v 0.042460 -0.382790 0.419481 200.000000 200.000000 200.000000
v 0.043902 -0.838274 0.052206 200.000000 200.000000 200.000000
v -0.011674 -0.326933 -0.000354 200.000000 200.000000 200.000000
v 0.061115 0.018741 -0.003511 200.000000 200.000000 200.000000
v 0.142417 0.779575 0.293675 200.000000 200.000000 200.000000
v 0.039976 0.858850 0.353108 200.000000 200.000000 200.000000
v 0.201870 0.131638 0.184170 200.000000 200.000000 200.000000
v 0.074497 -0.995637 0.157543 200.000000 200.000000 200.000000
v 0.080237 0.104307 0.416419 200.000000 200.000000 200.000000
v -0.163019 -0.271230 0.108568 200.000000 200.000000 200.000000
v 0.171813 -0.068324 0.131822 200.000000 200.000000 200.000000
v -0.069620 0.586607 -0.066503 200.000000 200.000000 200.000000
v 0.056447 -0.528204 0.416387 200.000000 200.000000 200.000000
v -0.092817 -0.150767 0.005166 200.000000 200.000000 200.000000
v 0.151581 -0.793232 0.307383 200.000000 200.000000 200.000000
v -0.203598 0.555900 -0.316453 200.000000 200.000000 200.000000
v 0.160350 -0.909660 0.205142 200.000000 200.000000 200.000000
v 0.232399 0.145772 0.295399 200.000000 200.000000 200.000000
v 0.061337 -0.573632 0.413702 200.000000 200.000000 200.000000
v -0.008489 0.581828 0.287107 200.000000 200.000000 200.000000
v 0.102493 -0.107130 0.022932 200.000000 200.000000 200.000000
v 0.026637 0.523341 0.329998 200.000000 200.000000 200.000000
v -0.077148 -0.009406 0.185815 200.000000 200.000000 200.000000
v 0.175621 0.419441 0.428516 200.000000 200.000000 200.000000
v 0.149617 -0.191231 0.207270 200.000000 200.000000 200.000000
v 0.094100 -0.248928 0.129190 200.000000 200.000000 200.000000
v 0.051466 -0.538593 0.099957 200.000000 200.000000 200.000000
v -0.153892 0.551335 -0.225945 200.000000 200.000000 200.000000
v 0.032161 -0.680107 0.237847 200.000000 200.000000 200.000000
v 0.252043 0.490366 0.283340 200.000000 200.000000 200.000000
v 0.114010 0.678608 0.325121 200.000000 200.000000 200.000000
v 0.164174 -0.945749 0.253374 200.000000 200.000000 200.000000
v -0.112734 0.505247 -0.180079 200.000000 200.000000 200.000000
v 0.065285 0.735023 0.184391 200.000000 200.000000 200.000000
v 0.000127 -0.328844 0.243228 200.000000 200.000000 200.000000
v -0.041687 0.305654 0.081981 200.000000 200.000000 200.000000
v 0.236927 0.425761 0.400788 200.000000 200.000000 200.000000
v 0.070540 -0.889926 0.317173 200.000000 200.000000 200.000000
v -0.042885 -0.698626 0.389589 200.000000 200.000000 200.000000
v 0.156386 0.139684 0.069517 200.000000 200.000000 200.000000
v 0.000829 -0.879383 0.173997 200.000000 200.000000 200.000000
v -0.077034 0.138767 0.219022 200.000000 200.000000 200.000000
v -0.052773 0.880076 0.270935 200.000000 200.000000 200.000000
v 0.209722 0.631839 0.291810 200.000000 200.000000 200.000000
v 0.109484 -0.666429 0.360427 200.000000 200.000000 200.000000
v 0.132778 0.137014 0.474532 200.000000 200.000000 200.000000
v -0.032698 0.609358 -0.013942 200.000000 200.000000 200.000000
v 0.038204 -0.640257 0.058334 200.000000 200.000000 200.000000
v 0.045468 -0.589987 0.103403 200.000000 200.000000 200.000000
v -0.011415 0.197150 0.036344 200.000000 200.000000 200.000000
v -0.083494 -0.353035 0.401047 200.000000 200.000000 200.000000
v -0.157937 0.558854 -0.362861 200.000000 200.000000 200.000000
v 0.099175 -0.376515 0.214805 200.000000 200.000000 200.000000
v -0.018628 0.537219 0.226413 200.000000 200.000000 200.000000
v -0.055844 0.106392 0.062262 200.000000 200.000000 200.000000
v -0.072615 -0.516057 -0.015424 200.000000 200.000000 200.000000
v 0.125449 -0.919467 0.181680 200.000000 200.000000 200.000000
v 0.086411 0.578943 0.385084 200.000000 200.000000 200.000000
v 0.135484 0.931144 0.173858 200.000000 200.000000 200.000000
v 0.184491 -0.989109 0.205242 200.000000 200.000000 200.000000
v 0.089079 0.722825 0.193024 200.000000 200.000000 200.000000
v 0.178669 0.168417 0.443049 200.000000 200.000000 200.000000
v -0.218484 0.530367 -0.467535 200.000000 200.000000 200.000000
v 0.211351 -0.066147 0.208533 200.000000 200.000000 200.000000
v 0.153841 0.694878 0.279452 200.000000 200.000000 200.000000
v 0.217665 0.440863 0.151577 200.000000 200.000000 200.000000
v -0.369727 0.491656 -0.626503 200.000000 200.000000 200.000000
v 0.028771 -0.124653 0.421275 200.000000 200.000000 200.000000
v -0.005361 -0.128750 -0.009174 200.000000 200.000000 200.000000
v 0.014094 -0.998721 0.115768 200.000000 200.000000 200.000000
v -0.027239 0.110317 0.027143 200.000000 200.000000 200.000000
v -0.067323 -0.314905 0.424043 200.000000 200.000000 200.000000
v 0.221013 0.286087 0.272511 200.000000 200.000000 200.000000
v -0.187698 0.525837 -0.273487 200.000000 200.000000 200.000000
v -0.068678 -0.399153 0.423626 200.000000 200.000000 200.000000
v -0.168178 -0.438517 0.051899 200.000000 200.000000 200.000000
v 0.227519 -0.004397 0.232487 200.000000 200.000000 200.000000
v 0.026869 -0.389475 0.150764 200.000000 200.000000 200.000000
v 0.014336 -0.658130 0.011586 200.000000 200.000000 200.000000
v -0.040559 -0.589623 0.415023 200.000000 200.000000 200.000000
v -0.061189 0.047605 0.050826 200.000000 200.000000 200.000000
v 0.144341 -0.126931 0.151548 200.000000 200.000000 200.000000
v 0.020803 0.625687 0.237784 200.000000 200.000000 200.000000
v 0.224287 0.528624 0.513731 200.000000 200.000000 200.000000
v 0.032525 -0.453110 0.240515 200.000000 200.000000 200.000000
v -0.037882 0.898171 0.191856 200.000000 200.000000 200.000000
v 0.062492 0.452258 0.401440 200.000000 200.000000 200.000000
v -0.032499 0.914211 0.303887 200.000000 200.000000 200.000000
v -0.078180 -0.161746 0.295810 200.000000 200.000000 200.000000
v -0.067151 -0.689305 0.318065 200.000000 200.000000 200.000000
v 0.031552 0.591142 0.275952 200.000000 200.000000 200.000000
v 0.063520 -0.991549 0.409751 200.000000 200.000000 200.000000
v 0.251043 0.510363 0.313029 200.000000 200.000000 200.000000
v 0.036190 0.681332 0.189887 200.000000 200.000000 200.000000
v 0.147512 -0.251199 0.325137 200.000000 200.000000 200.000000
v -0.116380 -0.060260 0.099817 200.000000 200.000000 200.000000
v 0.294398 0.283516 0.518336 200.000000 200.000000 200.000000
v -0.010011 0.313774 0.341468 200.000000 200.000000 200.000000
v -0.059448 -0.999242 -0.000875 200.000000 200.000000 200.000000
v -0.055337 0.594539 -0.103597 200.000000 200.000000 200.000000
v -0.130295 0.518427 -0.317604 200.000000 200.000000 200.000000
v 0.129431 0.723162 0.182219 200.000000 200.000000 200.000000
v 0.056591 -0.943033 0.172148 200.000000 200.000000 200.000000
v 0.105641 -0.928550 0.324739 200.000000 200.000000 200.000000
v 0.246133 0.230703 0.561275 200.000000 200.000000 200.000000
v -0.086988 -0.441175 0.168544 200.000000 200.000000 200.000000
v -0.149064 -0.660795 0.089978 200.000000 200.000000 200.000000
v -0.071325 0.014729 0.150322 200.000000 200.000000 200.000000
v 0.002429 -0.653474 -0.001949 200.000000 200.000000 200.000000
v 0.019821 0.618382 0.328358 200.000000 200.000000 200.000000
v 0.294559 0.448288 0.574200 200.000000 200.000000 200.000000
v 0.102086 0.506464 0.424803 200.000000 200.000000 200.000000
v 0.251014 0.517643 0.511099 200.000000 200.000000 200.000000
v -0.019349 -0.553011 0.264038 200.000000 200.000000 200.000000
v 0.011438 0.472481 -0.042836 200.000000 200.000000 200.000000
v 0.207560 0.190817 0.249394 200.000000 200.000000 200.000000
v -0.371688 0.476914 -0.584800 200.000000 200.000000 200.000000
v 0.108211 -0.476549 0.238010 200.000000 200.000000 200.000000
v -0.039838 0.361754 0.085774 200.000000 200.000000 200.000000
v 0.000033 -0.136927 -0.007021 200.000000 200.000000 200.000000
v -0.016578 0.612113 -0.059019 200.000000 200.000000 200.000000
v 0.185438 0.376917 0.103635 200.000000 200.000000 200.000000
v 0.052762 -0.999162 0.320167 200.000000 200.000000 200.000000
v 0.208371 0.588404 0.188210 200.000000 200.000000 200.000000
v -0.004686 -0.778734 0.032996 200.000000 200.000000 200.000000
v -0.146435 -0.396972 0.031457 200.000000 200.000000 200.000000
v 0.050170 -0.514426 0.065571 200.000000 200.000000 200.000000
v 0.034973 -0.367337 0.152687 200.000000 200.000000 200.000000
v 0.123153 -0.916995 0.140062 200.000000 200.000000 200.000000
v -0.099506 -0.986945 0.039358 200.000000 200.000000 200.000000
v -0.340438 0.546134 -0.595461 200.000000 200.000000 200.000000
v 0.005727 -0.251161 0.005076 200.000000 200.000000 200.000000
v 0.062895 -0.358416 0.115727 200.000000 200.000000 200.000000
v -0.129260 -0.743702 0.100935 200.000000 200.000000 200.000000
v 0.059682 -0.369721 0.114671 200.000000 200.000000 200.000000
v -0.055476 0.800209 0.225820 200.000000 200.000000 200.000000
v -0.223536 0.544101 -0.468446 200.000000 200.000000 200.000000
v 0.162670 0.794213 0.264282 200.000000 200.000000 200.000000
v 0.337886 0.374234 0.537730 200.000000 200.000000 200.000000
v -0.018295 -0.752631 0.388309 200.000000 200.000000 200.000000
v -0.022133 0.354235 0.047301 200.000000 200.000000 200.000000
v 0.118485 0.117511 0.387888 200.000000 200.000000 200.000000
v 0.136409 0.217992 0.059540 200.000000 200.000000 200.000000
v -0.065171 0.284403 0.208914 200.000000 200.000000 200.000000
v 0.073394 -0.997646 0.154334 200.000000 200.000000 200.000000
v 0.119515 0.131112 0.022933 200.000000 200.000000 200.000000
v 0.229037 0.445629 0.193481 200.000000 200.000000 200.000000
v -0.059316 -0.420038 0.428889 200.000000 200.000000 200.000000
v -0.112275 -0.234471 0.007382 200.000000 200.000000 200.000000
v -0.163348 -0.472477 0.121553 200.000000 200.000000 200.000000
v 0.216301 0.258534 0.262584 200.000000 200.000000 200.000000
v -0.108632 -0.167203 0.009665 200.000000 200.000000 200.000000
v 0.121472 0.069133 0.376381 200.000000 200.000000 200.000000
v -0.006884 -0.851374 0.176270 200.000000 200.000000 200.000000
v 0.189931 0.560178 0.099964 200.000000 200.000000 200.000000
v -0.001732 -0.228452 -0.000627 200.000000 200.000000 200.000000
v 0.015420 -0.700099 0.015317 200.000000 200.000000 200.000000
v -0.053995 0.108901 0.059914 200.000000 200.000000 200.000000
v 0.071736 0.391262 0.394188 200.000000 200.000000 200.000000
v 0.034153 0.288875 0.019108 200.000000 200.000000 200.000000
v -0.093120 -0.378099 0.381645 200.000000 200.000000 200.000000
v -0.114029 -0.423798 0.158496 200.000000 200.000000 200.000000
v -0.080736 -0.999064 0.028682 200.000000 200.000000 200.000000
v 0.059443 -0.648226 0.099376 200.000000 200.000000 200.000000
v -0.041721 0.473405 0.216260 200.000000 200.000000 200.000000
v -0.059092 -0.956623 0.076650 200.000000 200.000000 200.000000
v 0.166780 -0.040620 0.072645 200.000000 200.000000 200.000000
v -0.051772 -0.220985 -0.003679 200.000000 200.000000 200.000000
v 0.011948 0.946069 0.319903 200.000000 200.000000 200.000000
v -0.228419 0.543741 -0.476499 200.000000 200.000000 200.000000
v -0.081470 0.071716 0.186506 200.000000 200.000000 200.000000
v 0.149081 -0.318885 0.271117 200.000000 200.000000 200.000000
v -0.075927 -0.210519 0.249386 200.000000 200.000000 200.000000
v 0.130278 -0.137124 0.071412 200.000000 200.000000 200.000000
v -0.016696 0.963601 0.283893 200.000000 200.000000 200.000000
v 0.145004 0.956694 0.275662 200.000000 200.000000 200.000000
v 0.013367 0.802144 0.139190 200.000000 200.000000 200.000000
v -0.029423 0.273553 0.062150 200.000000 200.000000 200.000000
v -0.028437 -0.401543 0.165009 200.000000 200.000000 200.000000
v 0.033125 0.714413 0.191817 200.000000 200.000000 200.000000
v 0.210602 0.548716 0.155988 200.000000 200.000000 200.000000
v 0.245845 0.545057 0.300358 200.000000 200.000000 200.000000
v 0.114950 0.253845 0.052842 200.000000 200.000000 200.000000
v 0.085601 -0.838488 0.067155 200.000000 200.000000 200.000000
v -0.065039 -0.262043 0.412295 200.000000 200.000000 200.000000
v -0.038646 0.447260 0.092171 200.000000 200.000000 200.000000
v 0.077017 -0.761284 0.099596 200.000000 200.000000 200.000000
v 0.115029 0.477587 0.028076 200.000000 200.000000 200.000000
v -0.113933 -0.764050 0.110141 200.000000 200.000000 200.000000
v -0.067664 -0.078127 0.294910 200.000000 200.000000 200.000000
v 0.139770 0.158788 0.400161 200.000000 200.000000 200.000000
v 0.135810 -0.156110 0.187016 200.000000 200.000000 200.000000
v -0.057941 -0.479677 -0.013143 200.000000 200.000000 200.000000
v -0.105600 -0.048127 0.105343 200.000000 200.000000 200.000000
v 0.059433 0.757113 0.312429 200.000000 200.000000 200.000000
v 0.060073 -0.407120 0.399427 200.000000 200.000000 200.000000
v 0.112507 0.596808 0.020930 200.000000 200.000000 200.000000
v 0.132624 0.938886 0.347212 200.000000 200.000000 200.000000
v 0.158216 0.167966 0.497153 200.000000 200.000000 200.000000
v 0.027750 -0.685685 0.013426 200.000000 200.000000 200.000000
v 0.155877 0.966513 0.229134 200.000000 200.000000 200.000000
v -0.023357 0.956891 0.284285 200.000000 200.000000 200.000000
v -0.062703 -0.158504 0.345027 200.000000 200.000000 200.000000
v 0.144211 0.859096 0.340668 200.000000 200.000000 200.000000
v -0.035461 -0.771333 0.344184 200.000000 200.000000 200.000000
v 0.011084 -0.084764 0.394078 200.000000 200.000000 200.000000
v 0.030844 -0.139664 0.416906 200.000000 200.000000 200.000000
v -0.018812 0.712229 0.238869 200.000000 200.000000 200.000000
v 0.038921 -0.798100 0.361329 200.000000 200.000000 200.000000
v 0.062061 0.919721 0.367492 200.000000 200.000000 200.000000
v -0.084166 -0.257027 0.342464 200.000000 200.000000 200.000000
v -0.111169 -0.750133 0.113367 200.000000 200.000000 200.000000
v -0.139787 -0.995207 0.032813 200.000000 200.000000 200.000000
v -0.160038 -0.492665 0.052250 200.000000 200.000000 200.000000
v -0.073625 -0.518041 0.153219 200.000000 200.000000 200.000000
v -0.066842 -0.618254 0.338677 200.000000 200.000000 200.000000
v 0.104026 -0.171828 0.182831 200.000000 200.000000 200.000000
v -0.077760 -0.506138 0.405402 200.000000 200.000000 200.000000
v -0.022721 0.543384 0.166388 200.000000 200.000000 200.000000
v 0.069202 -0.294550 0.412807 200.000000 200.000000 200.000000
v 0.116508 -0.998732 0.324999 200.000000 200.000000 200.000000
v 0.118393 0.072504 0.370764 200.000000 200.000000 200.000000
v 0.034496 -0.242092 0.210167 200.000000 200.000000 200.000000
v 0.088114 -0.604939 0.376629 200.000000 200.000000 200.000000
v 0.123095 0.962813 0.189003 200.000000 200.000000 200.000000
v -0.133817 -0.726512 0.098735 200.000000 200.000000 200.000000
v -0.033098 -0.696665 0.282688 200.000000 200.000000 200.000000
v -0.017342 0.116480 0.021650 200.000000 200.000000 200.000000
v 0.081626 0.218798 0.360062 200.000000 200.000000 200.000000
v -0.150720 0.568294 -0.246063 200.000000 200.000000 200.000000
v 0.103473 0.547823 0.424520 200.000000 200.000000 200.000000
v -0.051183 0.445864 0.205898 200.000000 200.000000 200.000000
v 0.147000 0.135938 0.049916 200.000000 200.000000 200.000000
v -0.027181 -0.594047 -0.015789 200.000000 200.000000 200.000000
v 0.051113 0.435232 0.021338 200.000000 200.000000 200.000000
v 0.067014 -0.649612 0.241570 200.000000 200.000000 200.000000
v 0.143643 0.123898 0.365237 200.000000 200.000000 200.000000
v 0.155333 -0.058950 0.064458 200.000000 200.000000 200.000000
v -0.018070 0.544446 0.209687 200.000000 200.000000 200.000000
v 0.024950 -0.762520 0.229968 200.000000 200.000000 200.000000
v 0.198822 0.643636 0.286441 200.000000 200.000000 200.000000
v 0.193601 0.223218 0.514423 200.000000 200.000000 200.000000
v 0.001830 0.389286 0.024964 200.000000 200.000000 200.000000
v 0.079597 0.143043 0.381155 200.000000 200.000000 200.000000
v 0.078900 0.589866 0.347009 200.000000 200.000000 200.000000
v 0.065182 0.052483 -0.002347 200.000000 200.000000 200.000000
v 0.211135 0.279039 0.299543 200.000000 200.000000 200.000000
v 0.005735 -0.828296 0.040859 200.000000 200.000000 200.000000
v 0.011094 -0.381367 0.437025 200.000000 200.000000 200.000000
v -0.062593 -0.588614 0.401661 200.000000 200.000000 200.000000
v 0.200558 0.556912 0.495705 200.000000 200.000000 200.000000
v 0.232329 0.256326 0.376416 200.000000 200.000000 200.000000
v 0.117747 -0.679862 0.348975 200.000000 200.000000 200.000000
v -0.044536 -0.633968 0.173139 200.000000 200.000000 200.000000
v -0.032368 -0.024213 0.305076 200.000000 200.000000 200.000000
v 0.149458 -0.268833 0.309780 200.000000 200.000000 200.000000
v -0.075932 0.000154 0.148816 200.000000 200.000000 200.000000
v -0.008679 0.201360 0.033965 200.000000 200.000000 200.000000
v 0.184602 0.236142 0.381343 200.000000 200.000000 200.000000
v -0.098894 -0.809613 0.116112 200.000000 200.000000 200.000000
v 0.197110 0.326587 0.135570 200.000000 200.000000 200.000000
v 0.099312 -0.865482 0.194677 200.000000 200.000000 200.000000
v 0.068796 0.143611 0.018450 200.000000 200.000000 200.000000
v -0.009985 0.067856 0.318829 200.000000 200.000000 200.000000
v 0.148897 -0.788623 0.286009 200.000000 200.000000 200.000000
v 0.017202 -0.390746 0.155313 200.000000 200.000000 200.000000
v 0.027207 0.406268 0.381511 200.000000 200.000000 200.000000
v 0.082057 -0.163726 0.407072 200.000000 200.000000 200.000000
v 0.145808 0.667637 0.176485 200.000000 200.000000 200.000000
v 0.072618 -0.626678 0.242031 200.000000 200.000000 200.000000
v -0.010476 -0.499322 0.425697 200.000000 200.000000 200.000000
v 0.006519 -0.125261 0.418907 200.000000 200.000000 200.000000
v 0.020736 0.072863 0.004191 200.000000 200.000000 200.000000
v 0.003798 0.941100 0.163852 200.000000 200.000000 200.000000
v 0.165515 0.845488 0.310272 200.000000 200.000000 200.000000
v 0.389797 0.350851 0.589768 200.000000 200.000000 200.000000
v 0.133892 -0.136295 0.079511 200.000000 200.000000 200.000000
v 0.181084 0.656617 0.274057 200.000000 200.000000 200.000000
v -0.017091 0.468797 0.305131 200.000000 200.000000 200.000000
v -0.059383 -0.626641 0.308140 200.000000 200.000000 200.000000
v -0.258916 0.554635 -0.483114 200.000000 200.000000 200.000000
v -0.166772 -0.197524 0.080719 200.000000 200.000000 200.000000
v 0.144933 -0.082982 0.363295 200.000000 200.000000 200.000000
v -0.064949 0.257126 0.137755 200.000000 200.000000 200.000000
v 0.095809 0.282049 0.371546 200.000000 200.000000 200.000000
v 0.008700 0.035104 0.350158 200.000000 200.000000 200.000000
v 0.074204 0.339448 0.382895 200.000000 200.000000 200.000000
v 0.112766 -0.276569 0.203942 200.000000 200.000000 200.000000
v -0.066374 -0.964658 0.130995 200.000000 200.000000 200.000000
v 0.046543 0.889842 0.124781 200.000000 200.000000 200.000000
v 0.088695 -0.837973 0.082760 200.000000 200.000000 200.000000
v 0.127221 -0.444055 0.285633 200.000000 200.000000 200.000000
v 0.257271 0.115150 0.286284 200.000000 200.000000 200.000000
v -0.014987 -0.131672 0.420693 200.000000 200.000000 200.000000
v 0.051568 -0.283588 0.422332 200.000000 200.000000 200.000000
v 0.060672 -0.053861 -0.005689 200.000000 200.000000 200.000000
v 0.068745 -0.955829 0.348902 200.000000 200.000000 200.000000
v 0.031195 0.338528 0.368198 200.000000 200.000000 200.000000
v -0.129921 -0.619981 0.124295 200.000000 200.000000 200.000000
v -0.024012 -0.387809 0.434654 200.000000 200.000000 200.000000
v 0.076879 -0.392448 0.403847 200.000000 200.000000 200.000000
v 0.162136 0.887101 0.173981 200.000000 200.000000 200.000000
v 0.106089 0.103989 0.019540 200.000000 200.000000 200.000000
v 0.120751 -0.493882 0.261778 200.000000 200.000000 200.000000
v -0.120941 -0.341659 0.151175 200.000000 200.000000 200.000000
v 0.054627 0.544813 0.363092 200.000000 200.000000 200.000000
v -0.155051 0.497507 -0.246708 200.000000 200.000000 200.000000
v 0.274855 0.302812 0.599267 200.000000 200.000000 200.000000
v 0.140186 -0.776958 0.327101 200.000000 200.000000 200.000000
v -0.076766 0.178602 0.197224 200.000000 200.000000 200.000000
v 0.315859 0.441537 0.495296 200.000000 200.000000 200.000000
v -0.096365 -0.377122 0.343395 200.000000 200.000000 200.000000
v 0.175462 0.129067 0.334701 200.000000 200.000000 200.000000
v -0.072747 -0.551149 0.335180 200.000000 200.000000 200.000000
v 0.064941 -0.913752 0.328422 200.000000 200.000000 200.000000
v -0.172920 -0.313172 0.077063 200.000000 200.000000 200.000000
v -0.294713 0.535331 -0.584029 200.000000 200.000000 200.000000
v 0.238219 0.345467 0.232928 200.000000 200.000000 200.000000
v -0.067936 0.913970 0.250486 200.000000 200.000000 200.000000
v 0.063663 -0.715529 0.136370 200.000000 200.000000 200.000000
v 0.096060 -0.818921 0.107278 200.000000 200.000000 200.000000
v 0.115631 -0.071496 0.025987 200.000000 200.000000 200.000000
v -0.305487 0.464828 -0.601377 200.000000 200.000000 200.000000
v -0.013026 -0.649130 0.417138 200.000000 200.000000 200.000000
v -0.204820 0.567229 -0.359157 200.000000 200.000000 200.000000
v 0.072128 -0.998873 0.306669 200.000000 200.000000 200.000000
v -0.214535 0.564222 -0.404198 200.000000 200.000000 200.000000
v 0.095341 0.635065 0.034198 200.000000 200.000000 200.000000
v 0.045146 0.905239 0.367299 200.000000 200.000000 200.000000
v 0.114998 0.734632 0.208530 200.000000 200.000000 200.000000
v 0.003646 -0.743572 0.011763 200.000000 200.000000 200.000000
v -0.064199 0.147944 0.108546 200.000000 200.000000 200.000000
v 0.061996 -0.852807 0.330114 200.000000 200.000000 200.000000
v 0.166697 0.597388 0.465498 200.000000 200.000000 200.000000
v 0.036933 -0.887102 0.332076 200.000000 200.000000 200.000000
v -0.377773 0.487199 -0.605269 200.000000 200.000000 200.000000
v 0.218571 0.406611 0.153504 200.000000 200.000000 200.000000
v 0.137687 0.545316 0.464194 200.000000 200.000000 200.000000
v 0.091077 -0.406632 0.361007 200.000000 200.000000 200.000000
v -0.045601 -0.296649 -0.014327 200.000000 200.000000 200.000000
v 0.005296 0.002687 0.345395 200.000000 200.000000 200.000000
v -0.052155 0.713696 0.211360 200.000000 200.000000 200.000000
v 0.019308 0.629984 0.136940 200.000000 200.000000 200.000000
v 0.065258 -0.361720 0.063101 200.000000 200.000000 200.000000
v 0.043868 -0.982494 0.053942 200.000000 200.000000 200.000000
v 0.092795 0.602460 0.352968 200.000000 200.000000 200.000000
v -0.106248 -0.581524 0.028345 200.000000 200.000000 200.000000
v -0.344658 0.544195 -0.575774 200.000000 200.000000 200.000000
v 0.145467 0.883207 0.338308 200.000000 200.000000 200.000000
v -0.332907 0.518594 -0.515296 200.000000 200.000000 200.000000
v 0.212646 0.066970 0.305720 200.000000 200.000000 200.000000
v 0.034807 -0.359503 0.231701 200.000000 200.000000 200.000000
v -0.041449 0.155995 0.051662 200.000000 200.000000 200.000000
v 0.165587 0.490950 0.066483 200.000000 200.000000 200.000000
v -0.104917 -0.084492 0.163766 200.000000 200.000000 200.000000
v -0.027016 0.504205 -0.081787 200.000000 200.000000 200.000000
v 0.047535 -0.568321 0.131763 200.000000 200.000000 200.000000
v -0.074783 -0.573943 0.371784 200.000000 200.000000 200.000000
v 0.067559 -0.491233 0.233870 200.000000 200.000000 200.000000
v -0.099401 -0.398438 0.365260 200.000000 200.000000 200.000000
v -0.038357 0.413765 0.088439 200.000000 200.000000 200.000000
v 0.160027 -0.846266 0.270999 200.000000 200.000000 200.000000
v 0.133184 0.966070 0.201967 200.000000 200.000000 200.000000
v 0.033997 -0.614224 0.219710 200.000000 200.000000 200.000000
v -0.073973 -0.104803 0.274287 200.000000 200.000000 200.000000
v -0.154634 -0.203731 0.128864 200.000000 200.000000 200.000000
v 0.154614 -0.290365 0.252262 200.000000 200.000000 200.000000
v -0.064774 0.315553 0.202578 200.000000 200.000000 200.000000
v 0.143735 -0.838289 0.234394 200.000000 200.000000 200.000000
v 0.073362 0.381841 0.389346 200.000000 200.000000 200.000000
v 0.241981 0.280330 0.375327 200.000000 200.000000 200.000000
v 0.070055 -0.500739 0.365998 200.000000 200.000000 200.000000
v 0.042823 0.582220 0.321597 200.000000 200.000000 200.000000
v 0.233021 0.038795 0.226487 200.000000 200.000000 200.000000
v -0.039502 -0.814813 0.054468 200.000000 200.000000 200.000000
v 0.118100 0.149382 0.434097 200.000000 200.000000 200.000000
v -0.024201 0.476653 0.284228 200.000000 200.000000 200.000000
v 0.170667 0.913308 0.197859 200.000000 200.000000 200.000000
v -0.024161 -0.885228 0.062861 200.000000 200.000000 200.000000
v 0.172343 -0.078817 0.162995 200.000000 200.000000 200.000000
v 0.019607 -0.955466 0.334917 200.000000 200.000000 200.000000
v -0.035448 -0.779664 0.351124 200.000000 200.000000 200.000000
v 0.199902 0.138447 0.206698 200.000000 200.000000 200.000000
v 0.158049 0.707722 0.255059 200.000000 200.000000 200.000000
v -0.049149 -0.540344 0.299618 200.000000 200.000000 200.000000
v -0.039024 0.243231 0.067347 200.000000 200.000000 200.000000
v -0.023142 0.478022 0.284241 200.000000 200.000000 200.000000
v 0.009764 -0.858371 0.233045 200.000000 200.000000 200.000000
v -0.085889 -0.161973 0.242620 200.000000 200.000000 200.000000
v 0.188148 0.485218 0.497625 200.000000 200.000000 200.000000
v -0.076156 -0.276884 0.387583 200.000000 200.000000 200.000000
v -0.217335 0.503183 -0.405577 200.000000 200.000000 200.000000
v 0.138425 -0.346831 0.310268 200.000000 200.000000 200.000000
v 0.095072 0.833050 0.361412 200.000000 200.000000 200.000000
v 0.157136 0.521174 0.481345 200.000000 200.000000 200.000000
v 0.090252 -0.749825 0.367080 200.000000 200.000000 200.000000
v 0.011869 0.920535 0.343334 200.000000 200.000000 200.000000
v 0.036659 -0.284782 0.009159 200.000000 200.000000 200.000000
v -0.016601 -0.396862 0.261643 200.000000 200.000000 200.000000
v 0.132738 -0.985595 0.161753 200.000000 200.000000 200.000000
v 0.106897 -0.986326 0.197713 200.000000 200.000000 200.000000
v 0.031033 0.099640 0.005918 200.000000 200.000000 200.000000
v 0.221444 0.281086 0.178587 200.000000 200.000000 200.000000
v -0.001982 -0.338732 0.436654 200.000000 200.000000 200.000000
v -0.010590 -0.278281 0.187846 200.000000 200.000000 200.000000
v 0.056488 0.584437 0.332625 200.000000 200.000000 200.000000
v 0.153091 -0.111193 0.120139 200.000000 200.000000 200.000000
v 0.009500 0.368607 0.022773 200.000000 200.000000 200.000000
v 0.010211 -0.591872 0.421703 200.000000 200.000000 200.000000
v 0.172290 0.660813 0.274729 200.000000 200.000000 200.000000
v -0.066205 -0.366374 0.426878 200.000000 200.000000 200.000000
v -0.002333 0.099174 0.310928 200.000000 200.000000 200.000000
v 0.009603 0.649206 0.257538 200.000000 200.000000 200.000000
v 0.208867 0.413138 0.460784 200.000000 200.000000 200.000000
v 0.246472 0.290372 0.362496 200.000000 200.000000 200.000000
v -0.009846 -0.657785 0.235016 200.000000 200.000000 200.000000
v -0.145238 0.498538 -0.284835 200.000000 200.000000 200.000000
v 0.136408 0.952819 0.193129 200.000000 200.000000 200.000000
v 0.312480 0.265586 0.528311 200.000000 200.000000 200.000000
v 0.111234 -0.739759 0.356192 200.000000 200.000000 200.000000
v -0.035138 -0.692214 0.168259 200.000000 200.000000 200.000000
v 0.062708 -0.807450 0.347367 200.000000 200.000000 200.000000
v 0.194781 0.036183 0.116053 200.000000 200.000000 200.000000
v 0.103383 0.863066 0.361401 200.000000 200.000000 200.000000
v 0.143189 0.021530 0.034089 200.000000 200.000000 200.000000
v 0.226180 0.312266 0.279314 200.000000 200.000000 200.000000
v 0.069358 -0.884163 0.316209 200.000000 200.000000 200.000000
v 0.197258 0.281204 0.151694 200.000000 200.000000 200.000000
v 0.010999 -0.999342 0.420694 200.000000 200.000000 200.000000
v 0.309702 0.416202 0.495884 200.000000 200.000000 200.000000
v 0.116587 -0.390506 0.325862 200.000000 200.000000 200.000000
v -0.081071 -0.169845 0.297671 200.000000 200.000000 200.000000
v 0.180583 -0.167527 0.273083 200.000000 200.000000 200.000000
v 0.138179 0.155373 0.042791 200.000000 200.000000 200.000000
v -0.010608 0.427943 0.341834 200.000000 200.000000 200.000000
v 0.159307 0.301094 0.382508 200.000000 200.000000 200.000000
v 0.047630 -0.910188 0.174004 200.000000 200.000000 200.000000
v 0.121907 -0.268086 0.207350 200.000000 200.000000 200.000000
v 0.204714 -0.094930 0.257752 200.000000 200.000000 200.000000
v 0.121053 0.021036 0.380003 200.000000 200.000000 200.000000
v -0.144398 0.505934 -0.204728 200.000000 200.000000 200.000000
v -0.035518 0.318011 0.307201 200.000000 200.000000 200.000000
v -0.036674 0.523988 -0.164988 200.000000 200.000000 200.000000
v -0.041272 0.283545 0.078935 200.000000 200.000000 200.000000
v 0.150155 -0.201019 0.210812 200.000000 200.000000 200.000000
v -0.349159 0.496873 -0.559037 200.000000 200.000000 200.000000
v -0.052284 -0.953099 0.145181 200.000000 200.000000 200.000000
v 0.019349 -0.949212 0.333965 200.000000 200.000000 200.000000
v -0.079662 0.120136 0.176191 200.000000 200.000000 200.000000
v 0.168544 0.172216 0.335792 200.000000 200.000000 200.000000
v 0.034141 -0.286112 0.426638 200.000000 200.000000 200.000000
v 0.050707 0.471012 0.005615 200.000000 200.000000 200.000000
v 0.249059 0.413684 0.392359 200.000000 200.000000 200.000000
v -0.020705 -0.809243 0.170110 200.000000 200.000000 200.000000
v 0.115351 -0.602432 0.296045 200.000000 200.000000 200.000000
v 0.253982 0.489377 0.404495 200.000000 200.000000 200.000000
v -0.165357 -0.447723 0.118677 200.000000 200.000000 200.000000
v -0.019118 -0.766510 0.169461 200.000000 200.000000 200.000000
v -0.094983 -0.383258 0.378433 200.000000 200.000000 200.000000
v 0.053268 -0.524176 0.078604 200.000000 200.000000 200.000000
v -0.016229 0.550276 0.219878 200.000000 200.000000 200.000000
v 0.010019 0.648989 0.035468 200.000000 200.000000 200.000000
v -0.042032 0.261348 0.077772 200.000000 200.000000 200.000000
v 0.253576 0.440669 0.383248 200.000000 200.000000 200.000000
v 0.106417 0.635673 0.054429 200.000000 200.000000 200.000000
v 0.103420 -0.319238 0.359034 200.000000 200.000000 200.000000
v 0.203166 0.591254 0.164464 200.000000 200.000000 200.000000
v 0.178162 -0.004156 0.331229 200.000000 200.000000 200.000000
v -0.047862 0.370518 0.113421 200.000000 200.000000 200.000000
v 0.317451 0.321678 0.622953 200.000000 200.000000 200.000000
v 0.239296 0.513986 0.381744 200.000000 200.000000 200.000000
v -0.002183 -0.418483 0.439227 200.000000 200.000000 200.000000
v 0.159353 0.279018 0.089172 200.000000 200.000000 200.000000
v 0.135951 0.238286 0.070269 200.000000 200.000000 200.000000
v 0.106219 -0.988714 0.201611 200.000000 200.000000 200.000000
v 0.220204 0.312316 0.173656 200.000000 200.000000 200.000000
v -0.052358 0.926272 0.193642 200.000000 200.000000 200.000000
v 0.052454 -0.953414 0.170432 200.000000 200.000000 200.000000
v -0.040714 -0.276433 0.241640 200.000000 200.000000 200.000000
v -0.081598 -0.035627 0.174549 200.000000 200.000000 200.000000
v 0.227305 0.001848 0.286969 200.000000 200.000000 200.000000
v 0.142540 0.104181 0.457296 200.000000 200.000000 200.000000
v 0.089108 -0.251519 0.139154 200.000000 200.000000 200.000000
v 0.071851 -0.331713 0.070707 200.000000 200.000000 200.000000
v 0.141094 0.159557 0.404935 200.000000 200.000000 200.000000
v 0.087539 -0.558493 0.384055 200.000000 200.000000 200.000000
v 0.233061 0.228619 0.366815 200.000000 200.000000 200.000000
v 0.179144 0.661213 0.219775 200.000000 200.000000 200.000000
v -0.042642 -0.524125 0.286725 200.000000 200.000000 200.000000
v 0.160456 0.304467 0.081617 200.000000 200.000000 200.000000
v 0.120797 0.102577 0.368767 200.000000 200.000000 200.000000
v -0.157070 -0.374424 0.038238 200.000000 200.000000 200.000000
v 0.057544 0.238997 0.355233 200.000000 200.000000 200.000000
v 0.133647 -0.709420 0.303353 200.000000 200.000000 200.000000
v -0.137062 -0.505985 0.143390 200.000000 200.000000 200.000000
v 0.320822 0.347813 0.625478 200.000000 200.000000 200.000000
v -0.014918 0.195324 0.038935 200.000000 200.000000 200.000000
v -0.079161 -0.931794 0.129248 200.000000 200.000000 200.000000
v 0.000226 0.289841 0.024434 200.000000 200.000000 200.000000
v -0.101578 -0.785736 0.080423 200.000000 200.000000 200.000000
v -0.059071 0.932230 0.248838 200.000000 200.000000 200.000000
v -0.060649 -0.296140 0.428889 200.000000 200.000000 200.000000
v 0.214591 0.581475 0.224057 200.000000 200.000000 200.000000
v -0.020343 -0.765960 0.169381 200.000000 200.000000 200.000000
v -0.048086 0.127468 0.053134 200.000000 200.000000 200.000000
v -0.052339 -0.537310 0.302170 200.000000 200.000000 200.000000
v 0.235867 0.195959 0.312333 200.000000 200.000000 200.000000
v 0.123508 0.616823 0.392213 200.000000 200.000000 200.000000
v 0.015416 0.940985 0.116996 200.000000 200.000000 200.000000
v -0.144170 -0.368853 0.028728 200.000000 200.000000 200.000000
v 0.041476 0.877475 0.363707 200.000000 200.000000 200.000000
v -0.038106 -0.169663 -0.006604 200.000000 200.000000 200.000000
v 0.018919 -0.143798 -0.005822 200.000000 200.000000 200.000000
v -0.072026 0.018580 0.225178 200.000000 200.000000 200.000000
v 0.171892 0.855149 0.292511 200.000000 200.000000 200.000000
v 0.185347 -0.013458 0.097664 200.000000 200.000000 200.000000
v 0.005790 -0.881628 0.295514 200.000000 200.000000 200.000000
v 0.090532 -0.558404 0.362633 200.000000 200.000000 200.000000
v -0.170229 -0.251085 0.110295 200.000000 200.000000 200.000000
v 0.136468 0.697654 0.303161 200.000000 200.000000 200.000000
v 0.048777 0.804041 0.143528 200.000000 200.000000 200.000000
v 0.126645 -0.168265 0.114567 200.000000 200.000000 200.000000
v 0.001777 -0.652801 0.417198 200.000000 200.000000 200.000000
v -0.145059 -0.693967 0.081451 200.000000 200.000000 200.000000
v -0.030717 0.468738 0.260747 200.000000 200.000000 200.000000
v 0.011118 -0.855139 0.046245 200.000000 200.000000 200.000000
v -0.006207 -0.939108 0.290240 200.000000 200.000000 200.000000
v 0.045211 0.633549 0.147638 200.000000 200.000000 200.000000
v 0.141643 0.002363 0.361984 200.000000 200.000000 200.000000
v 0.157283 0.557993 0.479879 200.000000 200.000000 200.000000
v 0.068568 -0.626460 0.238126 200.000000 200.000000 200.000000
v -0.116537 -0.319554 0.161809 200.000000 200.000000 200.000000
v -0.248231 0.545684 -0.408940 200.000000 200.000000 200.000000
v 0.071042 0.496469 0.397758 200.000000 200.000000 200.000000
v 0.237584 0.349879 0.222309 200.000000 200.000000 200.000000
v 0.068509 0.763287 0.313264 200.000000 200.000000 200.000000
v 0.092772 -0.934731 0.191002 200.000000 200.000000 200.000000
v -0.107605 -0.206478 0.007275 200.000000 200.000000 200.000000
v -0.045818 0.026008 0.289897 200.000000 200.000000 200.000000
v -0.178384 -0.422016 0.077945 200.000000 200.000000 200.000000
v -0.054630 0.394775 0.224606 200.000000 200.000000 200.000000
v 0.074650 -0.569972 0.254689 200.000000 200.000000 200.000000
v 0.008011 0.976257 0.212468 200.000000 200.000000 200.000000
v 0.017270 0.696925 0.207461 200.000000 200.000000 200.000000
v -0.051727 0.025578 0.031027 200.000000 200.000000 200.000000
v 0.134292 0.327328 0.057824 200.000000 200.000000 200.000000
v -0.032600 -0.511038 0.424699 200.000000 200.000000 200.000000
v -0.091617 -0.390507 0.392440 200.000000 200.000000 200.000000
v 0.131554 -0.881433 0.194316 200.000000 200.000000 200.000000
v 0.141183 -0.147086 0.186286 200.000000 200.000000 200.000000
v -0.073543 0.085426 0.121618 200.000000 200.000000 200.000000
v -0.030257 -0.145449 -0.006716 200.000000 200.000000 200.000000
v -0.084718 -0.722120 0.141458 200.000000 200.000000 200.000000
v 0.198890 0.487207 0.508393 200.000000 200.000000 200.000000
v 0.153000 -0.940449 0.287368 200.000000 200.000000 200.000000
v -0.080828 0.065707 0.200309 200.000000 200.000000 200.000000
v 0.236930 0.495734 0.364261 200.000000 200.000000 200.000000
v -0.050256 0.907921 0.221040 200.000000 200.000000 200.000000
v -0.022460 0.157403 0.285823 200.000000 200.000000 200.000000
v 0.100697 -0.435754 0.328072 200.000000 200.000000 200.000000
v -0.116460 -0.074201 0.116710 200.000000 200.000000 200.000000
v 0.131929 0.108660 0.366830 200.000000 200.000000 200.000000
v 0.107886 0.163793 0.362280 200.000000 200.000000 200.000000
v 0.272081 0.370883 0.541627 200.000000 200.000000 200.000000
v 0.024411 -0.384795 0.429799 200.000000 200.000000 200.000000
v 0.220566 0.615646 0.293596 200.000000 200.000000 200.000000
v -0.062711 -0.700700 0.342820 200.000000 200.000000 200.000000
v 0.039105 -0.579333 0.229161 200.000000 200.000000 200.000000
v 0.182259 -0.043373 0.130094 200.000000 200.000000 200.000000
v 0.166800 0.195159 0.484013 200.000000 200.000000 200.000000
v -0.017758 0.526430 0.267965 200.000000 200.000000 200.000000
v 0.164400 0.149461 0.094042 200.000000 200.000000 200.000000
v 0.148766 0.056280 0.363396 200.000000 200.000000 200.000000
v 0.262416 0.039609 0.285155 200.000000 200.000000 200.000000
v 0.099682 -0.594846 0.352488 200.000000 200.000000 200.000000
v 0.045181 -0.333372 0.013918 200.000000 200.000000 200.000000
v 0.033893 0.054269 0.352052 200.000000 200.000000 200.000000
v 0.143802 -0.060756 0.363971 200.000000 200.000000 200.000000
v -0.050480 0.352215 0.120211 200.000000 200.000000 200.000000
v -0.006615 -0.689564 0.008161 200.000000 200.000000 200.000000
v 0.051053 -0.707200 0.142762 200.000000 200.000000 200.000000
v -0.037246 0.946395 0.168486 200.000000 200.000000 200.000000
v 0.165950 0.424976 0.446745 200.000000 200.000000 200.000000
v 0.204718 0.355384 0.134031 200.000000 200.000000 200.000000
v 0.205841 0.170848 0.510149 200.000000 200.000000 200.000000
v 0.216811 0.481712 0.155696 200.000000 200.000000 200.000000
v 0.138958 -0.311809 0.229159 200.000000 200.000000 200.000000
v 0.097929 -0.024148 0.010479 200.000000 200.000000 200.000000
v -0.081651 -0.221102 0.277689 200.000000 200.000000 200.000000
v 0.005843 0.706378 0.204131 200.000000 200.000000 200.000000
v 0.092480 -0.693715 0.363579 200.000000 200.000000 200.000000
v 0.089382 -0.979694 0.086207 200.000000 200.000000 200.000000
v -0.074141 -0.632120 0.359795 200.000000 200.000000 200.000000
v -0.136009 -0.257256 0.143901 200.000000 200.000000 200.000000
v 0.007059 0.828796 0.333482 200.000000 200.000000 200.000000
v 0.075581 -0.362198 0.395840 200.000000 200.000000 200.000000
v -0.088165 -0.487903 0.392771 200.000000 200.000000 200.000000
v -0.067549 -0.969072 0.113991 200.000000 200.000000 200.000000
v 0.022275 0.186108 0.332604 200.000000 200.000000 200.000000
v -0.021085 0.931104 0.302281 200.000000 200.000000 200.000000
v 0.098181 0.587814 0.395814 200.000000 200.000000 200.000000
v -0.050271 -0.537015 0.420004 200.000000 200.000000 200.000000
v -0.053037 -0.393695 0.432116 200.000000 200.000000 200.000000
v 0.060268 -0.456736 0.396123 200.000000 200.000000 200.000000
v 0.013789 -0.966994 0.322150 200.000000 200.000000 200.000000
v 0.130048 0.443814 0.043386 200.000000 200.000000 200.000000
v 0.009692 -0.752750 0.016089 200.000000 200.000000 200.000000
v -0.078991 -0.248951 -0.004215 200.000000 200.000000 200.000000
v -0.063279 -0.819119 0.130146 200.000000 200.000000 200.000000
v -0.059706 -0.515026 0.419879 200.000000 200.000000 200.000000
v -0.009424 -0.928600 0.297377 200.000000 200.000000 200.000000
v -0.170182 -0.206335 0.092154 200.000000 200.000000 200.000000
v 0.369234 0.318200 0.584532 200.000000 200.000000 200.000000
v 0.053515 0.071581 0.373051 200.000000 200.000000 200.000000
v 0.158211 0.150897 0.493788 200.000000 200.000000 200.000000
v 0.032814 0.676122 0.189746 200.000000 200.000000 200.000000
v -0.056234 -0.772957 0.045741 200.000000 200.000000 200.000000
v -0.083924 -0.264626 0.343925 200.000000 200.000000 200.000000
v 0.258429 0.032326 0.298291 200.000000 200.000000 200.000000
v 0.083417 0.929541 0.359432 200.000000 200.000000 200.000000
v -0.041858 -0.550221 0.420851 200.000000 200.000000 200.000000
v 0.143475 -0.330647 0.297208 200.000000 200.000000 200.000000
v 0.220147 0.345698 0.325384 200.000000 200.000000 200.000000
v -0.128194 -0.099113 0.124455 200.000000 200.000000 200.000000
v -0.016259 -0.066159 0.388897 200.000000 200.000000 200.000000
v -0.056612 -0.220739 0.189225 200.000000 200.000000 200.000000
v 0.118293 -0.988837 0.102252 200.000000 200.000000 200.000000
v -0.019432 -0.396840 0.164107 200.000000 200.000000 200.000000
v -0.034542 -0.434199 0.282494 200.000000 200.000000 200.000000
v 0.136625 0.869104 0.161287 200.000000 200.000000 200.000000
v 0.264110 0.019667 0.247573 200.000000 200.000000 200.000000
v -0.056324 0.183450 0.265680 200.000000 200.000000 200.000000
v -0.012794 -0.376902 0.167036 200.000000 200.000000 200.000000
v -0.005508 -0.537767 0.141560 200.000000 200.000000 200.000000
v 0.250143 0.460618 0.270686 200.000000 200.000000 200.000000
v -0.042795 -0.445642 0.432068 200.000000 200.000000 200.000000
v -0.132284 -0.112502 0.125015 200.000000 200.000000 200.000000
v 0.126413 -0.351016 0.334665 200.000000 200.000000 200.000000
v -0.152139 -0.612932 0.098393 200.000000 200.000000 200.000000
v 0.114395 0.328760 0.052021 200.000000 200.000000 200.000000
v 0.130511 0.010344 0.367752 200.000000 200.000000 200.000000
v -0.029863 -0.080511 -0.001766 200.000000 200.000000 200.000000
v -0.027211 -0.598276 0.276076 200.000000 200.000000 200.000000
v -0.039131 -0.706580 0.006621 200.000000 200.000000 200.000000
v 0.056529 0.142243 0.012839 200.000000 200.000000 200.000000
v -0.010301 0.703760 0.236086 200.000000 200.000000 200.000000
v 0.327082 0.393291 0.522631 200.000000 200.000000 200.000000
v 0.365333 0.362654 0.560723 200.000000 200.000000 200.000000
v 0.007512 -0.716578 0.406249 200.000000 200.000000 200.000000
v -0.019874 -0.269524 -0.001086 200.000000 200.000000 200.000000
v -0.027975 0.456742 0.050156 200.000000 200.000000 200.000000
v 0.000252 -0.275240 0.186899 200.000000 200.000000 200.000000
v -0.084848 -0.168850 0.281650 200.000000 200.000000 200.000000
v 0.006106 -0.585313 0.253464 200.000000 200.000000 200.000000
v -0.042581 0.049997 0.026767 200.000000 200.000000 200.000000
v 0.067673 -0.695101 0.107240 200.000000 200.000000 200.000000
v -0.135389 -0.514993 0.037417 200.000000 200.000000 200.000000
v 0.123732 -0.214099 0.196614 200.000000 200.000000 200.000000
v -0.036141 -0.474503 0.429198 200.000000 200.000000 200.000000
v 0.355841 0.322877 0.629550 200.000000 200.000000 200.000000
v -0.082646 0.501469 -0.173253 200.000000 200.000000 200.000000
v 0.261599 0.313645 0.545679 200.000000 200.000000 200.000000
v -0.158528 0.493509 -0.270210 200.000000 200.000000 200.000000
v 0.019395 -0.177869 -0.003512 200.000000 200.000000 200.000000
v -0.053394 -0.297980 -0.015886 200.000000 200.000000 200.000000
v 0.146272 -0.996882 0.173923 200.000000 200.000000 200.000000
v 0.014396 -0.998908 0.062562 200.000000 200.000000 200.000000
v 0.094609 -0.672401 0.370888 200.000000 200.000000 200.000000
v 0.111859 -0.389106 0.329257 200.000000 200.000000 200.000000
v -0.130605 -0.994437 0.039753 200.000000 200.000000 200.000000
v 0.234440 0.324345 0.249560 200.000000 200.000000 200.000000
v 0.035234 -0.976748 0.357880 200.000000 200.000000 200.000000
v 0.074817 -0.407322 0.220577 200.000000 200.000000 200.000000
v 0.177315 0.915202 0.219638 200.000000 200.000000 200.000000
v 0.174011 0.163818 0.437970 200.000000 200.000000 200.000000
v 0.277917 0.220724 0.549853 200.000000 200.000000 200.000000
v -0.171892 -0.285239 0.080221 200.000000 200.000000 200.000000
v 0.130439 -0.159984 0.141707 200.000000 200.000000 200.000000
v 0.093334 0.522862 0.004706 200.000000 200.000000 200.000000
v 0.265255 0.474194 0.432957 200.000000 200.000000 200.000000
v 0.366094 0.326191 0.567773 200.000000 200.000000 200.000000
v 0.061177 0.925924 0.130418 200.000000 200.000000 200.000000
v -0.014782 0.929455 0.187571 200.000000 200.000000 200.000000
v -0.180000 0.554219 -0.271092 200.000000 200.000000 200.000000
v 0.086158 0.734390 0.299717 200.000000 200.000000 200.000000
v 0.267998 0.396669 0.571368 200.000000 200.000000 200.000000
v -0.005959 0.961647 0.293884 200.000000 200.000000 200.000000
v 0.160972 0.885374 0.171242 200.000000 200.000000 200.000000
v 0.148996 0.949925 0.265766 200.000000 200.000000 200.000000
v -0.035836 -0.925419 0.051168 200.000000 200.000000 200.000000
v 0.042389 -0.958773 0.171180 200.000000 200.000000 200.000000
v 0.068927 -0.999219 0.110163 200.000000 200.000000 200.000000
v 0.165141 0.417580 0.426372 200.000000 200.000000 200.000000
v 0.145908 -0.972444 0.272883 200.000000 200.000000 200.000000
v 0.065936 0.077824 0.412954 200.000000 200.000000 200.000000
v 0.246930 0.208323 0.334137 200.000000 200.000000 200.000000
v 0.263778 0.004547 0.249165 200.000000 200.000000 200.000000
v -0.008089 -0.648805 0.158526 200.000000 200.000000 200.000000
v 0.150140 0.438945 0.463332 200.000000 200.000000 200.000000
v 0.132908 -0.162079 0.189224 200.000000 200.000000 200.000000
v -0.017814 -0.796605 0.037129 200.000000 200.000000 200.000000
v -0.010678 0.569359 0.168469 200.000000 200.000000 200.000000
v 0.054786 -0.935184 0.204119 200.000000 200.000000 200.000000
v 0.036046 -0.713806 0.024128 200.000000 200.000000 200.000000
v 0.103245 0.150332 0.367369 200.000000 200.000000 200.000000
v 0.222733 0.242950 0.551237 200.000000 200.000000 200.000000
v 0.187896 0.078223 0.098933 200.000000 200.000000 200.000000
v 0.205284 0.538731 0.129293 200.000000 200.000000 200.000000
v 0.136101 -0.748374 0.323446 200.000000 200.000000 200.000000
v 0.167617 0.145051 0.099766 200.000000 200.000000 200.000000
v 0.188383 0.642277 0.251075 200.000000 200.000000 200.000000
v -0.147222 -0.630044 0.103128 200.000000 200.000000 200.000000
v -0.097834 -0.866372 0.113289 200.000000 200.000000 200.000000
v -0.019619 -0.854153 0.162481 200.000000 200.000000 200.000000
v -0.067144 0.565580 -0.043672 200.000000 200.000000 200.000000
v 0.114434 -0.969025 0.182308 200.000000 200.000000 200.000000
v 0.025509 -0.991810 0.416306 200.000000 200.000000 200.000000
v 0.217321 0.347313 0.158845 200.000000 200.000000 200.000000
v -0.006760 -0.469072 0.432845 200.000000 200.000000 200.000000
v 0.018306 0.837852 0.335497 200.000000 200.000000 200.000000
v 0.003273 -0.743540 0.240272 200.000000 200.000000 200.000000
v 0.229967 0.107992 0.261528 200.000000 200.000000 200.000000
v -0.063157 0.244892 0.244368 200.000000 200.000000 200.000000
v -0.082687 -0.015500 0.114174 200.000000 200.000000 200.000000
v 0.016189 -0.641752 0.414268 200.000000 200.000000 200.000000
v -0.068024 0.112182 0.244475 200.000000 200.000000 200.000000
v 0.138290 -0.015076 0.033161 200.000000 200.000000 200.000000
v 0.132012 -0.676523 0.317878 200.000000 200.000000 200.000000
v 0.001095 -0.860620 0.302386 200.000000 200.000000 200.000000
v 0.059929 -0.696044 0.086686 200.000000 200.000000 200.000000
v -0.079820 -0.253460 0.285946 200.000000 200.000000 200.000000
v -0.087741 -0.907378 0.097207 200.000000 200.000000 200.000000
v -0.082039 -0.616696 0.160726 200.000000 200.000000 200.000000
v 0.224605 0.231813 0.226609 200.000000 200.000000 200.000000
v -0.308634 0.484404 -0.604458 200.000000 200.000000 200.000000
v -0.083105 -0.287147 0.369024 200.000000 200.000000 200.000000
v -0.062084 0.144696 0.242374 200.000000 200.000000 200.000000
v 0.205608 0.599576 0.186954 200.000000 200.000000 200.000000
v 0.075682 0.992552 0.275821 200.000000 200.000000 200.000000
v -0.088199 0.025620 0.175539 200.000000 200.000000 200.000000
v 0.258568 0.245591 0.573274 200.000000 200.000000 200.000000
v 0.135674 0.859737 0.350363 200.000000 200.000000 200.000000
v -0.064485 -0.655044 0.306580 200.000000 200.000000 200.000000
v -0.004018 -0.488502 0.032337 200.000000 200.000000 200.000000
v -0.319766 0.475798 -0.596434 200.000000 200.000000 200.000000
v 0.241140 0.387359 0.245475 200.000000 200.000000 200.000000
v 0.046627 -0.758197 0.033489 200.000000 200.000000 200.000000
v -0.075718 0.069068 0.122442 200.000000 200.000000 200.000000
v -0.063006 -0.693925 0.015520 200.000000 200.000000 200.000000
v 0.229203 0.511356 0.200023 200.000000 200.000000 200.000000
v 0.178964 0.872377 0.290469 200.000000 200.000000 200.000000
v 0.027777 0.358475 0.014372 200.000000 200.000000 200.000000
v 0.045644 -0.981249 0.160735 200.000000 200.000000 200.000000
v -0.067527 -0.086675 0.279100 200.000000 200.000000 200.000000
v 0.191088 0.520290 0.089108 200.000000 200.000000 200.000000
v 0.031002 0.817545 0.138388 200.000000 200.000000 200.000000
v -0.135242 -0.393492 0.023054 200.000000 200.000000 200.000000
v -0.090970 -0.438992 -0.005745 200.000000 200.000000 200.000000
v -0.002598 0.386251 0.358457 200.000000 200.000000 200.000000
v -0.083548 -0.258796 0.350153 200.000000 200.000000 200.000000
v 0.124173 -0.808556 0.333574 200.000000 200.000000 200.000000
v -0.045645 -0.665709 0.270301 200.000000 200.000000 200.000000
v 0.014697 0.966018 0.295384 200.000000 200.000000 200.000000
v -0.098340 -0.402190 0.161708 200.000000 200.000000 200.000000
v 0.112619 0.439780 0.425762 200.000000 200.000000 200.000000
v 0.073103 0.967560 0.182196 200.000000 200.000000 200.000000
v -0.029563 -0.598152 0.278442 200.000000 200.000000 200.000000
v 0.137579 -0.966148 0.302330 200.000000 200.000000 200.000000
v 0.204801 0.234746 0.377093 200.000000 200.000000 200.000000
v 0.050735 -0.230401 0.001384 200.000000 200.000000 200.000000
v 0.006173 0.644886 0.201303 200.000000 200.000000 200.000000
v 0.192123 -0.071392 0.300031 200.000000 200.000000 200.000000
v 0.037434 -0.793958 0.035850 200.000000 200.000000 200.000000
v 0.117246 0.733936 0.280163 200.000000 200.000000 200.000000
v 0.061343 0.115186 0.386308 200.000000 200.000000 200.000000
v 0.137644 0.441040 0.438966 200.000000 200.000000 200.000000
v 0.047644 0.661329 0.106173 200.000000 200.000000 200.000000
v 0.079344 0.067203 0.379165 200.000000 200.000000 200.000000
v -0.138422 0.581737 -0.261769 200.000000 200.000000 200.000000
v 0.157673 -0.168056 0.322956 200.000000 200.000000 200.000000
v 0.008189 -0.278350 0.185916 200.000000 200.000000 200.000000
v 0.099622 -0.533759 0.298201 200.000000 200.000000 200.000000
v -0.138685 -0.376544 0.143210 200.000000 200.000000 200.000000
v 0.167025 0.683922 0.272624 200.000000 200.000000 200.000000
v 0.092556 -0.432530 0.222868 200.000000 200.000000 200.000000
v 0.242224 0.396419 0.292182 200.000000 200.000000 200.000000
v 0.046729 0.749051 0.304492 200.000000 200.000000 200.000000
v -0.010630 0.220776 0.035871 200.000000 200.000000 200.000000
v -0.058557 0.317055 0.238873 200.000000 200.000000 200.000000
v 0.136231 0.693624 0.313360 200.000000 200.000000 200.000000
v -0.077765 0.590668 -0.150644 200.000000 200.000000 200.000000
v 0.021049 0.644886 0.184834 200.000000 200.000000 200.000000
v -0.071820 -0.121387 0.284031 200.000000 200.000000 200.000000
v 0.210290 0.268855 0.299211 200.000000 200.000000 200.000000
v -0.019941 -0.156200 0.421007 200.000000 200.000000 200.000000
v 0.018937 -0.274738 0.183899 200.000000 200.000000 200.000000
v 0.229507 0.300322 0.193268 200.000000 200.000000 200.000000
v -0.008604 0.592250 -0.103190 200.000000 200.000000 200.000000
v -0.031695 -0.773629 0.374170 200.000000 200.000000 200.000000
v -0.062023 -0.696048 0.162031 200.000000 200.000000 200.000000
v -0.071520 -0.218193 0.369555 200.000000 200.000000 200.000000
v 0.053499 -0.708316 0.389625 200.000000 200.000000 200.000000
v 0.166669 -0.131332 0.201139 200.000000 200.000000 200.000000
v -0.047554 -0.800440 0.155869 200.000000 200.000000 200.000000
v -0.124321 0.562254 -0.164964 200.000000 200.000000 200.000000
v 0.237628 0.342751 0.242151 200.000000 200.000000 200.000000
v 0.200578 -0.082686 0.279207 200.000000 200.000000 200.000000
v 0.083781 -0.598925 0.253495 200.000000 200.000000 200.000000
v -0.077354 -0.159754 0.295040 200.000000 200.000000 200.000000
v 0.066296 0.707431 0.301934 200.000000 200.000000 200.000000
v -0.001752 0.637766 0.014909 200.000000 200.000000 200.000000
v -0.022632 0.706804 0.225452 200.000000 200.000000 200.000000
v 0.144982 0.537526 0.471191 200.000000 200.000000 200.000000
v 0.073552 -0.999183 0.100128 200.000000 200.000000 200.000000
v 0.157920 0.243427 0.088154 200.000000 200.000000 200.000000
v 0.170499 -0.979013 0.231258 200.000000 200.000000 200.000000
v 0.074786 -0.182688 0.011071 200.000000 200.000000 200.000000
v 0.072873 -0.202423 0.185891 200.000000 200.000000 200.000000
v 0.057913 -0.377664 0.072751 200.000000 200.000000 200.000000
v -0.137355 -0.655039 0.060955 200.000000 200.000000 200.000000
v -0.035520 0.439391 0.078263 200.000000 200.000000 200.000000
v 0.251000 0.300873 0.570422 200.000000 200.000000 200.000000
v -0.067570 -0.232332 0.376226 200.000000 200.000000 200.000000
v 0.050943 0.203487 0.347047 200.000000 200.000000 200.000000
v -0.042399 -0.999391 0.006570 200.000000 200.000000 200.000000
v -0.094275 -0.742044 0.123089 200.000000 200.000000 200.000000
v 0.022707 -0.863983 0.352428 200.000000 200.000000 200.000000
v 0.209769 0.564790 0.177202 200.000000 200.000000 200.000000
v -0.083240 -0.155603 0.272276 200.000000 200.000000 200.000000
v -0.011482 -0.451425 0.153745 200.000000 200.000000 200.000000
v 0.171420 -0.210546 0.247054 200.000000 200.000000 200.000000
v 0.024793 0.097209 0.007182 200.000000 200.000000 200.000000
v -0.044881 0.519666 -0.174379 200.000000 200.000000 200.000000
v 0.062838 -0.867578 0.169695 200.000000 200.000000 200.000000
v -0.045581 0.761878 0.253610 200.000000 200.000000 200.000000
v 0.071416 -0.339179 0.061262 200.000000 200.000000 200.000000
v 0.186250 -0.155260 0.264103 200.000000 200.000000 200.000000
v 0.159912 -0.177302 0.313533 200.000000 200.000000 200.000000
v 0.117065 -0.707006 0.259902 200.000000 200.000000 200.000000
v 0.106603 -0.483721 0.307833 200.000000 200.000000 200.000000
v -0.074138 -0.229717 0.352476 200.000000 200.000000 200.000000
v 0.107664 -0.519972 0.295151 200.000000 200.000000 200.000000
v 0.040570 -0.732977 0.026006 200.000000 200.000000 200.000000
v 0.111746 -0.668621 0.263024 200.000000 200.000000 200.000000
v -0.047771 0.360254 0.112182 200.000000 200.000000 200.000000
v 0.223344 0.303227 0.279337 200.000000 200.000000 200.000000
v -0.008780 -0.939717 0.042401 200.000000 200.000000 200.000000
v 0.062886 -0.272027 0.168793 200.000000 200.000000 200.000000
v 0.239774 0.502089 0.531568 200.000000 200.000000 200.000000
v 0.096383 -0.998759 0.313985 200.000000 200.000000 200.000000
v 0.217692 0.566359 0.215074 200.000000 200.000000 200.000000
v 0.142047 0.469099 0.050500 200.000000 200.000000 200.000000
v -0.072366 0.501789 -0.152781 200.000000 200.000000 200.000000
v 0.042389 -0.388619 0.023721 200.000000 200.000000 200.000000
v 0.087565 -0.789370 0.130807 200.000000 200.000000 200.000000
v -0.064444 0.221465 0.211568 200.000000 200.000000 200.000000
v 0.136654 -0.728082 0.325539 200.000000 200.000000 200.000000
v -0.041400 -0.977822 0.040812 200.000000 200.000000 200.000000
v -0.071205 -0.979768 0.049410 200.000000 200.000000 200.000000
v -0.050143 0.713609 0.188361 200.000000 200.000000 200.000000
v -0.278288 0.506867 -0.602927 200.000000 200.000000 200.000000
v 0.077533 0.888691 0.372693 200.000000 200.000000 200.000000
v 0.088325 -0.807964 0.342544 200.000000 200.000000 200.000000
v 0.146385 -0.771107 0.312682 200.000000 200.000000 200.000000
v -0.068869 0.558070 -0.209584 200.000000 200.000000 200.000000
v 0.102291 0.744290 0.196411 200.000000 200.000000 200.000000
v -0.027757 0.268292 0.322819 200.000000 200.000000 200.000000
v 0.093503 -0.538645 0.329153 200.000000 200.000000 200.000000
v -0.161473 0.577837 -0.291180 200.000000 200.000000 200.000000
v 0.123540 -0.994321 0.103687 200.000000 200.000000 200.000000
v 0.138441 -0.734623 0.301621 200.000000 200.000000 200.000000
v 0.016857 0.635179 0.229631 200.000000 200.000000 200.000000
v -0.062058 -0.432476 -0.001686 200.000000 200.000000 200.000000
v -0.026331 0.594791 0.017051 200.000000 200.000000 200.000000
v -0.141796 -0.444770 0.138513 200.000000 200.000000 200.000000
v 0.110613 -0.210084 0.388642 200.000000 200.000000 200.000000
v -0.154111 -0.239432 0.031645 200.000000 200.000000 200.000000
v -0.060623 -0.129380 0.333281 200.000000 200.000000 200.000000
v -0.062204 -0.213144 0.398726 200.000000 200.000000 200.000000
v 0.087653 -0.852964 0.313597 200.000000 200.000000 200.000000
v 0.106176 -0.900840 0.082450 200.000000 200.000000 200.000000
v 0.028760 0.593649 0.305778 200.000000 200.000000 200.000000
v 0.071150 -0.345708 0.212336 200.000000 200.000000 200.000000
v 0.086011 -0.582658 0.312147 200.000000 200.000000 200.000000
v 0.015793 -0.797796 0.160674 200.000000 200.000000 200.000000
v 0.062270 -0.947102 0.056947 200.000000 200.000000 200.000000
v 0.250219 0.231375 0.494428 200.000000 200.000000 200.000000
v -0.048665 -0.107652 0.380190 200.000000 200.000000 200.000000
v -0.156563 -0.551336 0.104323 200.000000 200.000000 200.000000
v 0.124511 0.075075 0.021808 200.000000 200.000000 200.000000
v 0.113604 -0.408786 0.226133 200.000000 200.000000 200.000000
v 0.248989 0.485873 0.258822 200.000000 200.000000 200.000000
v 0.172698 0.662895 0.313795 200.000000 200.000000 200.000000
v 0.296068 0.426196 0.480754 200.000000 200.000000 200.000000
v -0.112611 -0.492014 0.010709 200.000000 200.000000 200.000000
v 0.064544 -0.780949 0.142811 200.000000 200.000000 200.000000
v 0.290229 0.275577 0.595996 200.000000 200.000000 200.000000
v 0.087831 0.895559 0.136306 200.000000 200.000000 200.000000
v 0.129684 -0.657920 0.328624 200.000000 200.000000 200.000000
v 0.096088 0.635663 0.031988 200.000000 200.000000 200.000000
v -0.062984 -0.236376 0.402224 200.000000 200.000000 200.000000
v 0.229174 0.446032 0.194057 200.000000 200.000000 200.000000
v 0.272780 0.317609 0.596362 200.000000 200.000000 200.000000
v 0.049215 -0.808201 0.354536 200.000000 200.000000 200.000000
v 0.002655 -0.992241 0.384255 200.000000 200.000000 200.000000
v 0.040698 0.713462 0.297315 200.000000 200.000000 200.000000
v -0.016508 0.357928 0.037812 200.000000 200.000000 200.000000
v 0.003922 -0.011096 0.363348 200.000000 200.000000 200.000000
v 0.044061 -0.999278 0.396056 200.000000 200.000000 200.000000
v 0.018958 -0.559251 0.087335 200.000000 200.000000 200.000000
v -0.110487 0.567688 -0.275974 200.000000 200.000000 200.000000
v 0.016408 0.654751 0.270498 200.000000 200.000000 200.000000
v 0.131160 -0.249255 0.209459 200.000000 200.000000 200.000000
v 0.081109 -0.687693 0.376760 200.000000 200.000000 200.000000
v 0.185634 0.413061 0.424707 200.000000 200.000000 200.000000
v 0.125373 -0.998691 0.327328 200.000000 200.000000 200.000000
v 0.119385 -0.700527 0.256177 200.000000 200.000000 200.000000
v 0.214696 0.251428 0.516641 200.000000 200.000000 200.000000
v -0.009977 0.126516 0.303678 200.000000 200.000000 200.000000
v -0.066874 -0.119013 0.306589 200.000000 200.000000 200.000000
v 0.013094 -0.600263 0.248628 200.000000 200.000000 200.000000
v 0.019974 0.955957 0.140339 200.000000 200.000000 200.000000
v -0.035016 -0.469577 0.280426 200.000000 200.000000 200.000000
v 0.024388 0.667490 0.194499 200.000000 200.000000 200.000000
v 0.114808 -0.168450 0.168929 200.000000 200.000000 200.000000
v 0.229094 0.304146 0.263093 200.000000 200.000000 200.000000
v 0.102291 -0.172473 0.181275 200.000000 200.000000 200.000000
v -0.059517 -0.599507 -0.011471 200.000000 200.000000 200.000000
v 0.119484 0.775707 0.315208 200.000000 200.000000 200.000000
v 0.028993 0.578599 0.283655 200.000000 200.000000 200.000000
v 0.049747 -0.633207 0.120863 200.000000 200.000000 200.000000
v 0.210897 0.479917 0.136200 200.000000 200.000000 200.000000
v 0.059262 0.235538 0.018049 200.000000 200.000000 200.000000
v -0.166553 -0.368532 0.113810 200.000000 200.000000 200.000000
v -0.325460 0.503423 -0.623654 200.000000 200.000000 200.000000
v 0.217618 0.012596 0.165081 200.000000 200.000000 200.000000
v 0.377806 0.353768 0.620994 200.000000 200.000000 200.000000
v 0.195343 0.169520 0.164728 200.000000 200.000000 200.000000
v 0.097555 -0.171683 0.401387 200.000000 200.000000 200.000000
v 0.071054 0.670511 0.085343 200.000000 200.000000 200.000000
v 0.074660 -0.688996 0.227548 200.000000 200.000000 200.000000
v -0.271330 0.507983 -0.523285 200.000000 200.000000 200.000000
v 0.051293 0.695514 0.297930 200.000000 200.000000 200.000000
v 0.068605 -0.353440 0.055368 200.000000 200.000000 200.000000
v -0.064930 -0.407445 -0.008164 200.000000 200.000000 200.000000
v 0.192323 0.272520 0.387783 200.000000 200.000000 200.000000
v 0.172063 0.157467 0.116035 200.000000 200.000000 200.000000
v 0.116200 0.721989 0.212137 200.000000 200.000000 200.000000
v 0.095900 -0.936289 0.345280 200.000000 200.000000 200.000000
v 0.229974 0.337546 0.286439 200.000000 200.000000 200.000000
v -0.028729 0.400569 0.058511 200.000000 200.000000 200.000000
v 0.223195 0.586270 0.447759 200.000000 200.000000 200.000000
v 0.117782 0.017707 0.380678 200.000000 200.000000 200.000000
v 0.055178 -0.883231 0.175842 200.000000 200.000000 200.000000
v -0.046518 0.287780 0.268203 200.000000 200.000000 200.000000
v 0.117083 0.851813 0.358315 200.000000 200.000000 200.000000
v -0.343233 0.543780 -0.573501 200.000000 200.000000 200.000000
v -0.089437 -0.487381 0.390553 200.000000 200.000000 200.000000
v -0.008175 -0.101482 0.393704 200.000000 200.000000 200.000000
v 0.082328 -0.233669 0.027559 200.000000 200.000000 200.000000
v 0.060586 -0.006591 0.387570 200.000000 200.000000 200.000000
v 0.151739 0.798845 0.301416 200.000000 200.000000 200.000000
v -0.064402 0.270857 0.137569 200.000000 200.000000 200.000000
v 0.011210 -0.642262 0.416461 200.000000 200.000000 200.000000
v 0.064201 -0.952352 0.202214 200.000000 200.000000 200.000000
v 0.202629 0.040838 0.142761 200.000000 200.000000 200.000000
v 0.100000 0.459184 0.427019 200.000000 200.000000 200.000000
v -0.165197 -0.243252 0.121109 200.000000 200.000000 200.000000
v 0.037421 -0.201420 0.425555 200.000000 200.000000 200.000000
v -0.043981 0.707067 0.185502 200.000000 200.000000 200.000000
v 0.118723 0.784877 0.191555 200.000000 200.000000 200.000000
v 0.003918 0.576454 0.231953 200.000000 200.000000 200.000000
v -0.026933 0.559438 0.071128 200.000000 200.000000 200.000000
v 0.146798 -0.765173 0.305651 200.000000 200.000000 200.000000
v -0.043809 0.871491 0.267918 200.000000 200.000000 200.000000
v -0.004298 -0.964033 0.043495 200.000000 200.000000 200.000000
v 0.033307 -0.440910 0.121092 200.000000 200.000000 200.000000
v 0.355763 0.348481 0.637472 200.000000 200.000000 200.000000
v -0.183725 0.505800 -0.284833 200.000000 200.000000 200.000000
v 0.135151 -0.084570 0.050450 200.000000 200.000000 200.000000
v 0.198143 -0.000604 0.121500 200.000000 200.000000 200.000000
v 0.162604 0.018277 0.051108 200.000000 200.000000 200.000000
v 0.126509 0.577128 0.454578 200.000000 200.000000 200.000000
v 0.007765 -0.591314 0.134962 200.000000 200.000000 200.000000
v 0.180124 0.000629 0.077712 200.000000 200.000000 200.000000
v 0.023238 0.635992 0.336864 200.000000 200.000000 200.000000
v -0.080885 0.159064 0.192274 200.000000 200.000000 200.000000
v 0.222806 0.568598 0.478784 200.000000 200.000000 200.000000
v -0.127350 -0.649097 0.122538 200.000000 200.000000 200.000000
v -0.053806 0.596019 -0.048743 200.000000 200.000000 200.000000
v -0.016271 0.573461 0.114495 200.000000 200.000000 200.000000
v -0.166344 -0.535628 0.086974 200.000000 200.000000 200.000000
v 0.183674 0.310843 0.117121 200.000000 200.000000 200.000000
v -0.019255 -0.103396 0.408406 200.000000 200.000000 200.000000
v 0.255273 0.415356 0.560761 200.000000 200.000000 200.000000
v 0.047087 -0.652433 0.235246 200.000000 200.000000 200.000000
v 0.237529 0.415781 0.399712 200.000000 200.000000 200.000000
v -0.172599 -0.354555 0.060193 200.000000 200.000000 200.000000
v -0.022053 0.832699 0.171844 200.000000 200.000000 200.000000
v 0.054255 -0.385981 0.072357 200.000000 200.000000 200.000000
v -0.077608 0.578630 -0.081172 200.000000 200.000000 200.000000
v 0.188067 0.590892 0.117212 200.000000 200.000000 200.000000
v 0.086074 0.401212 0.033431 200.000000 200.000000 200.000000
v 0.177702 0.837718 0.268687 200.000000 200.000000 200.000000
v 0.119081 0.836236 0.149826 200.000000 200.000000 200.000000
v -0.329649 0.504998 -0.518007 200.000000 200.000000 200.000000
v 0.133094 -0.726309 0.309266 200.000000 200.000000 200.000000
v 0.118513 0.687763 0.158527 200.000000 200.000000 200.000000
v 0.185964 0.226214 0.376823 200.000000 200.000000 200.000000
v 0.156070 0.708456 0.274995 200.000000 200.000000 200.000000
v 0.021690 0.623223 0.179565 200.000000 200.000000 200.000000
v 0.094270 0.496698 0.009599 200.000000 200.000000 200.000000
v -0.118944 -0.598938 0.038965 200.000000 200.000000 200.000000
v 0.180770 0.105543 0.333185 200.000000 200.000000 200.000000
v 0.177108 0.582086 0.474623 200.000000 200.000000 200.000000
v 0.153626 0.517548 0.477870 200.000000 200.000000 200.000000
v 0.143747 -0.917162 0.304519 200.000000 200.000000 200.000000
v 0.274318 0.321249 0.597207 200.000000 200.000000 200.000000
v 0.281889 0.509252 0.483370 200.000000 200.000000 200.000000
v 0.124677 0.316717 0.384245 200.000000 200.000000 200.000000
v 0.022195 -0.894788 0.226413 200.000000 200.000000 200.000000
v 0.028215 0.605774 0.259959 200.000000 200.000000 200.000000
v -0.074029 -0.239189 0.272124 200.000000 200.000000 200.000000
v -0.024733 -0.978893 0.035217 200.000000 200.000000 200.000000
v -0.088820 -0.064499 0.189581 200.000000 200.000000 200.000000
v -0.014830 -0.532155 0.145708 200.000000 200.000000 200.000000
v 0.106902 0.766393 0.316327 200.000000 200.000000 200.000000
v 0.100258 0.899625 0.367921 200.000000 200.000000 200.000000
v 0.179065 -0.024511 0.326472 200.000000 200.000000 200.000000
v 0.135848 -0.987957 0.121773 200.000000 200.000000 200.000000
v 0.146002 0.201083 0.084077 200.000000 200.000000 200.000000
v 0.098033 -0.821641 0.110324 200.000000 200.000000 200.000000
v 0.059519 -0.997486 0.270350 200.000000 200.000000 200.000000
v -0.074966 0.501697 -0.157545 200.000000 200.000000 200.000000
v 0.369072 0.315763 0.618753 200.000000 200.000000 200.000000
v 0.031754 -0.200631 0.427516 200.000000 200.000000 200.000000
v -0.009891 -0.354162 0.436430 200.000000 200.000000 200.000000
v -0.036808 0.512056 -0.150048 200.000000 200.000000 200.000000
v -0.051681 0.122794 0.274926 200.000000 200.000000 200.000000
v 0.103081 -0.894208 0.160271 200.000000 200.000000 200.000000
v -0.036430 0.244307 0.279921 200.000000 200.000000 200.000000
v 0.176583 0.219648 0.372685 200.000000 200.000000 200.000000
v 0.227163 0.490088 0.192477 200.000000 200.000000 200.000000
v -0.166160 0.502554 -0.332557 200.000000 200.000000 200.000000
v 0.058278 0.854484 0.360204 200.000000 200.000000 200.000000
v 0.184727 0.037748 0.084832 200.000000 200.000000 200.000000
v 0.029947 0.083705 0.359897 200.000000 200.000000 200.000000
v 0.173863 0.349161 0.093365 200.000000 200.000000 200.000000
v 0.081294 -0.504211 0.238304 200.000000 200.000000 200.000000
v 0.033504 0.487829 0.365037 200.000000 200.000000 200.000000
v 0.145999 -0.781213 0.280183 200.000000 200.000000 200.000000
v 0.222838 0.268244 0.254923 200.000000 200.000000 200.000000
v 0.058686 -0.229655 0.196207 200.000000 200.000000 200.000000
v -0.037981 -0.917240 0.149655 200.000000 200.000000 200.000000
v 0.307775 0.246632 0.563868 200.000000 200.000000 200.000000
v 0.057097 -0.722744 0.062252 200.000000 200.000000 200.000000
v 0.071043 -0.067162 0.403315 200.000000 200.000000 200.000000
v -0.082580 -0.253336 0.317496 200.000000 200.000000 200.000000
v 0.163155 -0.938304 0.267089 200.000000 200.000000 200.000000
v 0.087946 -0.702897 0.365118 200.000000 200.000000 200.000000
v 0.164004 -0.223822 0.236064 200.000000 200.000000 200.000000
v 0.029754 -0.614148 0.148278 200.000000 200.000000 200.000000
v 0.073542 0.955929 0.166540 200.000000 200.000000 200.000000
v -0.071884 -0.540679 0.405272 200.000000 200.000000 200.000000
v -0.031757 -0.478705 0.144667 200.000000 200.000000 200.000000
v 0.206036 0.064704 0.306686 200.000000 200.000000 200.000000
v 0.098177 -0.377325 0.343203 200.000000 200.000000 200.000000
v 0.041061 0.646141 0.161780 200.000000 200.000000 200.000000
v 0.079561 0.956775 0.164452 200.000000 200.000000 200.000000
v 0.088019 0.623021 0.020783 200.000000 200.000000 200.000000
v 0.008167 0.744193 0.282768 200.000000 200.000000 200.000000
v -0.023539 0.817560 0.295227 200.000000 200.000000 200.000000
v 0.005772 -0.322787 0.011799 200.000000 200.000000 200.000000
v 0.180662 0.087489 0.336232 200.000000 200.000000 200.000000
v 0.122538 0.744566 0.206401 200.000000 200.000000 200.000000
v 0.124890 0.929753 0.167092 200.000000 200.000000 200.000000
v -0.107047 0.498810 -0.199622 200.000000 200.000000 200.000000
v 0.314454 0.354644 0.538532 200.000000 200.000000 200.000000
v -0.128535 0.504102 -0.192972 200.000000 200.000000 200.000000
v 0.215710 0.184356 0.296457 200.000000 200.000000 200.000000
v 0.212305 0.629888 0.340030 200.000000 200.000000 200.000000
v 0.002014 0.983731 0.240355 200.000000 200.000000 200.000000
v -0.033129 0.412026 0.292157 200.000000 200.000000 200.000000
v 0.075540 0.650659 0.305417 200.000000 200.000000 200.000000
v 0.085383 -0.449709 0.223327 200.000000 200.000000 200.000000
v 0.120770 -0.771909 0.342893 200.000000 200.000000 200.000000
v 0.001734 -0.885411 0.171667 200.000000 200.000000 200.000000
v 0.135693 -0.223143 0.354955 200.000000 200.000000 200.000000
v -0.270371 0.509248 -0.516682 200.000000 200.000000 200.000000
v 0.037770 -0.367626 0.149678 200.000000 200.000000 200.000000
v 0.071802 -0.263561 0.202689 200.000000 200.000000 200.000000
v 0.173555 0.124558 0.342502 200.000000 200.000000 200.000000
v 0.161795 -0.867436 0.262116 200.000000 200.000000 200.000000
v -0.130849 -0.201481 0.014959 200.000000 200.000000 200.000000
v -0.065226 0.264554 0.140669 200.000000 200.000000 200.000000
v -0.046330 0.573027 -0.014498 200.000000 200.000000 200.000000
v 0.147424 0.577330 0.051762 200.000000 200.000000 200.000000
v 0.075399 -0.299081 0.037587 200.000000 200.000000 200.000000
v 0.220069 0.003180 0.314127 200.000000 200.000000 200.000000
v 0.249196 0.431416 0.554252 200.000000 200.000000 200.000000
v 0.139660 -0.160249 0.358702 200.000000 200.000000 200.000000
v 0.025904 -0.443204 0.428476 200.000000 200.000000 200.000000
v -0.024417 0.109463 0.024820 200.000000 200.000000 200.000000
v 0.191910 0.092769 0.119812 200.000000 200.000000 200.000000
v 0.207816 0.165825 0.476391 200.000000 200.000000 200.000000
v -0.068225 -0.955830 0.098322 200.000000 200.000000 200.000000
v 0.307896 0.459016 0.476039 200.000000 200.000000 200.000000
v 0.040411 -0.602514 0.038811 200.000000 200.000000 200.000000
v 0.001966 -0.026854 0.377187 200.000000 200.000000 200.000000
v 0.017807 -0.334363 0.433325 200.000000 200.000000 200.000000
v 0.154036 0.147758 0.491774 200.000000 200.000000 200.000000
v -0.059726 0.940310 0.173028 200.000000 200.000000 200.000000
v -0.158397 0.555258 -0.367284 200.000000 200.000000 200.000000
v 0.135612 0.161074 0.417746 200.000000 200.000000 200.000000
v 0.074124 -0.286585 0.024153 200.000000 200.000000 200.000000
v 0.087093 -0.177129 0.406457 200.000000 200.000000 200.000000
v 0.017377 -0.998700 0.099347 200.000000 200.000000 200.000000
v 0.039773 -0.293362 0.425211 200.000000 200.000000 200.000000
v -0.019889 0.603272 0.058756 200.000000 200.000000 200.000000
v 0.249007 0.336731 0.368308 200.000000 200.000000 200.000000
v 0.024471 0.706747 0.282413 200.000000 200.000000 200.000000
v -0.186349 0.497839 -0.327689 200.000000 200.000000 200.000000
v -0.099422 -0.853834 0.076558 200.000000 200.000000 200.000000
v 0.083823 -0.268617 0.046333 200.000000 200.000000 200.000000
v -0.022451 0.461378 0.038856 200.000000 200.000000 200.000000
v -0.063952 0.946433 0.234058 200.000000 200.000000 200.000000
v -0.086014 -0.485038 0.362754 200.000000 200.000000 200.000000
v -0.022966 -0.476506 0.429954 200.000000 200.000000 200.000000
v -0.138786 -0.308403 0.021391 200.000000 200.000000 200.000000
v 0.144752 -0.100087 0.362845 200.000000 200.000000 200.000000
v 0.229243 0.130692 0.270868 200.000000 200.000000 200.000000
v -0.081293 -0.754508 0.130919 200.000000 200.000000 200.000000
v 0.003078 -0.534555 0.423863 200.000000 200.000000 200.000000
v 0.036630 -0.397821 0.238154 200.000000 200.000000 200.000000
v 0.027575 -0.985008 0.389174 200.000000 200.000000 200.000000
v -0.003730 -0.676219 0.413979 200.000000 200.000000 200.000000
v -0.039654 0.441599 0.252040 200.000000 200.000000 200.000000
v -0.044747 0.371350 0.103043 200.000000 200.000000 200.000000
v -0.029777 0.536873 0.080196 200.000000 200.000000 200.000000
v 0.224027 0.281722 0.262775 200.000000 200.000000 200.000000
v 0.160095 0.123794 0.385371 200.000000 200.000000 200.000000
v -0.022474 0.466162 0.038017 200.000000 200.000000 200.000000
v 0.076152 -0.350298 0.397495 200.000000 200.000000 200.000000
v 0.004452 0.482535 0.330854 200.000000 200.000000 200.000000
v 0.232779 0.409263 0.483339 200.000000 200.000000 200.000000
v -0.016285 0.593418 0.081562 200.000000 200.000000 200.000000
v -0.066952 0.292624 0.220687 200.000000 200.000000 200.000000
v -0.071266 0.189728 0.204387 200.000000 200.000000 200.000000
v 0.305439 0.417483 0.492402 200.000000 200.000000 200.000000
v 0.248506 0.379140 0.367087 200.000000 200.000000 200.000000
v 0.030399 0.622926 0.340109 200.000000 200.000000 200.000000
v 0.164875 -0.998281 0.172933 200.000000 200.000000 200.000000
v -0.020917 0.323120 0.051692 200.000000 200.000000 200.000000
v 0.016619 -0.988654 0.026572 200.000000 200.000000 200.000000
v -0.012492 0.234976 0.038695 200.000000 200.000000 200.000000
v 0.174212 0.641068 0.172323 200.000000 200.000000 200.000000
v 0.144705 0.209961 0.079014 200.000000 200.000000 200.000000
v 0.115847 -0.251618 0.199633 200.000000 200.000000 200.000000
v 0.130755 -0.998807 0.138094 200.000000 200.000000 200.000000
v -0.089364 -0.491175 0.388504 200.000000 200.000000 200.000000
v -0.043160 -0.369736 0.266938 200.000000 200.000000 200.000000
v 0.066972 -0.718990 0.226229 200.000000 200.000000 200.000000
v 0.241453 0.452986 0.370040 200.000000 200.000000 200.000000
v 0.179555 -0.136193 0.293989 200.000000 200.000000 200.000000
v -0.041204 0.165560 0.053318 200.000000 200.000000 200.000000
v 0.093610 -0.588835 0.294529 200.000000 200.000000 200.000000
v -0.081315 -0.930017 0.124488 200.000000 200.000000 200.000000
v 0.114015 0.542959 0.438310 200.000000 200.000000 200.000000
v -0.065782 -0.790656 0.057662 200.000000 200.000000 200.000000
v -0.079478 0.053243 0.114999 200.000000 200.000000 200.000000
v -0.031815 0.529110 0.032988 200.000000 200.000000 200.000000
v 0.104626 -0.537356 0.259550 200.000000 200.000000 200.000000
v -0.076046 0.141363 0.165342 200.000000 200.000000 200.000000
v 0.181972 0.845999 0.272062 200.000000 200.000000 200.000000
v -0.029267 -0.532907 0.150201 200.000000 200.000000 200.000000
v -0.067457 0.266751 0.169737 200.000000 200.000000 200.000000
v -0.112681 -0.114151 0.025175 200.000000 200.000000 200.000000
v -0.123730 -0.146546 0.163644 200.000000 200.000000 200.000000
v 0.107572 -0.392649 0.330121 200.000000 200.000000 200.000000
v 0.150385 0.706861 0.288472 200.000000 200.000000 200.000000
v 0.106171 -0.888619 0.314509 200.000000 200.000000 200.000000
v 0.216662 0.196953 0.229505 200.000000 200.000000 200.000000
v 0.119421 -0.814324 0.220839 200.000000 200.000000 200.000000
v 0.245374 0.057384 0.246205 200.000000 200.000000 200.000000
v -0.001298 -0.896735 0.317540 200.000000 200.000000 200.000000
v -0.082669 -0.313328 0.383497 200.000000 200.000000 200.000000
v -0.023841 -0.766496 0.168638 200.000000 200.000000 200.000000
v 0.197686 0.264678 0.153006 200.000000 200.000000 200.000000
v -0.005783 0.573485 0.191981 200.000000 200.000000 200.000000
v 0.002768 0.358903 0.358386 200.000000 200.000000 200.000000
v 0.210579 0.126725 0.252574 200.000000 200.000000 200.000000
v 0.140658 0.944020 0.328610 200.000000 200.000000 200.000000
v 0.004276 -0.755100 0.231123 200.000000 200.000000 200.000000
v -0.034965 -0.614374 0.271557 200.000000 200.000000 200.000000
v -0.091692 -0.557294 0.168290 200.000000 200.000000 200.000000
v 0.069986 0.568296 0.367272 200.000000 200.000000 200.000000
v -0.008159 -0.786394 0.032953 200.000000 200.000000 200.000000
v 0.026892 -0.328771 0.429644 200.000000 200.000000 200.000000
v 0.264418 0.092800 0.267237 200.000000 200.000000 200.000000
v 0.177718 -0.065392 0.156045 200.000000 200.000000 200.000000
v 0.226320 0.025494 0.204206 200.000000 200.000000 200.000000
v 0.161206 0.657922 0.343695 200.000000 200.000000 200.000000
v 0.006410 -0.879303 0.054434 200.000000 200.000000 200.000000
v 0.005228 -0.250096 0.004794 200.000000 200.000000 200.000000
v -0.032662 0.252898 0.308712 200.000000 200.000000 200.000000
v -0.176022 -0.425075 0.098560 200.000000 200.000000 200.000000
v -0.059466 0.033591 0.040723 200.000000 200.000000 200.000000
v -0.055544 0.005804 0.228414 200.000000 200.000000 200.000000
v -0.064024 0.223402 0.229915 200.000000 200.000000 200.000000
v -0.194104 0.501801 -0.368993 200.000000 200.000000 200.000000
v -0.074154 -0.541428 -0.010171 200.000000 200.000000 200.000000
v 0.073091 0.659987 0.073312 200.000000 200.000000 200.000000
v 0.097652 0.353779 0.044434 200.000000 200.000000 200.000000
v 0.231591 0.482675 0.534048 200.000000 200.000000 200.000000
v 0.233918 0.066966 0.245778 200.000000 200.000000 200.000000
v 0.162508 0.383207 0.077890 200.000000 200.000000 200.000000
v 0.157093 0.490015 0.060100 200.000000 200.000000 200.000000
v -0.008514 0.928748 0.180635 200.000000 200.000000 200.000000
v 0.338667 0.425816 0.525834 200.000000 200.000000 200.000000
v 0.048213 -0.214609 0.420983 200.000000 200.000000 200.000000
v 0.050548 -0.335477 0.422111 200.000000 200.000000 200.000000
v 0.040815 -0.710220 0.027268 200.000000 200.000000 200.000000
v 0.152090 -0.158845 0.337941 200.000000 200.000000 200.000000
v -0.052709 0.537939 -0.012481 200.000000 200.000000 200.000000
v -0.111055 -0.782575 0.081884 200.000000 200.000000 200.000000
v -0.081559 0.544747 -0.087300 200.000000 200.000000 200.000000
v 0.049643 -0.383389 0.229901 200.000000 200.000000 200.000000
v -0.003879 -0.388342 0.437317 200.000000 200.000000 200.000000
v -0.030715 -0.720004 0.170199 200.000000 200.000000 200.000000
v 0.166329 -0.930960 0.266607 200.000000 200.000000 200.000000
v -0.173883 -0.357481 0.066693 200.000000 200.000000 200.000000
v -0.011653 -0.599598 -0.010087 200.000000 200.000000 200.000000
v -0.059348 -0.482611 -0.016376 200.000000 200.000000 200.000000
v 0.174905 0.068576 0.068445 200.000000 200.000000 200.000000
v -0.127341 -0.520804 0.030182 200.000000 200.000000 200.000000
v 0.141585 0.144611 0.485035 200.000000 200.000000 200.000000
v 0.126185 -0.633172 0.296598 200.000000 200.000000 200.000000
v 0.081795 -0.999533 0.351088 200.000000 200.000000 200.000000
v 0.232084 0.407914 0.200219 200.000000 200.000000 200.000000
v 0.140323 -0.773619 0.326653 200.000000 200.000000 200.000000
v 0.225124 0.605973 0.291870 200.000000 200.000000 200.000000
v 0.246285 0.304544 0.373257 200.000000 200.000000 200.000000
v 0.242540 0.418753 0.462616 200.000000 200.000000 200.000000
v -0.011758 0.325197 0.032229 200.000000 200.000000 200.000000
v -0.282681 0.501672 -0.536315 200.000000 200.000000 200.000000
v 0.053068 -0.721795 0.044719 200.000000 200.000000 200.000000
v 0.166185 0.679910 0.220549 200.000000 200.000000 200.000000
v 0.140024 0.948609 0.278890 200.000000 200.000000 200.000000
v 0.222678 0.222616 0.365977 200.000000 200.000000 200.000000
v -0.032061 -0.083506 0.381570 200.000000 200.000000 200.000000
v 0.016617 -0.604886 0.424350 200.000000 200.000000 200.000000
v 0.051296 0.598922 0.319231 200.000000 200.000000 200.000000
v 0.066807 0.451755 0.404241 200.000000 200.000000 200.000000
v 0.005423 -0.555185 0.149026 200.000000 200.000000 200.000000
v -0.163055 0.497762 -0.303052 200.000000 200.000000 200.000000
v 0.019564 -0.451764 0.432511 200.000000 200.000000 200.000000
v 0.020341 -0.156739 -0.007147 200.000000 200.000000 200.000000
v 0.009606 0.665803 0.224658 200.000000 200.000000 200.000000
v -0.080712 -0.699483 0.148913 200.000000 200.000000 200.000000
v -0.105962 -0.115473 0.189543 200.000000 200.000000 200.000000
v 0.223313 0.258030 0.323559 200.000000 200.000000 200.000000
v 0.168772 0.616617 0.444453 200.000000 200.000000 200.000000
v -0.139190 -0.357022 0.142846 200.000000 200.000000 200.000000
v 0.014996 0.979076 0.209886 200.000000 200.000000 200.000000
v 0.090202 -0.222073 0.038406 200.000000 200.000000 200.000000
v 0.065550 -0.244725 0.203375 200.000000 200.000000 200.000000
v -0.010256 0.521811 -0.116090 200.000000 200.000000 200.000000
v -0.042199 -0.651815 0.260861 200.000000 200.000000 200.000000
v -0.050467 -0.371670 0.172951 200.000000 200.000000 200.000000
v -0.020658 -0.558154 0.024263 200.000000 200.000000 200.000000
v -0.002942 -0.528144 0.142809 200.000000 200.000000 200.000000
v 0.111779 -0.995900 0.158052 200.000000 200.000000 200.000000
v -0.028240 0.478544 0.046751 200.000000 200.000000 200.000000
v 0.132662 0.746660 0.228771 200.000000 200.000000 200.000000
v 0.185200 0.359424 0.106349 200.000000 200.000000 200.000000
v 0.047806 0.991809 0.230317 200.000000 200.000000 200.000000
v -0.043702 0.361992 0.269748 200.000000 200.000000 200.000000
v 0.022611 -0.924802 0.175945 200.000000 200.000000 200.000000
v 0.128658 0.943831 0.348456 200.000000 200.000000 200.000000
v 0.144322 -0.900732 0.193855 200.000000 200.000000 200.000000
v 0.081226 -0.998578 0.289336 200.000000 200.000000 200.000000
v 0.012830 -0.374859 0.017302 200.000000 200.000000 200.000000
v 0.013493 0.390811 0.017013 200.000000 200.000000 200.000000
v 0.013145 -0.718863 0.404969 200.000000 200.000000 200.000000
v -0.018178 0.443103 0.035767 200.000000 200.000000 200.000000
v 0.099532 -0.733193 0.362236 200.000000 200.000000 200.000000
v 0.126767 -0.997209 0.244142 200.000000 200.000000 200.000000
v -0.190237 0.563187 -0.393186 200.000000 200.000000 200.000000
v 0.031706 0.853345 0.348511 200.000000 200.000000 200.000000
v 0.092579 -0.015648 0.007328 200.000000 200.000000 200.000000
v -0.036646 0.942983 0.173377 200.000000 200.000000 200.000000
v 0.027495 -0.758853 0.014799 200.000000 200.000000 200.000000
v 0.165770 0.139877 0.350640 200.000000 200.000000 200.000000
v 0.137402 -0.960856 0.307449 200.000000 200.000000 200.000000
v 0.073182 -0.219144 0.412331 200.000000 200.000000 200.000000
v -0.060267 -0.019803 0.271418 200.000000 200.000000 200.000000
v 0.075260 0.549925 0.389427 200.000000 200.000000 200.000000
v 0.072195 -0.783902 0.358193 200.000000 200.000000 200.000000
v 0.109476 -0.892863 0.130273 200.000000 200.000000 200.000000
v -0.022561 0.733805 0.162304 200.000000 200.000000 200.000000
v 0.249303 0.522065 0.306276 200.000000 200.000000 200.000000
v 0.092908 0.732366 0.192775 200.000000 200.000000 200.000000
v -0.070315 -0.608825 0.386733 200.000000 200.000000 200.000000
v 0.044215 -0.779824 0.156498 200.000000 200.000000 200.000000
v 0.194778 0.575479 0.123503 200.000000 200.000000 200.000000
v 0.078290 -0.400431 0.218823 200.000000 200.000000 200.000000
v 0.035045 0.279162 0.020861 200.000000 200.000000 200.000000
v 0.313348 0.426625 0.591046 200.000000 200.000000 200.000000
v 0.320237 0.276108 0.594661 200.000000 200.000000 200.000000
v 0.065246 -0.360769 0.068313 200.000000 200.000000 200.000000
v 0.207184 0.231725 0.487252 200.000000 200.000000 200.000000
v 0.015614 -0.811462 0.039851 200.000000 200.000000 200.000000
v 0.145690 0.646760 0.374854 200.000000 200.000000 200.000000
v 0.006243 0.137092 0.016017 200.000000 200.000000 200.000000
v 0.176394 -0.135133 0.302094 200.000000 200.000000 200.000000
v 0.117094 0.904348 0.154005 200.000000 200.000000 200.000000
v 0.121731 -0.619748 0.280329 200.000000 200.000000 200.000000
v -0.070963 -0.576836 0.325577 200.000000 200.000000 200.000000
v 0.227365 0.422088 0.517405 200.000000 200.000000 200.000000
v -0.247601 0.550147 -0.411181 200.000000 200.000000 200.000000
v 0.127286 -0.986113 0.164022 200.000000 200.000000 200.000000
v -0.012830 -0.103579 0.406563 200.000000 200.000000 200.000000
v 0.205413 0.201384 0.268688 200.000000 200.000000 200.000000
v 0.147943 -0.326137 0.258068 200.000000 200.000000 200.000000
v -0.071807 -0.403148 0.420607 200.000000 200.000000 200.000000
v -0.171217 -0.501079 0.089537 200.000000 200.000000 200.000000
v -0.039821 -0.763456 0.364493 200.000000 200.000000 200.000000
v -0.022094 -0.772155 0.168001 200.000000 200.000000 200.000000
v -0.083891 0.017207 0.191048 200.000000 200.000000 200.000000
v -0.069044 -0.600877 0.318166 200.000000 200.000000 200.000000
v 0.155006 0.807787 0.207395 200.000000 200.000000 200.000000
v 0.084958 -0.572108 0.387036 200.000000 200.000000 200.000000
v -0.035030 -0.846020 0.064947 200.000000 200.000000 200.000000
v 0.072438 -0.444854 0.382442 200.000000 200.000000 200.000000
v 0.035856 0.665917 0.074764 200.000000 200.000000 200.000000
v 0.054581 0.765936 0.157228 200.000000 200.000000 200.000000
v 0.234091 0.467426 0.363992 200.000000 200.000000 200.000000
v 0.109361 -0.911043 0.317763 200.000000 200.000000 200.000000
v 0.366013 0.383294 0.610766 200.000000 200.000000 200.000000
v -0.013331 -0.238576 0.198801 200.000000 200.000000 200.000000
v 0.114717 -0.650199 0.276189 200.000000 200.000000 200.000000
v 0.056360 -0.937144 0.346524 200.000000 200.000000 200.000000
v -0.072097 -0.390561 0.321071 200.000000 200.000000 200.000000
v 0.011632 -0.743534 0.009681 200.000000 200.000000 200.000000
v -0.000598 -0.391486 0.252336 200.000000 200.000000 200.000000
v 0.114192 0.914419 0.359998 200.000000 200.000000 200.000000
v -0.011527 -0.892570 0.331894 200.000000 200.000000 200.000000
v 0.049540 0.011568 -0.001198 200.000000 200.000000 200.000000
v 0.151994 0.217094 0.376545 200.000000 200.000000 200.000000
v -0.115558 -0.999292 0.025172 200.000000 200.000000 200.000000
v 0.030596 0.418400 0.019980 200.000000 200.000000 200.000000
v -0.065583 -0.682641 0.355000 200.000000 200.000000 200.000000
v -0.060739 -0.714982 0.332133 200.000000 200.000000 200.000000
v 0.055645 -0.487278 0.069241 200.000000 200.000000 200.000000
v 0.090295 -0.183980 0.027781 200.000000 200.000000 200.000000
v -0.147408 -0.604496 0.107136 200.000000 200.000000 200.000000
v -0.124205 0.527683 -0.316068 200.000000 200.000000 200.000000
v -0.024885 0.324320 0.061776 200.000000 200.000000 200.000000
v 0.333737 0.276962 0.584738 200.000000 200.000000 200.000000
v 0.188295 0.613753 0.444239 200.000000 200.000000 200.000000
v -0.076269 -0.327725 0.295241 200.000000 200.000000 200.000000
v -0.061053 -0.843390 0.131678 200.000000 200.000000 200.000000
v 0.018413 -0.916424 0.174829 200.000000 200.000000 200.000000
v 0.022771 -0.231905 0.428734 200.000000 200.000000 200.000000
v 0.176539 -0.144927 0.294888 200.000000 200.000000 200.000000
v 0.112812 0.803539 0.167631 200.000000 200.000000 200.000000
v 0.224382 0.214136 0.321235 200.000000 200.000000 200.000000
v 0.165542 0.426899 0.437653 200.000000 200.000000 200.000000
v 0.062440 -0.814332 0.205647 200.000000 200.000000 200.000000
v 0.055859 -0.998802 0.287104 200.000000 200.000000 200.000000
v -0.055892 -0.775509 0.156311 200.000000 200.000000 200.000000
v -0.112886 0.508398 -0.174186 200.000000 200.000000 200.000000
v 0.056011 -0.515902 0.417752 200.000000 200.000000 200.000000
v 0.307842 0.243294 0.553767 200.000000 200.000000 200.000000
v 0.139686 -0.936379 0.313910 200.000000 200.000000 200.000000
v -0.011093 -0.735080 0.393520 200.000000 200.000000 200.000000
v 0.202075 0.230136 0.163992 200.000000 200.000000 200.000000
v 0.038504 0.294994 0.016803 200.000000 200.000000 200.000000
v -0.006078 -0.645147 -0.005871 200.000000 200.000000 200.000000
v -0.051594 0.821968 0.227597 200.000000 200.000000 200.000000
v 0.070008 -0.849308 0.061394 200.000000 200.000000 200.000000
v -0.059727 0.887621 0.256022 200.000000 200.000000 200.000000
v 0.124549 -0.773232 0.340386 200.000000 200.000000 200.000000
v 0.176005 -0.104121 0.322279 200.000000 200.000000 200.000000
v 0.001939 0.934085 0.121646 200.000000 200.000000 200.000000
v 0.015142 0.542786 -0.105670 200.000000 200.000000 200.000000
v -0.040860 -0.793642 0.163261 200.000000 200.000000 200.000000
v 0.019353 0.293656 0.022830 200.000000 200.000000 200.000000
v 0.153886 -0.809691 0.305022 200.000000 200.000000 200.000000
v 0.016249 -0.586196 0.421246 200.000000 200.000000 200.000000
v 0.174430 0.644973 0.187922 200.000000 200.000000 200.000000
v 0.201845 0.332964 0.140322 200.000000 200.000000 200.000000
v 0.032185 -0.617628 0.145926 200.000000 200.000000 200.000000
v -0.068443 -0.962692 0.108233 200.000000 200.000000 200.000000
v 0.118346 0.613402 0.039039 200.000000 200.000000 200.000000
v 0.041937 -0.628118 0.220547 200.000000 200.000000 200.000000
v 0.094688 0.085511 0.012733 200.000000 200.000000 200.000000
v 0.039386 -0.242326 0.184198 200.000000 200.000000 200.000000
v 0.117157 0.675272 0.128196 200.000000 200.000000 200.000000
v 0.018727 -0.903495 0.257831 200.000000 200.000000 200.000000
v 0.059404 0.306932 0.374655 200.000000 200.000000 200.000000
v 0.030666 -0.557435 0.240617 200.000000 200.000000 200.000000
v 0.019295 0.652445 0.272839 200.000000 200.000000 200.000000
v 0.063976 -0.409967 0.053157 200.000000 200.000000 200.000000
v -0.055846 0.336119 0.241639 200.000000 200.000000 200.000000
v -0.040825 0.484442 0.203571 200.000000 200.000000 200.000000
v 0.091762 -0.260868 0.124273 200.000000 200.000000 200.000000
v 0.229391 0.154562 0.281624 200.000000 200.000000 200.000000
v 0.011719 0.475541 -0.069886 200.000000 200.000000 200.000000
v 0.002839 0.479766 0.007520 200.000000 200.000000 200.000000
v 0.184306 0.449848 0.518166 200.000000 200.000000 200.000000
v 0.133719 -0.424791 0.268913 200.000000 200.000000 200.000000
v -0.061271 -0.133840 0.331323 200.000000 200.000000 200.000000
v 0.070079 -0.703941 0.112255 200.000000 200.000000 200.000000
v 0.196899 0.583941 0.472248 200.000000 200.000000 200.000000
v 0.229749 0.596184 0.370162 200.000000 200.000000 200.000000
v -0.001450 0.305384 0.346215 200.000000 200.000000 200.000000
v -0.066438 0.285897 0.218445 200.000000 200.000000 200.000000
v 0.229745 0.374724 0.187675 200.000000 200.000000 200.000000
v 0.055913 -0.511447 0.075529 200.000000 200.000000 200.000000
v -0.004242 0.904840 0.157658 200.000000 200.000000 200.000000
v -0.077444 0.062525 0.121652 200.000000 200.000000 200.000000
v -0.017942 0.259845 0.048531 200.000000 200.000000 200.000000
v 0.213500 0.576958 0.198620 200.000000 200.000000 200.000000
v 0.019378 -0.983549 0.034171 200.000000 200.000000 200.000000
v 0.008501 -0.373197 0.436293 200.000000 200.000000 200.000000
v -0.342947 0.530253 -0.534494 200.000000 200.000000 200.000000
v -0.057417 0.740407 0.201039 200.000000 200.000000 200.000000
v 0.014509 -0.254612 0.006887 200.000000 200.000000 200.000000
v 0.101187 0.090432 0.405887 200.000000 200.000000 200.000000
v 0.263498 0.241186 0.570719 200.000000 200.000000 200.000000
v 0.077405 -0.399066 0.218946 200.000000 200.000000 200.000000
v -0.033137 -0.263128 -0.004378 200.000000 200.000000 200.000000
v 0.083611 -0.670365 0.381532 200.000000 200.000000 200.000000
v 0.224935 0.372425 0.172435 200.000000 200.000000 200.000000
v 0.108051 -0.217642 0.192139 200.000000 200.000000 200.000000
v 0.106567 -0.992581 0.161338 200.000000 200.000000 200.000000
v -0.132627 -0.423402 0.147392 200.000000 200.000000 200.000000
v 0.144674 -0.981197 0.174359 200.000000 200.000000 200.000000
v -0.012912 -0.881099 0.156521 200.000000 200.000000 200.000000
v -0.068954 0.901455 0.195184 200.000000 200.000000 200.000000
v 0.164429 0.673240 0.190287 200.000000 200.000000 200.000000
v -0.019571 0.076042 0.312998 200.000000 200.000000 200.000000
v 0.062176 0.341022 0.022153 200.000000 200.000000 200.000000
v 0.064147 0.798095 0.150816 200.000000 200.000000 200.000000
v 0.381486 0.350523 0.619015 200.000000 200.000000 200.000000
v -0.094287 0.587667 -0.164868 200.000000 200.000000 200.000000
v 0.186444 0.881727 0.231748 200.000000 200.000000 200.000000
v -0.036862 -0.568408 -0.016870 200.000000 200.000000 200.000000
v 0.270848 0.513848 0.463094 200.000000 200.000000 200.000000
v 0.161284 0.553933 0.061225 200.000000 200.000000 200.000000
v 0.182208 0.888372 0.279879 200.000000 200.000000 200.000000
v 0.189886 0.041505 0.321371 200.000000 200.000000 200.000000
v 0.099373 -0.033714 0.387940 200.000000 200.000000 200.000000
v -0.154092 -0.212708 0.132083 200.000000 200.000000 200.000000
v 0.117608 -0.952740 0.162475 200.000000 200.000000 200.000000
v 0.035225 -0.519288 0.115025 200.000000 200.000000 200.000000
v -0.035199 0.255626 0.284608 200.000000 200.000000 200.000000
v -0.114058 -0.049042 0.086132 200.000000 200.000000 200.000000
v 0.222169 0.397482 0.472119 200.000000 200.000000 200.000000
v -0.054559 -0.998779 0.061252 200.000000 200.000000 200.000000
v -0.329120 0.460080 -0.602481 200.000000 200.000000 200.000000
v 0.184180 0.330112 0.109329 200.000000 200.000000 200.000000
v -0.025132 -0.980012 0.151357 200.000000 200.000000 200.000000
v 0.122003 -0.471957 0.277603 200.000000 200.000000 200.000000
v 0.207495 -0.017696 0.167054 200.000000 200.000000 200.000000
v 0.064650 0.966360 0.325365 200.000000 200.000000 200.000000
v 0.012009 0.390615 0.371240 200.000000 200.000000 200.000000
v 0.158620 -0.825776 0.274425 200.000000 200.000000 200.000000
v -0.016680 -0.686873 0.408249 200.000000 200.000000 200.000000
v 0.065760 0.599971 -0.020519 200.000000 200.000000 200.000000
v 0.157212 0.665689 0.316768 200.000000 200.000000 200.000000
v 0.019091 0.663052 0.063890 200.000000 200.000000 200.000000
v -0.057130 -0.637749 -0.001903 200.000000 200.000000 200.000000
v 0.054304 0.655282 0.329217 200.000000 200.000000 200.000000
v -0.022330 0.905347 0.172797 200.000000 200.000000 200.000000
v -0.011079 0.808676 0.299830 200.000000 200.000000 200.000000
v 0.093046 -0.526128 0.244046 200.000000 200.000000 200.000000
v 0.190307 0.156439 0.313426 200.000000 200.000000 200.000000
v -0.030314 0.008102 0.013796 200.000000 200.000000 200.000000
v -0.014295 0.486297 -0.030379 200.000000 200.000000 200.000000
v 0.045442 -0.552564 0.420415 200.000000 200.000000 200.000000
v -0.062670 0.174216 0.112220 200.000000 200.000000 200.000000
v 0.051957 -0.744847 0.224823 200.000000 200.000000 200.000000
v 0.222817 0.324985 0.329522 200.000000 200.000000 200.000000
v 0.149283 0.361929 0.403672 200.000000 200.000000 200.000000
v -0.152253 -0.613075 0.065264 200.000000 200.000000 200.000000
v -0.010389 0.243305 0.033540 200.000000 200.000000 200.000000
v 0.281144 0.428848 0.469266 200.000000 200.000000 200.000000
v -0.062772 0.311812 0.188909 200.000000 200.000000 200.000000
v -0.106394 -0.413496 0.009396 200.000000 200.000000 200.000000
v 0.012503 0.477389 -0.065610 200.000000 200.000000 200.000000
v 0.074439 -0.717814 0.228070 200.000000 200.000000 200.000000
v -0.001611 -0.465823 0.139329 200.000000 200.000000 200.000000
v 0.065091 -0.313346 0.210340 200.000000 200.000000 200.000000
v 0.232473 0.208530 0.322366 200.000000 200.000000 200.000000
v 0.153429 -0.963013 0.263488 200.000000 200.000000 200.000000
v 0.013142 0.566247 -0.100711 200.000000 200.000000 200.000000
v -0.068539 -0.071130 0.244342 200.000000 200.000000 200.000000
v 0.037997 -0.891715 0.179680 200.000000 200.000000 200.000000
v 0.110896 -0.201392 0.146076 200.000000 200.000000 200.000000
v 0.010911 0.071167 0.324293 200.000000 200.000000 200.000000
v 0.026952 -0.848926 0.044748 200.000000 200.000000 200.000000
v 0.363925 0.312903 0.578912 200.000000 200.000000 200.000000
v -0.061928 0.277716 0.131519 200.000000 200.000000 200.000000
v -0.043460 0.140908 0.049759 200.000000 200.000000 200.000000
v -0.079630 -0.183265 0.321382 200.000000 200.000000 200.000000
v -0.047028 0.602975 -0.058489 200.000000 200.000000 200.000000
v -0.220019 0.547222 -0.458435 200.000000 200.000000 200.000000
v -0.037742 -0.732814 0.381962 200.000000 200.000000 200.000000
v -0.134834 -0.533585 0.124266 200.000000 200.000000 200.000000
v 0.224193 0.172593 0.495978 200.000000 200.000000 200.000000
v 0.156686 0.433304 0.066826 200.000000 200.000000 200.000000
v -0.042003 -0.145376 0.401204 200.000000 200.000000 200.000000
v -0.009907 -0.034503 0.357100 200.000000 200.000000 200.000000
v -0.023200 0.964928 0.259581 200.000000 200.000000 200.000000
v 0.236296 0.368801 0.351632 200.000000 200.000000 200.000000
v -0.009871 0.574642 0.190904 200.000000 200.000000 200.000000
v -0.065194 0.593153 -0.060831 200.000000 200.000000 200.000000
v -0.110922 -0.718778 0.117315 200.000000 200.000000 200.000000
v -0.087475 -0.581719 0.009189 200.000000 200.000000 200.000000
v -0.015174 0.557819 0.190335 200.000000 200.000000 200.000000
v -0.072720 -0.103200 0.279568 200.000000 200.000000 200.000000
v 0.003949 0.860633 0.140201 200.000000 200.000000 200.000000
v -0.020826 -0.976200 0.039382 200.000000 200.000000 200.000000
v 0.075570 -0.573613 0.271469 200.000000 200.000000 200.000000
v 0.038081 0.510526 -0.077666 200.000000 200.000000 200.000000
v -0.253679 0.535069 -0.530283 200.000000 200.000000 200.000000
v 0.011343 0.848709 0.336730 200.000000 200.000000 200.000000
v 0.013011 -0.758801 0.388118 200.000000 200.000000 200.000000
v 0.103701 -0.225244 0.124589 200.000000 200.000000 200.000000
v 0.023437 -0.912422 0.264015 200.000000 200.000000 200.000000
v 0.035006 -0.724353 0.222611 200.000000 200.000000 200.000000
v 0.191343 0.098316 0.110120 200.000000 200.000000 200.000000
v 0.147295 0.611854 0.444811 200.000000 200.000000 200.000000
v 0.071422 -0.263927 0.015533 200.000000 200.000000 200.000000
v 0.050483 0.993602 0.244460 200.000000 200.000000 200.000000
v 0.056175 -0.686992 0.080319 200.000000 200.000000 200.000000
v 0.145080 0.797689 0.200319 200.000000 200.000000 200.000000
v -0.158744 0.493331 -0.280704 200.000000 200.000000 200.000000
v -0.053699 0.912421 0.211165 200.000000 200.000000 200.000000
v -0.124304 -0.284795 0.010770 200.000000 200.000000 200.000000
v 0.006548 -0.731126 0.398506 200.000000 200.000000 200.000000
v -0.067093 -0.665373 0.318682 200.000000 200.000000 200.000000
v -0.057780 0.860406 0.246664 200.000000 200.000000 200.000000
v 0.225172 0.405560 0.175417 200.000000 200.000000 200.000000
v 0.206209 0.057572 0.307775 200.000000 200.000000 200.000000
v 0.164111 0.498449 0.064645 200.000000 200.000000 200.000000
v -0.100488 -0.167368 0.200498 200.000000 200.000000 200.000000
v -0.031765 0.427495 0.064153 200.000000 200.000000 200.000000
v 0.243158 0.405137 0.256120 200.000000 200.000000 200.000000
v 0.125265 0.924214 0.356024 200.000000 200.000000 200.000000
v -0.027907 0.791834 0.165627 200.000000 200.000000 200.000000
v 0.184346 0.070077 0.085027 200.000000 200.000000 200.000000
v -0.039599 -0.522985 0.423920 200.000000 200.000000 200.000000
v 0.254071 0.432256 0.385891 200.000000 200.000000 200.000000
v -0.038496 -0.453475 0.163909 200.000000 200.000000 200.000000
v -0.050285 -0.846557 0.072152 200.000000 200.000000 200.000000
v -0.075331 -0.982449 0.041984 200.000000 200.000000 200.000000
v 0.044587 0.984280 0.280785 200.000000 200.000000 200.000000
v 0.010440 0.369680 0.022149 200.000000 200.000000 200.000000
v -0.192037 0.570296 -0.369237 200.000000 200.000000 200.000000
v -0.024830 -0.570015 0.172218 200.000000 200.000000 200.000000
v -0.078399 -0.553968 0.386299 200.000000 200.000000 200.000000
v -0.067695 -0.594276 -0.006730 200.000000 200.000000 200.000000
v -0.356542 0.529607 -0.575579 200.000000 200.000000 200.000000
v 0.260921 0.043269 0.287807 200.000000 200.000000 200.000000
v 0.204500 0.109718 0.216464 200.000000 200.000000 200.000000
v 0.088466 -0.557332 0.258975 200.000000 200.000000 200.000000
v -0.036177 0.438567 0.266131 200.000000 200.000000 200.000000
v 0.036842 -0.509535 0.241962 200.000000 200.000000 200.000000
v 0.207089 0.225669 0.369426 200.000000 200.000000 200.000000
v -0.084179 0.033679 0.183586 200.000000 200.000000 200.000000
v 0.008627 0.622614 0.132718 200.000000 200.000000 200.000000
v -0.023043 0.954598 0.174409 200.000000 200.000000 200.000000
v 0.017880 0.678605 0.209644 200.000000 200.000000 200.000000
v 0.219843 0.425257 0.405484 200.000000 200.000000 200.000000
v 0.209066 0.143054 0.177621 200.000000 200.000000 200.000000
v -0.049112 0.904552 0.223837 200.000000 200.000000 200.000000
v 0.102329 0.465666 0.022451 200.000000 200.000000 200.000000
v 0.085907 -0.992909 0.403283 200.000000 200.000000 200.000000
v 0.079016 0.699981 0.161908 200.000000 200.000000 200.000000
v -0.050802 0.253725 0.094826 200.000000 200.000000 200.000000
v 0.102672 0.529218 0.423990 200.000000 200.000000 200.000000
v 0.022995 -0.868725 0.180017 200.000000 200.000000 200.000000
v -0.057001 -0.883755 0.140321 200.000000 200.000000 200.000000
v 0.031358 0.969182 0.295695 200.000000 200.000000 200.000000
v 0.282465 0.384199 0.512268 200.000000 200.000000 200.000000
v -0.053139 -0.205848 0.212759 200.000000 200.000000 200.000000
v -0.043335 0.434209 0.243389 200.000000 200.000000 200.000000
v -0.007644 0.150306 0.025987 200.000000 200.000000 200.000000
v 0.180991 0.140696 0.125930 200.000000 200.000000 200.000000
v -0.050121 0.455556 0.167787 200.000000 200.000000 200.000000
v 0.106329 -0.721101 0.231819 200.000000 200.000000 200.000000
v 0.090795 0.256027 0.022218 200.000000 200.000000 200.000000
v -0.034964 -0.303345 0.185362 200.000000 200.000000 200.000000
v 0.138898 0.149839 0.354221 200.000000 200.000000 200.000000
v 0.002342 0.032946 0.347768 200.000000 200.000000 200.000000
v 0.092174 -0.543753 0.242645 200.000000 200.000000 200.000000
v -0.005344 -0.284245 0.187025 200.000000 200.000000 200.000000
v 0.161241 0.130684 0.078041 200.000000 200.000000 200.000000
v 0.067867 -0.189468 0.006587 200.000000 200.000000 200.000000
v 0.204219 0.612741 0.431376 200.000000 200.000000 200.000000
v 0.054920 0.941999 0.351628 200.000000 200.000000 200.000000
v -0.082520 -0.990037 0.013618 200.000000 200.000000 200.000000
v 0.178492 -0.065235 0.157788 200.000000 200.000000 200.000000
v 0.228670 0.308056 0.388694 200.000000 200.000000 200.000000
v -0.131953 -0.217708 0.158511 200.000000 200.000000 200.000000
v 0.204072 0.177529 0.316693 200.000000 200.000000 200.000000
v 0.166593 0.837915 0.306753 200.000000 200.000000 200.000000
v -0.008838 -0.886429 0.159212 200.000000 200.000000 200.000000
v -0.146159 -0.223956 0.024048 200.000000 200.000000 200.000000
v 0.046150 0.799694 0.331795 200.000000 200.000000 200.000000
v -0.349518 0.498659 -0.562330 200.000000 200.000000 200.000000
v -0.011164 0.386974 0.348802 200.000000 200.000000 200.000000
v 0.006959 0.567140 0.274517 200.000000 200.000000 200.000000
v -0.031535 -0.354553 0.437257 200.000000 200.000000 200.000000
v 0.015765 0.824635 0.330667 200.000000 200.000000 200.000000
v -0.070477 0.188020 0.206670 200.000000 200.000000 200.000000
v -0.014152 -0.800803 0.252629 200.000000 200.000000 200.000000
v 0.098955 -0.870763 0.143824 200.000000 200.000000 200.000000
v -0.058845 -0.055468 0.013953 200.000000 200.000000 200.000000
v 0.051884 0.047853 0.366060 200.000000 200.000000 200.000000
v 0.131887 0.814780 0.153230 200.000000 200.000000 200.000000
v 0.161754 -0.931219 0.194473 200.000000 200.000000 200.000000
v 0.030198 -0.904602 0.220481 200.000000 200.000000 200.000000
v -0.032587 -0.668384 0.257086 200.000000 200.000000 200.000000
v -0.272945 0.548963 -0.520532 200.000000 200.000000 200.000000
v 0.182224 0.870724 0.265103 200.000000 200.000000 200.000000
v -0.000232 0.211356 0.025034 200.000000 200.000000 200.000000
v 0.133786 -0.680626 0.310158 200.000000 200.000000 200.000000
v 0.084227 -0.307674 0.202708 200.000000 200.000000 200.000000
v 0.229533 0.275437 0.234742 200.000000 200.000000 200.000000
v -0.075177 -0.293234 0.292248 200.000000 200.000000 200.000000
v 0.064914 0.246796 0.356784 200.000000 200.000000 200.000000
v 0.142341 -0.882979 0.210254 200.000000 200.000000 200.000000
v -0.079784 -0.089408 0.225921 200.000000 200.000000 200.000000
v 0.173831 0.644054 0.386397 200.000000 200.000000 200.000000
v -0.000549 -0.150842 -0.007607 200.000000 200.000000 200.000000
v 0.010363 0.908959 0.344326 200.000000 200.000000 200.000000
v 0.057429 0.081811 0.388831 200.000000 200.000000 200.000000
v -0.074778 -0.229005 0.270723 200.000000 200.000000 200.000000
v 0.113078 -0.156527 0.049492 200.000000 200.000000 200.000000
v -0.309955 0.470259 -0.590914 200.000000 200.000000 200.000000
v -0.286909 0.547878 -0.527964 200.000000 200.000000 200.000000
v 0.080111 -0.568168 0.330980 200.000000 200.000000 200.000000
v 0.048405 -0.872381 0.048775 200.000000 200.000000 200.000000
v 0.006529 -0.284814 0.185386 200.000000 200.000000 200.000000
v -0.072623 -0.301757 0.180674 200.000000 200.000000 200.000000
v -0.065739 0.281687 0.216599 200.000000 200.000000 200.000000
v 0.049671 -0.743850 0.225904 200.000000 200.000000 200.000000
v -0.044821 0.517147 -0.171796 200.000000 200.000000 200.000000
v -0.014283 0.531668 -0.131830 200.000000 200.000000 200.000000
v -0.088525 -0.462059 0.368914 200.000000 200.000000 200.000000
v -0.106741 0.562784 -0.126284 200.000000 200.000000 200.000000
v 0.013485 -0.561804 0.073279 200.000000 200.000000 200.000000
v -0.054898 0.381320 0.141404 200.000000 200.000000 200.000000
v 0.002332 -0.035775 -0.002831 200.000000 200.000000 200.000000
v -0.030912 -0.802859 0.358353 200.000000 200.000000 200.000000
v -0.064219 0.292435 0.175805 200.000000 200.000000 200.000000
v 0.059976 0.747693 0.304083 200.000000 200.000000 200.000000
v -0.050746 0.425737 0.141707 200.000000 200.000000 200.000000
v -0.074424 -0.435778 0.419812 200.000000 200.000000 200.000000
v -0.039723 0.501068 -0.054936 200.000000 200.000000 200.000000
v -0.096860 0.586790 -0.152785 200.000000 200.000000 200.000000
v 0.022947 -0.790870 0.229329 200.000000 200.000000 200.000000
v -0.059248 -0.953092 0.079410 200.000000 200.000000 200.000000
v 0.234003 0.181804 0.298736 200.000000 200.000000 200.000000
v 0.000357 0.202021 0.024609 200.000000 200.000000 200.000000
v -0.356653 0.526304 -0.576180 200.000000 200.000000 200.000000
v 0.043413 -0.602892 0.050167 200.000000 200.000000 200.000000
v -0.062225 0.312311 0.152691 200.000000 200.000000 200.000000
v -0.047346 0.080863 0.038673 200.000000 200.000000 200.000000
v -0.122594 -0.715871 0.072562 200.000000 200.000000 200.000000
v 0.015231 0.291092 0.024356 200.000000 200.000000 200.000000
v 0.199113 0.185573 0.325309 200.000000 200.000000 200.000000
v -0.125711 0.581856 -0.233281 200.000000 200.000000 200.000000
v 0.117511 0.945455 0.343673 200.000000 200.000000 200.000000
v 0.152976 -0.998874 0.264364 200.000000 200.000000 200.000000
v -0.072745 -0.227659 0.178987 200.000000 200.000000 200.000000
v 0.017886 -0.192337 0.429310 200.000000 200.000000 200.000000
v 0.036374 -0.625665 0.413307 200.000000 200.000000 200.000000
v -0.108137 -0.636546 0.038288 200.000000 200.000000 200.000000
v -0.174550 -0.341501 0.068979 200.000000 200.000000 200.000000
v -0.061800 0.323026 0.143096 200.000000 200.000000 200.000000
v -0.205706 0.566773 -0.375529 200.000000 200.000000 200.000000
v 0.123977 -0.088598 0.037477 200.000000 200.000000 200.000000
v 0.197567 0.249884 0.154804 200.000000 200.000000 200.000000
v 0.055535 -0.383135 0.083799 200.000000 200.000000 200.000000
v 0.129629 -0.052581 0.034049 200.000000 200.000000 200.000000
v -0.036692 -0.226123 0.193440 200.000000 200.000000 200.000000
v 0.033965 0.639071 -0.009787 200.000000 200.000000 200.000000
v 0.081533 -0.548684 0.333659 200.000000 200.000000 200.000000
v 0.232538 0.347280 0.393053 200.000000 200.000000 200.000000
v 0.095147 -0.348474 0.355193 200.000000 200.000000 200.000000
v 0.010850 -0.909065 0.300409 200.000000 200.000000 200.000000
v 0.172276 0.400363 0.415363 200.000000 200.000000 200.000000
v -0.072581 -0.297331 0.408534 200.000000 200.000000 200.000000
v -0.040329 -0.159795 0.409490 200.000000 200.000000 200.000000
v 0.249335 0.468068 0.312233 200.000000 200.000000 200.000000
v 0.032167 -0.327046 0.427880 200.000000 200.000000 200.000000
v 0.005999 -0.774012 0.162906 200.000000 200.000000 200.000000
v 0.250582 0.370726 0.376592 200.000000 200.000000 200.000000
v 0.192427 0.649524 0.321509 200.000000 200.000000 200.000000
v 0.009788 0.575937 0.292654 200.000000 200.000000 200.000000
v -0.086821 -0.561152 -0.000126 200.000000 200.000000 200.000000
v -0.073266 -0.949921 0.136462 200.000000 200.000000 200.000000
v 0.038745 -0.501864 0.055657 200.000000 200.000000 200.000000
v -0.230952 0.509414 -0.395098 200.000000 200.000000 200.000000
v -0.082969 0.568606 -0.228686 200.000000 200.000000 200.000000
v -0.087136 0.034098 0.130057 200.000000 200.000000 200.000000
v -0.098062 -0.798148 0.080515 200.000000 200.000000 200.000000
v 0.132378 0.267435 0.068526 200.000000 200.000000 200.000000
v 0.181028 -0.079547 0.316787 200.000000 200.000000 200.000000
v 0.070714 -0.328920 0.210332 200.000000 200.000000 200.000000
v -0.059812 -0.193823 0.387374 200.000000 200.000000 200.000000
v -0.031232 -0.639253 0.247372 200.000000 200.000000 200.000000
v -0.120001 -0.463464 0.155828 200.000000 200.000000 200.000000
v 0.011174 -0.677609 0.239200 200.000000 200.000000 200.000000
v 0.238221 0.511890 0.227437 200.000000 200.000000 200.000000
v 0.077974 0.397403 0.399491 200.000000 200.000000 200.000000
v 0.094517 -0.065432 0.009705 200.000000 200.000000 200.000000
v 0.181199 0.839432 0.242993 200.000000 200.000000 200.000000
v 0.191507 0.130003 0.318319 200.000000 200.000000 200.000000
v 0.016653 -0.089399 0.403316 200.000000 200.000000 200.000000
v -0.107800 0.582127 -0.245426 200.000000 200.000000 200.000000
v 0.148175 0.969823 0.241441 200.000000 200.000000 200.000000
v -0.082969 -0.430695 -0.018603 200.000000 200.000000 200.000000
v 0.141909 0.287837 0.377689 200.000000 200.000000 200.000000
v 0.024439 -0.024231 0.379507 200.000000 200.000000 200.000000
v 0.139243 -0.340667 0.310972 200.000000 200.000000 200.000000
v 0.067347 -0.713264 0.379801 200.000000 200.000000 200.000000
v -0.132209 -0.171199 0.153414 200.000000 200.000000 200.000000
v -0.088807 -0.430202 0.358351 200.000000 200.000000 200.000000
v 0.102367 -0.105893 0.396624 200.000000 200.000000 200.000000
v 0.031283 -0.829650 0.163346 200.000000 200.000000 200.000000
v -0.076605 0.123685 0.166556 200.000000 200.000000 200.000000
v -0.100308 -0.594205 0.141747 200.000000 200.000000 200.000000
v 0.068763 -0.941642 0.199926 200.000000 200.000000 200.000000
v -0.055112 0.856364 0.222290 200.000000 200.000000 200.000000
v 0.158219 0.601605 0.080359 200.000000 200.000000 200.000000
v -0.105485 -0.033906 0.084172 200.000000 200.000000 200.000000
v 0.136768 -0.999029 0.126687 200.000000 200.000000 200.000000
v 0.020382 0.549955 0.308564 200.000000 200.000000 200.000000
v 0.174331 0.904386 0.288006 200.000000 200.000000 200.000000
v 0.028587 -0.791091 0.158989 200.000000 200.000000 200.000000
v 0.177698 0.856122 0.217096 200.000000 200.000000 200.000000
v 0.153674 -0.926944 0.188265 200.000000 200.000000 200.000000
v 0.141215 -0.239798 0.216034 200.000000 200.000000 200.000000
v 0.117603 -0.167699 0.167176 200.000000 200.000000 200.000000
v 0.026959 -0.219317 0.426865 200.000000 200.000000 200.000000
v 0.085067 0.589716 0.351561 200.000000 200.000000 200.000000
v 0.146919 0.604082 0.453742 200.000000 200.000000 200.000000
v -0.031674 -0.586270 0.168628 200.000000 200.000000 200.000000
v 0.203882 0.314892 0.153623 200.000000 200.000000 200.000000
v 0.036750 -0.307706 0.426432 200.000000 200.000000 200.000000
v 0.069204 -0.253717 0.012620 200.000000 200.000000 200.000000
v 0.139659 0.625273 0.417399 200.000000 200.000000 200.000000
v 0.014430 -0.330747 0.171324 200.000000 200.000000 200.000000
v -0.067255 -0.180778 -0.002849 200.000000 200.000000 200.000000
v 0.079580 0.574556 0.377266 200.000000 200.000000 200.000000
v -0.024928 -0.837088 0.345269 200.000000 200.000000 200.000000
v 0.107799 -0.023365 0.015390 200.000000 200.000000 200.000000
v 0.069220 0.941658 0.143479 200.000000 200.000000 200.000000
v -0.130503 -0.734716 0.100654 200.000000 200.000000 200.000000
v 0.099472 -0.240663 0.392842 200.000000 200.000000 200.000000
v -0.166855 -0.484322 0.096535 200.000000 200.000000 200.000000
v -0.054265 0.419698 0.155854 200.000000 200.000000 200.000000
v 0.165974 0.681372 0.222293 200.000000 200.000000 200.000000
v 0.044355 -0.980412 0.161668 200.000000 200.000000 200.000000
v 0.249581 0.441059 0.376713 200.000000 200.000000 200.000000
v 0.174356 0.661246 0.305909 200.000000 200.000000 200.000000
v 0.113333 -0.903062 0.152117 200.000000 200.000000 200.000000
v -0.025257 0.606202 -0.097649 200.000000 200.000000 200.000000
v 0.073787 0.368804 0.386441 200.000000 200.000000 200.000000
v 0.004212 -0.521473 0.422764 200.000000 200.000000 200.000000
v 0.026669 0.106174 0.338954 200.000000 200.000000 200.000000
v 0.008078 0.617585 0.115789 200.000000 200.000000 200.000000
v 0.112015 0.285904 0.370918 200.000000 200.000000 200.000000
v 0.055505 0.087775 0.387802 200.000000 200.000000 200.000000
v -0.048492 -0.661314 0.272439 200.000000 200.000000 200.000000
v 0.080872 -0.383125 0.392250 200.000000 200.000000 200.000000
v -0.052808 0.436871 0.159397 200.000000 200.000000 200.000000
v -0.007231 0.573342 0.280371 200.000000 200.000000 200.000000
v -0.138918 -0.281822 0.131670 200.000000 200.000000 200.000000
v 0.345603 0.323309 0.631038 200.000000 200.000000 200.000000
v 0.101490 -0.079986 0.017245 200.000000 200.000000 200.000000
v -0.082504 -0.268423 0.284118 200.000000 200.000000 200.000000
v -0.111293 -0.771373 0.079636 200.000000 200.000000 200.000000
v -0.102867 0.515888 -0.273478 200.000000 200.000000 200.000000
v 0.067298 -0.279711 0.012775 200.000000 200.000000 200.000000
v 0.065788 0.700190 0.181320 200.000000 200.000000 200.000000
v 0.004301 0.413914 0.364830 200.000000 200.000000 200.000000
v 0.026118 -0.584072 0.128008 200.000000 200.000000 200.000000
v 0.227177 0.454965 0.188641 200.000000 200.000000 200.000000
v -0.004658 0.911531 0.332204 200.000000 200.000000 200.000000
v 0.043577 -0.395346 0.413668 200.000000 200.000000 200.000000
v -0.017723 -0.012830 0.331406 200.000000 200.000000 200.000000
v -0.017076 -0.247070 0.225397 200.000000 200.000000 200.000000
v -0.040871 -0.318587 0.181427 200.000000 200.000000 200.000000
v -0.068456 0.588969 -0.069355 200.000000 200.000000 200.000000
v 0.062511 -0.428117 0.041149 200.000000 200.000000 200.000000
v -0.015072 0.029186 0.332748 200.000000 200.000000 200.000000
v -0.030231 0.520720 0.039031 200.000000 200.000000 200.000000
v -0.098453 -0.184767 0.194855 200.000000 200.000000 200.000000
v 0.058910 -0.628652 0.231557 200.000000 200.000000 200.000000
v -0.008327 0.910764 0.328534 200.000000 200.000000 200.000000
v -0.002671 0.471686 -0.055933 200.000000 200.000000 200.000000
v -0.062301 -0.708529 0.021665 200.000000 200.000000 200.000000
v -0.042634 -0.057999 0.327539 200.000000 200.000000 200.000000
v -0.031666 0.578457 0.017987 200.000000 200.000000 200.000000
v 0.120356 0.113238 0.460767 200.000000 200.000000 200.000000
v 0.184516 0.095635 0.096213 200.000000 200.000000 200.000000
v 0.108813 -0.862479 0.199869 200.000000 200.000000 200.000000
v -0.010561 -0.120119 0.421319 200.000000 200.000000 200.000000
v 0.001780 -0.491785 0.429978 200.000000 200.000000 200.000000
v 0.087768 0.795015 0.161431 200.000000 200.000000 200.000000
v -0.359778 0.511243 -0.565856 200.000000 200.000000 200.000000
v -0.113970 -0.222953 0.165210 200.000000 200.000000 200.000000
v 0.192703 0.111164 0.118878 200.000000 200.000000 200.000000
v -0.038163 0.385143 0.284222 200.000000 200.000000 200.000000
v -0.054898 -0.124988 0.362583 200.000000 200.000000 200.000000
v -0.061414 -0.972450 0.067857 200.000000 200.000000 200.000000
v 0.151778 0.632583 0.416107 200.000000 200.000000 200.000000
v 0.120290 0.615630 0.373660 200.000000 200.000000 200.000000
v 0.069860 -0.957936 0.346046 200.000000 200.000000 200.000000
v -0.012789 0.510754 0.282103 200.000000 200.000000 200.000000
v 0.155098 -0.950333 0.275033 200.000000 200.000000 200.000000
v 0.138377 -0.888833 0.194830 200.000000 200.000000 200.000000
v 0.092917 -0.931058 0.191032 200.000000 200.000000 200.000000
v -0.101383 -0.511572 0.004671 200.000000 200.000000 200.000000
v -0.340831 0.546519 -0.585826 200.000000 200.000000 200.000000
v 0.237074 0.508352 0.373529 200.000000 200.000000 200.000000
v 0.270978 0.371391 0.544388 200.000000 200.000000 200.000000
v 0.014585 0.101920 0.318899 200.000000 200.000000 200.000000
v 0.042886 -0.422227 0.029994 200.000000 200.000000 200.000000
v -0.019247 -0.389597 0.434847 200.000000 200.000000 200.000000
v 0.200345 0.609000 0.444462 200.000000 200.000000 200.000000
v -0.013929 -0.484771 0.429681 200.000000 200.000000 200.000000
v 0.004079 -0.322907 0.011043 200.000000 200.000000 200.000000
v 0.102863 -0.808180 0.216400 200.000000 200.000000 200.000000
v -0.022845 -0.072315 0.387500 200.000000 200.000000 200.000000
v 0.009931 0.405336 0.370846 200.000000 200.000000 200.000000
v -0.007831 0.585334 0.168316 200.000000 200.000000 200.000000
v 0.226351 0.244990 0.209683 200.000000 200.000000 200.000000
v 0.103746 -0.842112 0.204929 200.000000 200.000000 200.000000
v 0.058572 -0.094671 -0.001248 200.000000 200.000000 200.000000
v -0.038845 -0.818932 0.159289 200.000000 200.000000 200.000000
v 0.033357 -0.388686 0.423248 200.000000 200.000000 200.000000
v 0.008884 -0.158182 0.425692 200.000000 200.000000 200.000000
v -0.011121 0.397948 0.033454 200.000000 200.000000 200.000000
v 0.037772 -0.430714 0.414231 200.000000 200.000000 200.000000
v 0.023483 0.024362 -0.005254 200.000000 200.000000 200.000000
v -0.097651 -0.999246 0.015167 200.000000 200.000000 200.000000
v -0.043119 0.572590 -0.009217 200.000000 200.000000 200.000000
v 0.086174 0.085562 0.398408 200.000000 200.000000 200.000000
v 0.208166 0.241520 0.524461 200.000000 200.000000 200.000000
v -0.022260 -0.997617 0.096259 200.000000 200.000000 200.000000
v 0.056000 0.316273 0.375318 200.000000 200.000000 200.000000
v 0.176604 0.591436 0.096450 200.000000 200.000000 200.000000
v -0.134198 -0.310221 0.018639 200.000000 200.000000 200.000000
v 0.141275 0.217018 0.066406 200.000000 200.000000 200.000000
v -0.054824 -0.073816 0.333501 200.000000 200.000000 200.000000
v -0.017641 -0.433123 0.020810 200.000000 200.000000 200.000000
v 0.259510 0.499995 0.530564 200.000000 200.000000 200.000000
v -0.023768 -0.366784 0.437073 200.000000 200.000000 200.000000
v 0.278013 0.367038 0.570008 200.000000 200.000000 200.000000
v 0.176317 0.155664 0.496097 200.000000 200.000000 200.000000
v 0.164114 0.696495 0.220865 200.000000 200.000000 200.000000
v 0.067575 0.584161 -0.021478 200.000000 200.000000 200.000000
v 0.209080 0.103867 0.227357 200.000000 200.000000 200.000000
v -0.081184 -0.482421 0.162049 200.000000 200.000000 200.000000
v -0.033492 -0.996301 0.107917 200.000000 200.000000 200.000000
v -0.050526 0.445117 0.156696 200.000000 200.000000 200.000000
v 0.035264 0.578116 0.312600 200.000000 200.000000 200.000000
v -0.055602 0.434807 0.187767 200.000000 200.000000 200.000000
v 0.033489 -0.320487 0.227530 200.000000 200.000000 200.000000
v -0.046781 -0.559247 0.170706 200.000000 200.000000 200.000000
v 0.164130 0.244825 0.105227 200.000000 200.000000 200.000000
v 0.203368 0.185530 0.325961 200.000000 200.000000 200.000000
v 0.104871 0.626421 0.331430 200.000000 200.000000 200.000000
v -0.045228 0.863105 0.267472 200.000000 200.000000 200.000000
v -0.055687 -0.384344 0.431304 200.000000 200.000000 200.000000
v 0.126761 0.254182 0.065498 200.000000 200.000000 200.000000
v -0.052004 0.431910 0.150736 200.000000 200.000000 200.000000
v 0.076183 0.823945 0.355698 200.000000 200.000000 200.000000
v -0.082296 -0.988213 0.021759 200.000000 200.000000 200.000000
v 0.027183 -0.593841 0.119987 200.000000 200.000000 200.000000
v 0.047604 0.415898 0.388719 200.000000 200.000000 200.000000
v 0.131958 -0.820902 0.324149 200.000000 200.000000 200.000000
v -0.018562 0.540411 0.220750 200.000000 200.000000 200.000000
v 0.153438 -0.993274 0.171490 200.000000 200.000000 200.000000
v 0.210149 0.536373 0.143854 200.000000 200.000000 200.000000
v 0.169528 0.828554 0.295420 200.000000 200.000000 200.000000
v 0.260645 0.313950 0.580546 200.000000 200.000000 200.000000
v 0.008260 -0.273875 0.226945 200.000000 200.000000 200.000000
v 0.027050 -0.499599 0.427464 200.000000 200.000000 200.000000
v -0.043044 0.568083 -0.164254 200.000000 200.000000 200.000000
v 0.014707 0.817155 0.348319 200.000000 200.000000 200.000000
v 0.201595 0.410720 0.479494 200.000000 200.000000 200.000000
v 0.004890 -0.325235 0.240650 200.000000 200.000000 200.000000
v 0.014205 -0.925861 0.270250 200.000000 200.000000 200.000000
v -0.069074 -0.349880 0.423486 200.000000 200.000000 200.000000
v -0.088112 -0.523125 0.375839 200.000000 200.000000 200.000000
v 0.198198 -0.007843 0.145344 200.000000 200.000000 200.000000
v 0.187217 0.238798 0.381483 200.000000 200.000000 200.000000
v 0.041329 -0.995175 0.420411 200.000000 200.000000 200.000000
v 0.038892 0.557930 0.325883 200.000000 200.000000 200.000000
v 0.058087 -0.855202 0.331303 200.000000 200.000000 200.000000
v 0.264805 0.520874 0.463799 200.000000 200.000000 200.000000
v -0.012444 -0.849494 0.172265 200.000000 200.000000 200.000000
v -0.105468 0.498901 -0.206526 200.000000 200.000000 200.000000
v 0.072624 -0.959095 0.067910 200.000000 200.000000 200.000000
v 0.100707 0.752522 0.192645 200.000000 200.000000 200.000000
v 0.218508 0.048033 0.308226 200.000000 200.000000 200.000000
v 0.058476 -0.286676 0.007951 200.000000 200.000000 200.000000
v -0.126046 -0.341139 0.016841 200.000000 200.000000 200.000000
v -0.013551 -0.507156 0.132339 200.000000 200.000000 200.000000
v -0.032566 0.555950 -0.158130 200.000000 200.000000 200.000000
v 0.219854 0.003597 0.278893 200.000000 200.000000 200.000000
v 0.313390 0.318787 0.534927 200.000000 200.000000 200.000000
v 0.054948 -0.222037 0.001772 200.000000 200.000000 200.000000
v -0.166709 -0.200602 0.072466 200.000000 200.000000 200.000000
v -0.036865 0.828057 0.281444 200.000000 200.000000 200.000000
v 0.015540 -0.410711 0.020935 200.000000 200.000000 200.000000
v 0.005609 0.122684 0.013985 200.000000 200.000000 200.000000
v -0.054391 -0.890120 0.142307 200.000000 200.000000 200.000000
v 0.169574 -0.932515 0.231227 200.000000 200.000000 200.000000
v 0.102011 -0.758754 0.234096 200.000000 200.000000 200.000000
v 0.118243 -0.998941 0.123685 200.000000 200.000000 200.000000
v 0.132276 -0.383148 0.246094 200.000000 200.000000 200.000000
v 0.194687 -0.101855 0.208360 200.000000 200.000000 200.000000
v 0.042465 0.626508 0.325202 200.000000 200.000000 200.000000
v 0.171024 0.269741 0.121764 200.000000 200.000000 200.000000
v 0.127532 0.160725 0.361611 200.000000 200.000000 200.000000
v -0.030670 -0.185956 0.422179 200.000000 200.000000 200.000000
v -0.068433 -0.079172 0.259830 200.000000 200.000000 200.000000
v -0.161225 0.495477 -0.269076 200.000000 200.000000 200.000000
v 0.085399 -0.828967 0.207529 200.000000 200.000000 200.000000
v 0.119628 0.174833 0.028143 200.000000 200.000000 200.000000
v -0.069384 0.593353 -0.117838 200.000000 200.000000 200.000000
v 0.099838 -0.311584 0.204100 200.000000 200.000000 200.000000
v 0.128446 -0.802318 0.237978 200.000000 200.000000 200.000000
v 0.115643 -0.877317 0.306251 200.000000 200.000000 200.000000
v 0.107900 0.219202 0.368865 200.000000 200.000000 200.000000
v 0.170295 0.809734 0.267347 200.000000 200.000000 200.000000
v -0.048061 -0.050000 0.005710 200.000000 200.000000 200.000000
v 0.131853 -0.903444 0.187726 200.000000 200.000000 200.000000
v 0.187046 0.073657 0.098143 200.000000 200.000000 200.000000
v 0.038938 -0.843193 0.349465 200.000000 200.000000 200.000000
v 0.085738 -0.603530 0.388797 200.000000 200.000000 200.000000
v -0.064726 -0.268597 0.257023 200.000000 200.000000 200.000000
v 0.110034 -0.020686 0.016594 200.000000 200.000000 200.000000
v -0.136886 0.576835 -0.304440 200.000000 200.000000 200.000000
v -0.102998 -0.718889 0.121843 200.000000 200.000000 200.000000
v 0.252489 0.479985 0.293512 200.000000 200.000000 200.000000
v 0.162770 -0.063068 0.082406 200.000000 200.000000 200.000000
v -0.106842 -0.413273 0.160868 200.000000 200.000000 200.000000
v 0.169247 0.879462 0.305058 200.000000 200.000000 200.000000
v 0.087082 -0.356358 0.376107 200.000000 200.000000 200.000000
v 0.095600 -0.858383 0.075739 200.000000 200.000000 200.000000
v -0.055044 -0.485362 0.297771 200.000000 200.000000 200.000000
v 0.239562 0.218592 0.333082 200.000000 200.000000 200.000000
v -0.003814 0.636034 0.216784 200.000000 200.000000 200.000000
v -0.036506 0.963706 0.194781 200.000000 200.000000 200.000000
v -0.065448 -0.019986 0.234302 200.000000 200.000000 200.000000
v -0.095465 -0.137954 0.211803 200.000000 200.000000 200.000000
v 0.126345 0.861981 0.158266 200.000000 200.000000 200.000000
v 0.063436 -0.873914 0.171546 200.000000 200.000000 200.000000
v 0.150244 -0.090338 0.080440 200.000000 200.000000 200.000000
v -0.028912 0.880805 0.313724 200.000000 200.000000 200.000000
v 0.075119 -0.898232 0.315971 200.000000 200.000000 200.000000
v 0.016985 -0.737365 0.229220 200.000000 200.000000 200.000000
v 0.020927 0.443751 0.017101 200.000000 200.000000 200.000000
v -0.027660 0.967895 0.228216 200.000000 200.000000 200.000000
v -0.058519 -0.617554 0.297388 200.000000 200.000000 200.000000
v 0.208217 0.348616 0.391136 200.000000 200.000000 200.000000
v 0.084275 -0.815587 0.089979 200.000000 200.000000 200.000000
v 0.056871 -0.743878 0.054924 200.000000 200.000000 200.000000
v 0.209190 0.226260 0.270537 200.000000 200.000000 200.000000
v 0.104978 -0.950609 0.166736 200.000000 200.000000 200.000000
v 0.211435 0.501614 0.140125 200.000000 200.000000 200.000000
v 0.070998 -0.237914 0.012518 200.000000 200.000000 200.000000
v 0.212125 0.220261 0.255697 200.000000 200.000000 200.000000
v 0.185262 0.074789 0.329900 200.000000 200.000000 200.000000
v 0.163530 -0.915794 0.282135 200.000000 200.000000 200.000000
v 0.196435 -0.053958 0.299158 200.000000 200.000000 200.000000
v 0.309204 0.472650 0.532293 200.000000 200.000000 200.000000
v 0.144926 0.524818 0.048240 200.000000 200.000000 200.000000
v 0.017243 -0.936229 0.327847 200.000000 200.000000 200.000000
v -0.064773 -0.544632 -0.017849 200.000000 200.000000 200.000000
v 0.106985 -0.497579 0.295398 200.000000 200.000000 200.000000
v 0.183215 0.236094 0.381636 200.000000 200.000000 200.000000
v 0.163622 0.812757 0.298728 200.000000 200.000000 200.000000
v -0.292688 0.541258 -0.479188 200.000000 200.000000 200.000000
v -0.156633 -0.565436 0.061690 200.000000 200.000000 200.000000
v 0.074585 -0.798575 0.078526 200.000000 200.000000 200.000000
v 0.116185 -0.939456 0.181365 200.000000 200.000000 200.000000
v -0.018416 -0.301906 0.186924 200.000000 200.000000 200.000000
v -0.074479 -0.002486 0.187404 200.000000 200.000000 200.000000
v -0.033883 0.866042 0.282592 200.000000 200.000000 200.000000
v -0.087295 -0.785735 0.120606 200.000000 200.000000 200.000000
v -0.119396 -0.491924 0.013920 200.000000 200.000000 200.000000
v -0.138372 -0.380713 0.147242 200.000000 200.000000 200.000000
v 0.120194 -0.401854 0.318262 200.000000 200.000000 200.000000
v 0.037408 -0.675782 0.403081 200.000000 200.000000 200.000000
v -0.043552 0.707414 0.184354 200.000000 200.000000 200.000000
v 0.181911 0.409320 0.502270 200.000000 200.000000 200.000000
v -0.148929 0.498247 -0.290991 200.000000 200.000000 200.000000
v 0.308307 0.401814 0.600508 200.000000 200.000000 200.000000
v -0.148503 -0.417466 0.034480 200.000000 200.000000 200.000000
v -0.081542 0.054204 0.158821 200.000000 200.000000 200.000000
v 0.095547 -0.664558 0.244193 200.000000 200.000000 200.000000
v 0.163540 0.871003 0.324507 200.000000 200.000000 200.000000
v 0.032400 -0.921185 0.045542 200.000000 200.000000 200.000000
v 0.049195 -0.901779 0.203732 200.000000 200.000000 200.000000
v 0.191623 0.646567 0.341094 200.000000 200.000000 200.000000
v 0.053521 0.075226 0.388649 200.000000 200.000000 200.000000
v 0.064947 -0.197969 0.005438 200.000000 200.000000 200.000000
v -0.057695 0.590005 -0.045919 200.000000 200.000000 200.000000
v 0.240657 0.252889 0.372076 200.000000 200.000000 200.000000
v 0.021750 0.580726 -0.083700 200.000000 200.000000 200.000000
v 0.070870 -0.908206 0.056116 200.000000 200.000000 200.000000
v 0.028107 -0.840321 0.218937 200.000000 200.000000 200.000000
v 0.018156 -0.518393 0.052880 200.000000 200.000000 200.000000
v 0.132804 -0.358657 0.323072 200.000000 200.000000 200.000000
v -0.331366 0.471756 -0.585374 200.000000 200.000000 200.000000
v -0.030601 0.496020 -0.050660 200.000000 200.000000 200.000000
v 0.077373 0.609190 0.320326 200.000000 200.000000 200.000000
v -0.113047 -0.079339 0.058890 200.000000 200.000000 200.000000
v 0.223679 0.603221 0.277687 200.000000 200.000000 200.000000
v 0.066745 0.683816 0.158355 200.000000 200.000000 200.000000
v 0.170067 -0.994044 0.252085 200.000000 200.000000 200.000000
v 0.032430 -0.225341 0.426492 200.000000 200.000000 200.000000
v 0.150568 -0.862740 0.232386 200.000000 200.000000 200.000000
v -0.267019 0.513888 -0.490348 200.000000 200.000000 200.000000
v -0.074301 -0.211518 0.353578 200.000000 200.000000 200.000000
v 0.047871 -0.522771 0.071501 200.000000 200.000000 200.000000
v 0.052628 -0.999176 0.409508 200.000000 200.000000 200.000000
v 0.195105 0.105767 0.317202 200.000000 200.000000 200.000000
v 0.120954 0.836489 0.350524 200.000000 200.000000 200.000000
v 0.295207 0.236889 0.526431 200.000000 200.000000 200.000000
v 0.361563 0.309230 0.578959 200.000000 200.000000 200.000000
v 0.228698 0.024124 0.208687 200.000000 200.000000 200.000000
v -0.168656 -0.523220 0.086952 200.000000 200.000000 200.000000
v 0.086250 0.665737 0.328609 200.000000 200.000000 200.000000
v -0.040975 0.508999 -0.146958 200.000000 200.000000 200.000000
v 0.178635 -0.188012 0.250299 200.000000 200.000000 200.000000
v 0.082011 0.426104 0.404684 200.000000 200.000000 200.000000
v 0.002026 -0.267943 0.006372 200.000000 200.000000 200.000000
v 0.007537 0.820347 0.142608 200.000000 200.000000 200.000000
v -0.236694 0.555263 -0.461322 200.000000 200.000000 200.000000
v 0.039866 -0.979190 0.054215 200.000000 200.000000 200.000000
v -0.004272 0.605267 0.102644 200.000000 200.000000 200.000000
v 0.064174 -0.862982 0.325067 200.000000 200.000000 200.000000
v -0.183137 0.565128 -0.290380 200.000000 200.000000 200.000000
v -0.049188 -0.919959 0.057350 200.000000 200.000000 200.000000
v -0.066027 -0.239815 0.392705 200.000000 200.000000 200.000000
v 0.169143 0.458817 0.499919 200.000000 200.000000 200.000000
v 0.203382 -0.107564 0.246182 200.000000 200.000000 200.000000
v -0.036671 0.440978 0.262906 200.000000 200.000000 200.000000
v 0.039096 -0.241161 0.184780 200.000000 200.000000 200.000000
v 0.148912 -0.267128 0.311882 200.000000 200.000000 200.000000
v -0.034295 0.288519 0.068885 200.000000 200.000000 200.000000
v 0.058362 -0.463421 0.402460 200.000000 200.000000 200.000000
v 0.244486 0.318348 0.356620 200.000000 200.000000 200.000000
v -0.142639 -0.124560 0.101772 200.000000 200.000000 200.000000
v -0.086033 0.508503 -0.136469 200.000000 200.000000 200.000000
v -0.066322 0.258343 0.184009 200.000000 200.000000 200.000000
v -0.071693 -0.023751 0.198436 200.000000 200.000000 200.000000
v 0.154431 0.231481 0.087009 200.000000 200.000000 200.000000
v 0.248690 0.458281 0.307902 200.000000 200.000000 200.000000
v 0.250993 0.303663 0.566050 200.000000 200.000000 200.000000
v 0.206846 0.636959 0.327227 200.000000 200.000000 200.000000
v 0.088624 -0.272265 0.084069 200.000000 200.000000 200.000000
v -0.036954 0.244722 0.278563 200.000000 200.000000 200.000000
v 0.064806 -0.255258 0.415015 200.000000 200.000000 200.000000
v 0.252039 0.231642 0.495211 200.000000 200.000000 200.000000
v 0.267690 0.445092 0.565206 200.000000 200.000000 200.000000
v 0.129426 0.467995 0.040093 200.000000 200.000000 200.000000
v 0.055557 0.630166 0.341573 200.000000 200.000000 200.000000
v 0.187002 -0.012152 0.317655 200.000000 200.000000 200.000000
v 0.163289 0.126066 0.354071 200.000000 200.000000 200.000000
v -0.097427 -0.408017 0.369514 200.000000 200.000000 200.000000
v 0.219373 0.275298 0.176995 200.000000 200.000000 200.000000
v -0.090640 -0.367303 0.329952 200.000000 200.000000 200.000000
v -0.145793 -0.177600 0.133839 200.000000 200.000000 200.000000
v 0.114740 0.760923 0.309137 200.000000 200.000000 200.000000
v 0.124305 -0.933468 0.119418 200.000000 200.000000 200.000000
v 0.226699 0.443427 0.184987 200.000000 200.000000 200.000000
v -0.080834 -0.239266 0.300188 200.000000 200.000000 200.000000
v 0.207645 0.543595 0.139928 200.000000 200.000000 200.000000
v -0.005207 -0.904421 0.325074 200.000000 200.000000 200.000000
v 0.070433 0.257912 0.017216 200.000000 200.000000 200.000000
v 0.212737 0.161617 0.203239 200.000000 200.000000 200.000000
v -0.068594 -0.983807 0.088591 200.000000 200.000000 200.000000
v -0.028787 0.462972 0.052381 200.000000 200.000000 200.000000
v -0.110003 -0.680384 0.130570 200.000000 200.000000 200.000000
v 0.184495 0.866007 0.237543 200.000000 200.000000 200.000000
v 0.074025 0.406754 0.399315 200.000000 200.000000 200.000000
v 0.075584 0.470295 0.010001 200.000000 200.000000 200.000000
v 0.101373 -0.617228 0.337603 200.000000 200.000000 200.000000
v 0.249619 0.476657 0.262381 200.000000 200.000000 200.000000
v 0.149782 -0.315269 0.272424 200.000000 200.000000 200.000000
v 0.163941 0.650048 0.368411 200.000000 200.000000 200.000000
v 0.214637 0.192674 0.231568 200.000000 200.000000 200.000000
v 0.177996 0.424517 0.513336 200.000000 200.000000 200.000000
v -0.262360 0.555154 -0.485331 200.000000 200.000000 200.000000
v 0.015518 -0.895343 0.265134 200.000000 200.000000 200.000000
v -0.090450 -0.420212 0.391789 200.000000 200.000000 200.000000
v 0.007458 -0.788632 0.231701 200.000000 200.000000 200.000000
v -0.027301 -0.478647 0.019656 200.000000 200.000000 200.000000
v 0.072554 0.479814 0.004377 200.000000 200.000000 200.000000
v -0.064079 0.276520 0.200163 200.000000 200.000000 200.000000
v 0.157616 -0.825479 0.268218 200.000000 200.000000 200.000000
v 0.120858 0.108236 0.459422 200.000000 200.000000 200.000000
v 0.248829 0.375316 0.385272 200.000000 200.000000 200.000000
v 0.101174 -0.315282 0.361623 200.000000 200.000000 200.000000
v -0.008822 -0.572904 0.001858 200.000000 200.000000 200.000000
v -0.077694 -0.247919 0.273857 200.000000 200.000000 200.000000
v -0.325008 0.496430 -0.604350 200.000000 200.000000 200.000000
v 0.215011 0.186510 0.297055 200.000000 200.000000 200.000000
v -0.101717 -0.029446 0.092514 200.000000 200.000000 200.000000
v 0.125235 0.680512 0.323699 200.000000 200.000000 200.000000
v 0.351025 0.395286 0.539013 200.000000 200.000000 200.000000
v 0.100797 0.571136 0.417531 200.000000 200.000000 200.000000
v 0.209789 -0.038696 0.278510 200.000000 200.000000 200.000000
v -0.096204 0.552933 -0.251175 200.000000 200.000000 200.000000
v -0.027243 0.145227 0.285290 200.000000 200.000000 200.000000
v 0.163930 0.956222 0.214004 200.000000 200.000000 200.000000
v 0.015695 0.656662 0.270185 200.000000 200.000000 200.000000
v -0.030372 -0.681001 0.401485 200.000000 200.000000 200.000000
v -0.024922 -0.342709 -0.007749 200.000000 200.000000 200.000000
v 0.191014 -0.082817 0.187502 200.000000 200.000000 200.000000
v 0.272578 0.502921 0.448976 200.000000 200.000000 200.000000
v 0.253337 0.216427 0.550927 200.000000 200.000000 200.000000
v 0.097073 0.522509 0.008076 200.000000 200.000000 200.000000
v 0.007141 0.606207 0.310429 200.000000 200.000000 200.000000
v 0.010025 0.481613 -0.049740 200.000000 200.000000 200.000000
v -0.025233 0.484962 -0.053959 200.000000 200.000000 200.000000
v 0.293792 0.304907 0.525923 200.000000 200.000000 200.000000
v 0.026112 -0.692830 0.155761 200.000000 200.000000 200.000000
v 0.219826 0.225094 0.237570 200.000000 200.000000 200.000000
v -0.063452 0.556817 -0.034453 200.000000 200.000000 200.000000
v 0.219079 0.145503 0.275301 200.000000 200.000000 200.000000
v 0.146972 0.780622 0.289865 200.000000 200.000000 200.000000
v 0.166090 0.703539 0.245091 200.000000 200.000000 200.000000
v -0.014287 -0.282647 0.236777 200.000000 200.000000 200.000000
v 0.009614 0.465734 0.012496 200.000000 200.000000 200.000000
v 0.192746 0.356872 0.389037 200.000000 200.000000 200.000000
v 0.042430 0.613243 0.281220 200.000000 200.000000 200.000000
v 0.052794 -0.166931 0.416406 200.000000 200.000000 200.000000
v 0.011820 -0.784257 0.161527 200.000000 200.000000 200.000000
v 0.070475 -0.999280 0.324708 200.000000 200.000000 200.000000
v -0.136846 -0.408431 0.149704 200.000000 200.000000 200.000000
v 0.149496 0.968868 0.241237 200.000000 200.000000 200.000000
v 0.212431 0.034810 0.309075 200.000000 200.000000 200.000000
v -0.041510 -0.196701 0.419171 200.000000 200.000000 200.000000
v -0.051460 0.377166 0.127345 200.000000 200.000000 200.000000
v 0.172980 -0.915868 0.258372 200.000000 200.000000 200.000000
v 0.081371 -0.547095 0.334971 200.000000 200.000000 200.000000
v -0.012506 0.244128 0.037735 200.000000 200.000000 200.000000
v -0.152213 -0.343824 0.131300 200.000000 200.000000 200.000000
v 0.043303 0.935855 0.134939 200.000000 200.000000 200.000000
v -0.001902 0.448840 0.345345 200.000000 200.000000 200.000000
v 0.276072 0.337008 0.555715 200.000000 200.000000 200.000000
v 0.061526 0.948596 0.145439 200.000000 200.000000 200.000000
v 0.092445 0.115200 0.426659 200.000000 200.000000 200.000000
v 0.222921 0.534375 0.184901 200.000000 200.000000 200.000000
v 0.228786 0.191574 0.306902 200.000000 200.000000 200.000000
v -0.186611 0.505437 -0.385812 200.000000 200.000000 200.000000
v -0.064553 -0.068039 0.313963 200.000000 200.000000 200.000000
v 0.059974 -0.339258 0.136592 200.000000 200.000000 200.000000
v -0.036330 0.402776 0.082826 200.000000 200.000000 200.000000
v -0.254540 0.556430 -0.472352 200.000000 200.000000 200.000000
v 0.300850 0.318188 0.532732 200.000000 200.000000 200.000000
v -0.137226 -0.217104 0.017870 200.000000 200.000000 200.000000
v 0.263151 0.118014 0.273509 200.000000 200.000000 200.000000
v -0.058007 -0.929626 0.081286 200.000000 200.000000 200.000000
v 0.061910 0.729476 0.185083 200.000000 200.000000 200.000000
v 0.042844 -0.311913 0.424980 200.000000 200.000000 200.000000
v -0.053547 -0.521927 -0.018942 200.000000 200.000000 200.000000
v -0.040294 0.493236 0.156486 200.000000 200.000000 200.000000
v 0.213234 0.227979 0.181598 200.000000 200.000000 200.000000
v 0.017594 -0.092384 0.408754 200.000000 200.000000 200.000000
v 0.091716 -0.744047 0.223350 200.000000 200.000000 200.000000
v 0.072635 0.500155 -0.015543 200.000000 200.000000 200.000000
v -0.045526 -0.440169 0.290753 200.000000 200.000000 200.000000
v -0.064309 0.548345 -0.053567 200.000000 200.000000 200.000000
v 0.265451 0.085441 0.270600 200.000000 200.000000 200.000000
v -0.096994 -0.870757 0.113027 200.000000 200.000000 200.000000
v 0.032685 0.660606 0.092085 200.000000 200.000000 200.000000
v 0.136786 0.919016 0.347383 200.000000 200.000000 200.000000
v -0.088105 -0.323578 0.354539 200.000000 200.000000 200.000000
v -0.079963 -0.765429 0.128967 200.000000 200.000000 200.000000
v 0.115738 -0.953847 0.163361 200.000000 200.000000 200.000000
v -0.065512 0.896733 0.249889 200.000000 200.000000 200.000000
v -0.090299 -0.007279 0.079333 200.000000 200.000000 200.000000
v 0.062818 -0.371016 0.413715 200.000000 200.000000 200.000000
v 0.242778 0.410786 0.468574 200.000000 200.000000 200.000000
v 0.145554 0.558674 0.047283 200.000000 200.000000 200.000000
v 0.318395 0.421956 0.594828 200.000000 200.000000 200.000000
v 0.144320 0.546874 0.470829 200.000000 200.000000 200.000000
v 0.153530 0.793382 0.221160 200.000000 200.000000 200.000000
v 0.151869 0.474574 0.472496 200.000000 200.000000 200.000000
v -0.226102 0.561152 -0.387079 200.000000 200.000000 200.000000
v -0.066851 0.031260 0.052670 200.000000 200.000000 200.000000
v -0.039263 0.545893 0.007403 200.000000 200.000000 200.000000
v 0.249296 0.522878 0.352677 200.000000 200.000000 200.000000
v -0.040319 0.384008 0.277247 200.000000 200.000000 200.000000
v 0.203387 0.183117 0.519050 200.000000 200.000000 200.000000
v -0.003499 -0.998722 0.070330 200.000000 200.000000 200.000000
v 0.028644 0.684704 0.284660 200.000000 200.000000 200.000000
v -0.034811 -0.558464 0.290559 200.000000 200.000000 200.000000
v -0.031629 0.616202 -0.047042 200.000000 200.000000 200.000000
v 0.030472 0.916014 0.150279 200.000000 200.000000 200.000000
v -0.043063 -0.703653 0.387375 200.000000 200.000000 200.000000
v 0.097888 0.706128 0.293253 200.000000 200.000000 200.000000
v 0.185049 0.182082 0.324983 200.000000 200.000000 200.000000
v -0.083524 -0.336725 0.167443 200.000000 200.000000 200.000000
v -0.066216 -0.692787 0.322299 200.000000 200.000000 200.000000
v -0.077806 0.084205 0.150093 200.000000 200.000000 200.000000
v -0.068876 0.124549 0.131942 200.000000 200.000000 200.000000
v 0.118898 0.736424 0.213432 200.000000 200.000000 200.000000
v -0.055578 0.379463 0.227239 200.000000 200.000000 200.000000
v 0.071283 0.977447 0.313863 200.000000 200.000000 200.000000
v 0.007723 -0.330929 0.241168 200.000000 200.000000 200.000000
v -0.173349 0.540001 -0.250230 200.000000 200.000000 200.000000
v -0.002685 0.491074 0.312105 200.000000 200.000000 200.000000
v -0.032022 0.111069 0.299222 200.000000 200.000000 200.000000
v -0.126152 -0.560185 0.039208 200.000000 200.000000 200.000000
v 0.071080 0.822421 0.353484 200.000000 200.000000 200.000000
v 0.077021 -0.537997 0.384290 200.000000 200.000000 200.000000
v 0.039692 0.959227 0.321101 200.000000 200.000000 200.000000
v -0.114227 -0.712477 0.068514 200.000000 200.000000 200.000000
v 0.157358 0.700615 0.252647 200.000000 200.000000 200.000000
v 0.124889 0.745148 0.212275 200.000000 200.000000 200.000000
v 0.040644 -0.667986 0.228468 200.000000 200.000000 200.000000
v 0.111884 -0.662200 0.354641 200.000000 200.000000 200.000000
v -0.000784 -0.450428 0.258967 200.000000 200.000000 200.000000
v 0.006865 -0.998556 0.115227 200.000000 200.000000 200.000000
v 0.156113 0.537876 0.481588 200.000000 200.000000 200.000000
v 0.192385 0.625691 0.187656 200.000000 200.000000 200.000000
v 0.094498 -0.981676 0.362859 200.000000 200.000000 200.000000
v 0.132960 0.452969 0.449400 200.000000 200.000000 200.000000
v 0.122964 -0.150449 0.064187 200.000000 200.000000 200.000000
v -0.080702 -0.247051 0.355891 200.000000 200.000000 200.000000
v -0.053199 0.827278 0.237547 200.000000 200.000000 200.000000
v 0.209158 0.531704 0.138965 200.000000 200.000000 200.000000
v -0.171465 -0.211465 0.085300 200.000000 200.000000 200.000000
v 0.297885 0.253450 0.579171 200.000000 200.000000 200.000000
v -0.005679 -0.118541 -0.009863 200.000000 200.000000 200.000000
v -0.024908 0.213542 0.314726 200.000000 200.000000 200.000000
v 0.139084 -0.288195 0.225181 200.000000 200.000000 200.000000
v 0.169261 0.073725 0.062085 200.000000 200.000000 200.000000
v 0.081048 -0.211633 0.021871 200.000000 200.000000 200.000000
v -0.117207 -0.666199 0.128488 200.000000 200.000000 200.000000
v -0.027330 0.778959 0.280282 200.000000 200.000000 200.000000
v -0.159077 -0.249650 0.038320 200.000000 200.000000 200.000000
v -0.062185 0.588150 -0.050061 200.000000 200.000000 200.000000
v -0.046434 -0.054117 0.004286 200.000000 200.000000 200.000000
v 0.148654 -0.287127 0.234307 200.000000 200.000000 200.000000
v 0.074783 -0.998683 0.292305 200.000000 200.000000 200.000000
v 0.115771 0.810684 0.163514 200.000000 200.000000 200.000000
v 0.056495 -0.731386 0.049080 200.000000 200.000000 200.000000
v -0.081665 0.568860 -0.225808 200.000000 200.000000 200.000000
v 0.165825 0.319867 0.384197 200.000000 200.000000 200.000000
v -0.070022 0.580862 -0.183369 200.000000 200.000000 200.000000
v 0.096601 -0.582675 0.287704 200.000000 200.000000 200.000000
v 0.113140 -0.680183 0.256941 200.000000 200.000000 200.000000
v -0.048086 0.524028 -0.034300 200.000000 200.000000 200.000000
v 0.060433 -0.630504 0.405644 200.000000 200.000000 200.000000
v -0.020298 -0.502667 0.134094 200.000000 200.000000 200.000000
v -0.197461 0.534914 -0.433764 200.000000 200.000000 200.000000
v -0.084828 0.016165 0.198285 200.000000 200.000000 200.000000
v -0.016130 -0.752053 0.169908 200.000000 200.000000 200.000000
v -0.024761 -0.513363 0.025823 200.000000 200.000000 200.000000
v 0.084988 0.395117 0.035129 200.000000 200.000000 200.000000
v -0.063024 0.888600 0.236392 200.000000 200.000000 200.000000
v 0.052414 -0.501610 0.240790 200.000000 200.000000 200.000000
v 0.223861 0.266739 0.250678 200.000000 200.000000 200.000000
v -0.092933 -0.015301 0.069471 200.000000 200.000000 200.000000
v 0.198044 0.646186 0.312154 200.000000 200.000000 200.000000
v -0.074310 -0.372029 -0.018821 200.000000 200.000000 200.000000
v 0.157270 -0.080082 0.349134 200.000000 200.000000 200.000000
v 0.001036 0.105704 0.314533 200.000000 200.000000 200.000000
v 0.209587 0.205606 0.290028 200.000000 200.000000 200.000000
v 0.192990 0.244603 0.149738 200.000000 200.000000 200.000000
v 0.221053 0.405361 0.469645 200.000000 200.000000 200.000000
v 0.308302 0.462559 0.477326 200.000000 200.000000 200.000000
v -0.385048 0.482082 -0.590002 200.000000 200.000000 200.000000
v 0.008921 0.470685 0.347001 200.000000 200.000000 200.000000
v -0.108155 -0.617745 0.140663 200.000000 200.000000 200.000000
v -0.173081 0.576432 -0.332749 200.000000 200.000000 200.000000
v 0.126036 0.464602 0.447937 200.000000 200.000000 200.000000
v 0.138867 -0.354017 0.303587 200.000000 200.000000 200.000000
v 0.036503 0.226618 0.350295 200.000000 200.000000 200.000000
v 0.003926 -0.380610 0.247566 200.000000 200.000000 200.000000
v -0.012207 -0.485572 0.125033 200.000000 200.000000 200.000000
v -0.067962 -0.819624 0.128776 200.000000 200.000000 200.000000
v -0.028758 -0.560761 0.281802 200.000000 200.000000 200.000000
v -0.050150 0.339378 0.116008 200.000000 200.000000 200.000000
v 0.082632 -0.978037 0.358972 200.000000 200.000000 200.000000
v 0.009507 -0.744734 0.231382 200.000000 200.000000 200.000000
v 0.259023 0.119944 0.268429 200.000000 200.000000 200.000000
v 0.115542 0.816578 0.168977 200.000000 200.000000 200.000000
v 0.061429 -0.526575 0.365577 200.000000 200.000000 200.000000
v 0.214969 0.542307 0.164220 200.000000 200.000000 200.000000
v 0.175667 0.670720 0.219193 200.000000 200.000000 200.000000
v 0.108598 -0.345330 0.213105 200.000000 200.000000 200.000000
v 0.030590 -0.328040 0.018500 200.000000 200.000000 200.000000
v -0.035685 0.542925 -0.167500 200.000000 200.000000 200.000000
v 0.122415 -0.735674 0.347758 200.000000 200.000000 200.000000
v 0.098585 -0.991116 0.391193 200.000000 200.000000 200.000000
v 0.034290 0.318994 0.366261 200.000000 200.000000 200.000000
v -0.014391 0.917353 0.173575 200.000000 200.000000 200.000000
v 0.079460 0.423303 0.402245 200.000000 200.000000 200.000000
v -0.114352 -0.710840 0.116066 200.000000 200.000000 200.000000
v -0.069445 0.542194 -0.070428 200.000000 200.000000 200.000000
v 0.068514 0.602151 -0.016859 200.000000 200.000000 200.000000
v 0.035553 -0.361092 0.232039 200.000000 200.000000 200.000000
v -0.034601 -0.801051 0.046556 200.000000 200.000000 200.000000
v 0.142513 0.259581 0.377062 200.000000 200.000000 200.000000
v -0.062665 -0.372467 0.313403 200.000000 200.000000 200.000000
v 0.291412 0.232763 0.525723 200.000000 200.000000 200.000000
v -0.146107 -0.208850 0.138482 200.000000 200.000000 200.000000
v 0.034984 -0.398650 0.026702 200.000000 200.000000 200.000000
v -0.021727 0.108173 0.301282 200.000000 200.000000 200.000000
v -0.034209 -0.516837 0.155926 200.000000 200.000000 200.000000
v 0.103329 0.048451 0.382666 200.000000 200.000000 200.000000
v 0.285541 0.375360 0.588229 200.000000 200.000000 200.000000
v -0.019682 0.521662 0.229408 200.000000 200.000000 200.000000
v 0.172287 0.062545 0.064316 200.000000 200.000000 200.000000
v 0.127348 0.851332 0.159253 200.000000 200.000000 200.000000
v 0.022454 -0.956279 0.338582 200.000000 200.000000 200.000000
v -0.047686 -0.787463 0.045158 200.000000 200.000000 200.000000
v -0.123920 -0.364081 0.150436 200.000000 200.000000 200.000000
v -0.053508 -0.752856 0.039514 200.000000 200.000000 200.000000
v 0.092192 -0.327212 0.204430 200.000000 200.000000 200.000000
v -0.027632 0.853226 0.287726 200.000000 200.000000 200.000000
v -0.043624 0.142727 0.050489 200.000000 200.000000 200.000000
v -0.027731 -0.378976 0.264862 200.000000 200.000000 200.000000
v -0.059639 -0.309532 -0.017350 200.000000 200.000000 200.000000
v -0.011872 0.734893 0.267818 200.000000 200.000000 200.000000
v -0.244086 0.537083 -0.516179 200.000000 200.000000 200.000000
v -0.032252 0.464750 0.250612 200.000000 200.000000 200.000000
v 0.194507 0.121730 0.318123 200.000000 200.000000 200.000000
v 0.184843 0.891474 0.230458 200.000000 200.000000 200.000000
v -0.004548 -0.998834 0.060555 200.000000 200.000000 200.000000
v 0.098248 -0.998601 0.303859 200.000000 200.000000 200.000000
v -0.094156 -0.815254 0.078162 200.000000 200.000000 200.000000
v -0.098745 -0.693883 0.049736 200.000000 200.000000 200.000000
v 0.112187 -0.926285 0.183258 200.000000 200.000000 200.000000
v -0.002921 0.107728 0.311277 200.000000 200.000000 200.000000
v -0.117260 -0.091347 0.051877 200.000000 200.000000 200.000000
v -0.021413 0.377327 0.332950 200.000000 200.000000 200.000000
v -0.131220 -0.091505 0.108062 200.000000 200.000000 200.000000
v 0.055862 -0.973200 0.063704 200.000000 200.000000 200.000000
v -0.068315 -0.731521 0.153341 200.000000 200.000000 200.000000
v -0.061813 0.510731 -0.190065 200.000000 200.000000 200.000000
v 0.063118 -0.732081 0.065290 200.000000 200.000000 200.000000
v -0.063200 0.177352 0.227663 200.000000 200.000000 200.000000
v 0.242989 0.008587 0.214972 200.000000 200.000000 200.000000
v 0.033413 0.983313 0.194182 200.000000 200.000000 200.000000
v 0.080612 0.091247 0.385389 200.000000 200.000000 200.000000
v -0.319253 0.484244 -0.613930 200.000000 200.000000 200.000000
v 0.024387 -0.073812 0.395100 200.000000 200.000000 200.000000
v -0.064300 0.097094 0.080976 200.000000 200.000000 200.000000
v -0.014604 0.514011 -0.112170 200.000000 200.000000 200.000000
v 0.019886 0.982152 0.270739 200.000000 200.000000 200.000000
v 0.183772 0.010216 0.327398 200.000000 200.000000 200.000000
v -0.056867 -0.807743 0.061842 200.000000 200.000000 200.000000
v 0.016870 -0.413045 0.145535 200.000000 200.000000 200.000000
v 0.032474 0.984606 0.198341 200.000000 200.000000 200.000000
v -0.092498 -0.067478 0.031730 200.000000 200.000000 200.000000
v -0.027539 -0.953412 0.154472 200.000000 200.000000 200.000000
v -0.086007 -0.404061 -0.015883 200.000000 200.000000 200.000000
v -0.014646 -0.839112 0.320825 200.000000 200.000000 200.000000
v 0.081791 -0.721983 0.370936 200.000000 200.000000 200.000000
v 0.188248 0.049445 0.095813 200.000000 200.000000 200.000000
v -0.078431 -0.867159 0.066864 200.000000 200.000000 200.000000
v -0.066847 -0.069026 0.262664 200.000000 200.000000 200.000000
v 0.208976 0.553974 0.158933 200.000000 200.000000 200.000000
v -0.060576 -0.039509 0.018655 200.000000 200.000000 200.000000
v -0.169257 -0.448713 0.053984 200.000000 200.000000 200.000000
v -0.130832 -0.179422 0.160233 200.000000 200.000000 200.000000
v 0.199527 0.089219 0.169199 200.000000 200.000000 200.000000
v -0.026511 0.850700 0.289347 200.000000 200.000000 200.000000
v -0.027250 -0.612340 0.417546 200.000000 200.000000 200.000000
v -0.029984 -0.268417 0.235125 200.000000 200.000000 200.000000
v 0.036310 -0.176180 0.421849 200.000000 200.000000 200.000000
v 0.137645 -0.755821 0.263106 200.000000 200.000000 200.000000
v 0.106218 -0.786967 0.345753 200.000000 200.000000 200.000000
v 0.179062 0.878747 0.205146 200.000000 200.000000 200.000000
v 0.084461 -0.545378 0.240487 200.000000 200.000000 200.000000
v 0.179299 0.440913 0.514716 200.000000 200.000000 200.000000
v 0.149661 0.168317 0.489468 200.000000 200.000000 200.000000
v -0.063824 0.886651 0.208703 200.000000 200.000000 200.000000
v 0.231242 0.418214 0.199347 200.000000 200.000000 200.000000
v 0.017621 -0.962115 0.296522 200.000000 200.000000 200.000000
v 0.060462 0.559391 -0.029817 200.000000 200.000000 200.000000
v 0.117778 0.966035 0.277473 200.000000 200.000000 200.000000
v 0.018596 0.900902 0.349711 200.000000 200.000000 200.000000
v 0.069162 -0.999775 0.364825 200.000000 200.000000 200.000000
v -0.064112 -0.144746 0.329228 200.000000 200.000000 200.000000
v 0.064601 0.749156 0.313448 200.000000 200.000000 200.000000
v 0.060755 -0.211123 0.417015 200.000000 200.000000 200.000000
v 0.056284 -0.035105 -0.007689 200.000000 200.000000 200.000000
v 0.107137 -0.156708 0.396777 200.000000 200.000000 200.000000
v 0.041434 0.127829 0.005087 200.000000 200.000000 200.000000
v 0.209991 0.076512 0.188678 200.000000 200.000000 200.000000
v -0.010143 0.138420 0.311360 200.000000 200.000000 200.000000
v 0.239162 0.187303 0.332766 200.000000 200.000000 200.000000
v 0.140206 -0.138709 0.143468 200.000000 200.000000 200.000000
v -0.102202 -0.840911 0.077316 200.000000 200.000000 200.000000
v 0.183474 -0.094645 0.187535 200.000000 200.000000 200.000000
v 0.073795 -0.001356 0.389779 200.000000 200.000000 200.000000
v 0.154494 -0.882573 0.236427 200.000000 200.000000 200.000000
v 0.229989 0.286318 0.242663 200.000000 200.000000 200.000000
v 0.214316 0.200331 0.192986 200.000000 200.000000 200.000000
v 0.094453 -0.385601 0.349849 200.000000 200.000000 200.000000
v -0.067336 0.106949 0.247255 200.000000 200.000000 200.000000
v -0.331662 0.533927 -0.522574 200.000000 200.000000 200.000000
v 0.140309 -0.981418 0.296823 200.000000 200.000000 200.000000
v 0.153721 0.785291 0.285963 200.000000 200.000000 200.000000
v 0.062496 0.647854 0.336844 200.000000 200.000000 200.000000
v -0.082392 -0.304284 0.336487 200.000000 200.000000 200.000000
v 0.160723 0.123893 0.432086 200.000000 200.000000 200.000000
v 0.187641 0.470855 0.509019 200.000000 200.000000 200.000000
v -0.121810 0.541314 -0.151492 200.000000 200.000000 200.000000
v 0.251628 0.274650 0.511911 200.000000 200.000000 200.000000
v 0.084742 -0.651181 0.239644 200.000000 200.000000 200.000000
v 0.096998 -0.827142 0.326943 200.000000 200.000000 200.000000
v 0.080422 0.816053 0.152625 200.000000 200.000000 200.000000
v 0.206641 0.217858 0.274788 200.000000 200.000000 200.000000
v 0.148604 0.863663 0.334225 200.000000 200.000000 200.000000
v -0.005875 -0.274920 0.431690 200.000000 200.000000 200.000000
v -0.124578 -0.546241 0.036065 200.000000 200.000000 200.000000
v 0.047551 0.312503 0.015246 200.000000 200.000000 200.000000
v 0.178188 0.108630 0.336217 200.000000 200.000000 200.000000
v -0.059304 -0.556358 0.320798 200.000000 200.000000 200.000000
v 0.094204 -0.279180 0.381983 200.000000 200.000000 200.000000
v -0.077610 0.104615 0.164366 200.000000 200.000000 200.000000
v 0.107447 0.505548 0.018406 200.000000 200.000000 200.000000
v -0.009913 -0.499298 0.264173 200.000000 200.000000 200.000000
v -0.051715 0.043454 0.283264 200.000000 200.000000 200.000000
v 0.000096 0.056738 0.327026 200.000000 200.000000 200.000000
v -0.360636 0.464575 -0.598182 200.000000 200.000000 200.000000
v 0.198726 -0.010773 0.148681 200.000000 200.000000 200.000000
v 0.069627 0.671114 0.100074 200.000000 200.000000 200.000000
v 0.202246 0.093513 0.185899 200.000000 200.000000 200.000000
v 0.216259 0.304271 0.171042 200.000000 200.000000 200.000000
v 0.215329 0.418365 0.398787 200.000000 200.000000 200.000000
v -0.048668 0.868006 0.192873 200.000000 200.000000 200.000000
v 0.192416 0.377107 0.112618 200.000000 200.000000 200.000000
v 0.036847 0.226271 0.350248 200.000000 200.000000 200.000000
v -0.110439 -0.562566 0.024976 200.000000 200.000000 200.000000
v 0.055375 -0.978704 0.218876 200.000000 200.000000 200.000000
v -0.342799 0.497581 -0.603988 200.000000 200.000000 200.000000
v 0.075303 0.389144 0.393500 200.000000 200.000000 200.000000
v -0.165844 -0.388514 0.120379 200.000000 200.000000 200.000000
v -0.037651 -0.767908 0.306570 200.000000 200.000000 200.000000
v -0.148714 -0.667447 0.079889 200.000000 200.000000 200.000000
v -0.060924 -0.101153 0.004226 200.000000 200.000000 200.000000
v -0.001035 0.579172 0.291375 200.000000 200.000000 200.000000
v 0.106640 -0.534097 0.273959 200.000000 200.000000 200.000000
v 0.070222 0.303014 0.017958 200.000000 200.000000 200.000000
v -0.058463 -0.355198 0.300708 200.000000 200.000000 200.000000
v -0.132317 -0.553214 0.120258 200.000000 200.000000 200.000000
v -0.006070 0.610029 -0.066973 200.000000 200.000000 200.000000
v 0.027683 0.602324 0.311354 200.000000 200.000000 200.000000
v -0.038186 -0.636282 -0.009598 200.000000 200.000000 200.000000
v 0.132320 0.975591 0.221537 200.000000 200.000000 200.000000
v 0.054392 0.358059 0.380068 200.000000 200.000000 200.000000
v 0.088900 -0.142941 0.404244 200.000000 200.000000 200.000000
v -0.008553 -0.508461 0.129662 200.000000 200.000000 200.000000
v 0.023602 -0.998839 0.082887 200.000000 200.000000 200.000000
v -0.014752 -0.858088 0.323995 200.000000 200.000000 200.000000
v 0.115748 0.955697 0.315332 200.000000 200.000000 200.000000
v 0.174885 0.352818 0.094033 200.000000 200.000000 200.000000
v 0.286304 0.403117 0.496222 200.000000 200.000000 200.000000
v 0.190369 0.056233 0.108003 200.000000 200.000000 200.000000
v 0.200561 0.184341 0.519530 200.000000 200.000000 200.000000
v -0.036982 0.421252 0.084278 200.000000 200.000000 200.000000
v 0.137349 0.822342 0.181565 200.000000 200.000000 200.000000
v 0.116143 -0.618816 0.305986 200.000000 200.000000 200.000000
v -0.104815 -0.106970 0.034946 200.000000 200.000000 200.000000
v 0.074381 0.443049 0.019783 200.000000 200.000000 200.000000
v 0.103746 0.852482 0.150016 200.000000 200.000000 200.000000
v 0.074529 -0.293202 0.030261 200.000000 200.000000 200.000000
v 0.043256 0.938153 0.353308 200.000000 200.000000 200.000000
v 0.219114 0.185345 0.210406 200.000000 200.000000 200.000000
v -0.128995 -0.698658 0.107178 200.000000 200.000000 200.000000
v 0.112438 0.343901 0.393397 200.000000 200.000000 200.000000
v -0.014218 -0.270267 0.188726 200.000000 200.000000 200.000000
v -0.000038 -0.183243 0.428356 200.000000 200.000000 200.000000
v 0.154858 -0.839561 0.251012 200.000000 200.000000 200.000000
v -0.001243 0.715259 0.167926 200.000000 200.000000 200.000000
v 0.133505 -0.825933 0.321187 200.000000 200.000000 200.000000
v -0.088326 -0.775069 0.120873 200.000000 200.000000 200.000000
v -0.112870 -0.714503 0.068317 200.000000 200.000000 200.000000
v -0.058752 -0.826868 0.073023 200.000000 200.000000 200.000000
v 0.074427 0.671008 0.098295 200.000000 200.000000 200.000000
v 0.113209 0.242009 0.368448 200.000000 200.000000 200.000000
v -0.045188 0.826849 0.200608 200.000000 200.000000 200.000000
v 0.135198 0.949893 0.281288 200.000000 200.000000 200.000000
v 0.146905 0.435556 0.057570 200.000000 200.000000 200.000000
v 0.135994 -0.703217 0.316006 200.000000 200.000000 200.000000
v 0.111766 -0.443544 0.306256 200.000000 200.000000 200.000000
v -0.162017 -0.304785 0.039677 200.000000 200.000000 200.000000
v 0.044446 0.814431 0.342343 200.000000 200.000000 200.000000
v -0.095613 -0.502518 0.002787 200.000000 200.000000 200.000000
v 0.170284 0.134966 0.446460 200.000000 200.000000 200.000000
v 0.242928 0.136190 0.292427 200.000000 200.000000 200.000000
v 0.196024 0.485696 0.097396 200.000000 200.000000 200.000000
v -0.169681 0.577043 -0.306039 200.000000 200.000000 200.000000
v 0.123842 0.224917 0.374308 200.000000 200.000000 200.000000
v 0.030012 0.653412 0.027594 200.000000 200.000000 200.000000
v -0.046744 -0.450979 0.165310 200.000000 200.000000 200.000000
v 0.028864 -0.157833 0.420123 200.000000 200.000000 200.000000
v -0.039453 0.060354 0.298289 200.000000 200.000000 200.000000
v -0.006561 -0.996916 0.407789 200.000000 200.000000 200.000000
v -0.140700 -0.610415 0.055507 200.000000 200.000000 200.000000
v 0.166274 -0.899772 0.242516 200.000000 200.000000 200.000000
v 0.191437 -0.011371 0.121207 200.000000 200.000000 200.000000
v 0.008458 -0.081363 -0.009083 200.000000 200.000000 200.000000
v 0.017048 -0.276118 0.429821 200.000000 200.000000 200.000000
v 0.030606 0.148337 0.338701 200.000000 200.000000 200.000000
v 0.049882 0.664920 0.162187 200.000000 200.000000 200.000000
v -0.075182 -0.585812 0.340571 200.000000 200.000000 200.000000
v -0.073662 -0.008077 0.048863 200.000000 200.000000 200.000000
v 0.205289 0.028838 0.144041 200.000000 200.000000 200.000000
v 0.201867 0.130284 0.228733 200.000000 200.000000 200.000000
v 0.003491 0.290502 0.024327 200.000000 200.000000 200.000000
v -0.139129 -0.614637 0.115907 200.000000 200.000000 200.000000
v 0.121885 -0.131545 0.052219 200.000000 200.000000 200.000000
v -0.020836 -0.830650 0.357788 200.000000 200.000000 200.000000
v -0.002272 -0.508981 0.034486 200.000000 200.000000 200.000000
v 0.068605 -0.999141 0.086400 200.000000 200.000000 200.000000
v 0.134747 0.762074 0.213545 200.000000 200.000000 200.000000
v 0.126030 0.067021 0.021992 200.000000 200.000000 200.000000
v 0.086026 -0.354488 0.379221 200.000000 200.000000 200.000000
v 0.133955 -0.059475 0.039805 200.000000 200.000000 200.000000
v -0.017677 -0.687892 0.252552 200.000000 200.000000 200.000000
v 0.009733 0.520278 -0.092186 200.000000 200.000000 200.000000
v 0.169566 0.306581 0.094398 200.000000 200.000000 200.000000
v 0.047886 -0.822266 0.352272 200.000000 200.000000 200.000000
v 0.236612 0.284482 0.343161 200.000000 200.000000 200.000000
v -0.068730 0.202661 0.205219 200.000000 200.000000 200.000000
v -0.072940 -0.561411 -0.009817 200.000000 200.000000 200.000000
v 0.156565 0.651865 0.133726 200.000000 200.000000 200.000000
v -0.085212 -0.300512 0.371569 200.000000 200.000000 200.000000
v 0.149106 0.348547 0.397221 200.000000 200.000000 200.000000
v -0.136533 -0.297792 0.018986 200.000000 200.000000 200.000000
v -0.086551 -0.826796 0.075674 200.000000 200.000000 200.000000
v -0.085592 -0.170021 0.271309 200.000000 200.000000 200.000000
v 0.003022 0.539022 -0.110386 200.000000 200.000000 200.000000
v -0.022806 -0.357559 -0.004215 200.000000 200.000000 200.000000
v 0.191080 0.389158 0.107896 200.000000 200.000000 200.000000
v 0.082793 0.639231 0.309020 200.000000 200.000000 200.000000
v -0.087090 0.558132 -0.239961 200.000000 200.000000 200.000000
v 0.000475 -0.279839 0.232236 200.000000 200.000000 200.000000
v -0.037309 -0.242109 0.196442 200.000000 200.000000 200.000000
v 0.233413 0.307754 0.341670 200.000000 200.000000 200.000000
v -0.068605 -0.767771 0.049278 200.000000 200.000000 200.000000
v 0.062134 -0.375240 0.413222 200.000000 200.000000 200.000000
v -0.147521 -0.576562 0.111831 200.000000 200.000000 200.000000
v 0.144760 0.220155 0.071654 200.000000 200.000000 200.000000
v 0.148909 0.665036 0.327031 200.000000 200.000000 200.000000
v 0.121440 0.851004 0.358242 200.000000 200.000000 200.000000
v 0.163477 0.652345 0.362579 200.000000 200.000000 200.000000
v 0.063560 -0.998509 0.143023 200.000000 200.000000 200.000000
v -0.075761 -0.052976 0.208818 200.000000 200.000000 200.000000
v -0.019704 0.517914 -0.129057 200.000000 200.000000 200.000000
v 0.004980 -0.067170 -0.007300 200.000000 200.000000 200.000000
v 0.121410 0.583354 0.445356 200.000000 200.000000 200.000000
v 0.016368 -0.804726 0.039231 200.000000 200.000000 200.000000
v 0.206539 0.402677 0.403936 200.000000 200.000000 200.000000
v -0.045008 0.528023 -0.014734 200.000000 200.000000 200.000000
v 0.006739 0.227084 0.332745 200.000000 200.000000 200.000000
v 0.162433 0.577594 0.474125 200.000000 200.000000 200.000000
v -0.138706 -0.602774 0.117509 200.000000 200.000000 200.000000
v 0.098746 -0.137094 0.026222 200.000000 200.000000 200.000000
v -0.011151 -0.838697 0.175054 200.000000 200.000000 200.000000
v 0.181841 0.186045 0.148565 200.000000 200.000000 200.000000
v 0.265775 0.510006 0.516405 200.000000 200.000000 200.000000
v -0.067491 -0.549795 -0.015918 200.000000 200.000000 200.000000
v 0.166091 0.404445 0.414040 200.000000 200.000000 200.000000
v 0.048753 -0.999519 0.343389 200.000000 200.000000 200.000000
v 0.167310 0.854112 0.308617 200.000000 200.000000 200.000000
v 0.131699 -0.196572 0.199027 200.000000 200.000000 200.000000
v 0.253435 0.086190 0.293757 200.000000 200.000000 200.000000
v 0.270992 0.448370 0.566267 200.000000 200.000000 200.000000
v -0.028358 -0.737538 0.170209 200.000000 200.000000 200.000000
v 0.183447 0.860729 0.242649 200.000000 200.000000 200.000000
v -0.056359 0.233321 0.254699 200.000000 200.000000 200.000000
v 0.181206 0.064684 0.334257 200.000000 200.000000 200.000000
v 0.016220 -0.782685 0.036169 200.000000 200.000000 200.000000
v 0.160215 -0.845793 0.271999 200.000000 200.000000 200.000000
v 0.045391 -0.412868 0.087725 200.000000 200.000000 200.000000
v 0.229636 0.593420 0.408484 200.000000 200.000000 200.000000
v 0.096874 -0.339874 0.356911 200.000000 200.000000 200.000000
v -0.166698 0.544329 -0.241902 200.000000 200.000000 200.000000
v -0.041110 -0.802212 0.162681 200.000000 200.000000 200.000000
v -0.135560 0.502295 -0.299791 200.000000 200.000000 200.000000
v 0.153666 0.921119 0.267722 200.000000 200.000000 200.000000
v 0.038946 -0.785057 0.226246 200.000000 200.000000 200.000000
v -0.073124 -0.593460 0.169857 200.000000 200.000000 200.000000
v -0.041929 -0.638705 0.171744 200.000000 200.000000 200.000000
v 0.206296 0.168605 0.227531 200.000000 200.000000 200.000000
v 0.091892 -0.832912 0.323961 200.000000 200.000000 200.000000
v 0.263256 0.090990 0.264167 200.000000 200.000000 200.000000
v 0.031888 -0.807324 0.045398 200.000000 200.000000 200.000000
v -0.086861 -0.504567 -0.003918 200.000000 200.000000 200.000000
v -0.255275 0.548479 -0.423405 200.000000 200.000000 200.000000
v -0.029640 -0.068577 0.359238 200.000000 200.000000 200.000000
v 0.111273 0.633215 0.354528 200.000000 200.000000 200.000000
v -0.012549 0.942906 0.145510 200.000000 200.000000 200.000000
v -0.079018 -0.272289 0.189273 200.000000 200.000000 200.000000
v 0.047223 0.716192 0.188423 200.000000 200.000000 200.000000
v 0.084062 0.643532 0.037004 200.000000 200.000000 200.000000
v -0.163625 0.566696 -0.356807 200.000000 200.000000 200.000000
v -0.070324 -0.832128 0.076447 200.000000 200.000000 200.000000
v 0.014691 -0.592161 0.011982 200.000000 200.000000 200.000000
v -0.088577 -0.854639 0.071624 200.000000 200.000000 200.000000
v -0.142027 -0.319175 0.141778 200.000000 200.000000 200.000000
v -0.064788 -0.397396 0.293710 200.000000 200.000000 200.000000
v 0.116142 -0.184899 0.070176 200.000000 200.000000 200.000000
v -0.164065 -0.225080 0.126688 200.000000 200.000000 200.000000
v 0.036683 -0.974964 0.240525 200.000000 200.000000 200.000000
v 0.299458 0.299147 0.609907 200.000000 200.000000 200.000000
v 0.021674 0.104560 0.347938 200.000000 200.000000 200.000000
v -0.011033 -0.348223 0.173116 200.000000 200.000000 200.000000
v 0.320034 0.257429 0.547557 200.000000 200.000000 200.000000
v 0.257312 0.534739 0.450338 200.000000 200.000000 200.000000
v 0.165492 0.134148 0.368464 200.000000 200.000000 200.000000
v -0.125915 0.553632 -0.160564 200.000000 200.000000 200.000000
v -0.055232 0.212746 0.090897 200.000000 200.000000 200.000000
v 0.205248 0.425384 0.121807 200.000000 200.000000 200.000000
v 0.022269 0.104703 0.327679 200.000000 200.000000 200.000000
v 0.110795 0.981262 0.208151 200.000000 200.000000 200.000000
v 0.108239 -0.997904 0.146150 200.000000 200.000000 200.000000
v -0.005208 0.380481 0.029834 200.000000 200.000000 200.000000
v -0.308707 0.489388 -0.621685 200.000000 200.000000 200.000000
v 0.044709 0.481847 0.379115 200.000000 200.000000 200.000000
v -0.080800 -0.180473 0.259761 200.000000 200.000000 200.000000
v -0.047583 -0.016564 0.276157 200.000000 200.000000 200.000000
v -0.073266 -0.547893 0.167000 200.000000 200.000000 200.000000
v 0.176212 0.194748 0.342813 200.000000 200.000000 200.000000
v 0.024009 -0.413697 0.026267 200.000000 200.000000 200.000000
v -0.007927 -0.886133 0.353862 200.000000 200.000000 200.000000
v 0.095244 0.933359 0.150856 200.000000 200.000000 200.000000
v 0.013058 -0.122837 0.427237 200.000000 200.000000 200.000000
v -0.144261 -0.389300 0.145556 200.000000 200.000000 200.000000
v 0.118533 0.620094 0.051222 200.000000 200.000000 200.000000
v -0.033255 0.472910 0.244190 200.000000 200.000000 200.000000
v 0.156017 0.215576 0.098512 200.000000 200.000000 200.000000
v 0.136762 0.032809 0.371464 200.000000 200.000000 200.000000
v 0.214562 0.246891 0.310581 200.000000 200.000000 200.000000
v 0.150461 -0.121085 0.177263 200.000000 200.000000 200.000000
v -0.091646 -0.358506 0.354911 200.000000 200.000000 200.000000
v 0.072069 -0.697296 0.380271 200.000000 200.000000 200.000000
v -0.015386 -0.269530 0.231200 200.000000 200.000000 200.000000
v -0.066468 -0.505191 0.156793 200.000000 200.000000 200.000000
v -0.046033 -0.592738 -0.017510 200.000000 200.000000 200.000000
v 0.229618 0.300824 0.257191 200.000000 200.000000 200.000000
v -0.089294 -0.984067 0.044352 200.000000 200.000000 200.000000
v -0.027655 0.451790 0.276360 200.000000 200.000000 200.000000
v -0.051015 0.077961 0.043271 200.000000 200.000000 200.000000
v -0.046045 0.080245 0.036709 200.000000 200.000000 200.000000
v -0.037998 0.953966 0.174980 200.000000 200.000000 200.000000
v -0.057392 -0.811315 0.135669 200.000000 200.000000 200.000000
v 0.071891 -0.754627 0.090469 200.000000 200.000000 200.000000
v -0.028339 0.723691 0.168182 200.000000 200.000000 200.000000
v -0.004655 0.706833 0.182130 200.000000 200.000000 200.000000
v 0.093549 -0.798155 0.112888 200.000000 200.000000 200.000000
v -0.025722 0.493912 0.265219 200.000000 200.000000 200.000000
v 0.130278 -0.668328 0.323579 200.000000 200.000000 200.000000
v -0.127273 -0.495786 0.150932 200.000000 200.000000 200.000000
v 0.259219 0.316123 0.555849 200.000000 200.000000 200.000000
v -0.137451 -0.109972 0.089206 200.000000 200.000000 200.000000
v 0.102752 -0.888433 0.144004 200.000000 200.000000 200.000000
v -0.041998 0.295166 0.284613 200.000000 200.000000 200.000000
v 0.265939 0.057146 0.258763 200.000000 200.000000 200.000000
v 0.138049 0.975125 0.232580 200.000000 200.000000 200.000000
v 0.094252 -0.550682 0.318525 200.000000 200.000000 200.000000
v 0.068739 0.659642 0.069479 200.000000 200.000000 200.000000
v 0.018870 -0.259877 0.186209 200.000000 200.000000 200.000000
v -0.001566 -0.569853 0.252626 200.000000 200.000000 200.000000
v 0.086893 0.995427 0.258275 200.000000 200.000000 200.000000
v 0.028822 -0.675886 0.236057 200.000000 200.000000 200.000000
v -0.036178 -0.418159 0.282287 200.000000 200.000000 200.000000
v -0.076976 0.024948 0.224666 200.000000 200.000000 200.000000
v 0.055117 -0.457383 0.408952 200.000000 200.000000 200.000000
v 0.214831 0.278164 0.281954 200.000000 200.000000 200.000000
v 0.009873 -0.528154 0.058490 200.000000 200.000000 200.000000
v -0.071233 0.020408 0.176672 200.000000 200.000000 200.000000
v -0.026455 -0.656836 -0.005617 200.000000 200.000000 200.000000
v 0.157840 -0.822772 0.296559 200.000000 200.000000 200.000000
v 0.211544 0.414868 0.410908 200.000000 200.000000 200.000000
v 0.083632 -0.234357 0.029770 200.000000 200.000000 200.000000
v 0.133613 -0.970505 0.304897 200.000000 200.000000 200.000000
v -0.129437 -0.317399 0.016751 200.000000 200.000000 200.000000
v 0.043775 -0.435128 0.032870 200.000000 200.000000 200.000000
v -0.067917 -0.153899 0.317935 200.000000 200.000000 200.000000
v -0.021400 -0.459362 0.154874 200.000000 200.000000 200.000000
v 0.136630 0.186476 0.359910 200.000000 200.000000 200.000000
v 0.167596 0.946501 0.232620 200.000000 200.000000 200.000000
v 0.040559 -0.395404 0.236029 200.000000 200.000000 200.000000
v 0.004181 -0.907038 0.312798 200.000000 200.000000 200.000000
v -0.050712 0.431092 0.144172 200.000000 200.000000 200.000000
v 0.002462 0.467055 0.339360 200.000000 200.000000 200.000000
v -0.001959 0.687077 0.256452 200.000000 200.000000 200.000000
v -0.072017 -0.485109 -0.020981 200.000000 200.000000 200.000000
v 0.052733 -0.752814 0.381465 200.000000 200.000000 200.000000
v 0.015366 -0.918079 0.171580 200.000000 200.000000 200.000000
v 0.177800 -0.176696 0.235951 200.000000 200.000000 200.000000
v -0.006956 0.425302 0.348668 200.000000 200.000000 200.000000
v 0.315682 0.325442 0.538529 200.000000 200.000000 200.000000
v 0.232687 0.354532 0.197088 200.000000 200.000000 200.000000
v 0.184204 0.003921 0.082375 200.000000 200.000000 200.000000
v 0.016618 -0.661724 0.411721 200.000000 200.000000 200.000000
v 0.175175 0.249273 0.133121 200.000000 200.000000 200.000000
v -0.056543 -0.380225 -0.011867 200.000000 200.000000 200.000000
v -0.002412 -0.459764 0.144104 200.000000 200.000000 200.000000
v 0.021431 -0.811734 0.227280 200.000000 200.000000 200.000000
v -0.082059 -0.815373 0.123151 200.000000 200.000000 200.000000
v -0.066292 -0.713991 0.156252 200.000000 200.000000 200.000000
v -0.056561 -0.490606 -0.004494 200.000000 200.000000 200.000000
v 0.178968 -0.172674 0.274915 200.000000 200.000000 200.000000
v 0.091627 0.710116 0.165085 200.000000 200.000000 200.000000
v 0.144310 0.351016 0.399615 200.000000 200.000000 200.000000
v 0.201417 0.576753 0.152392 200.000000 200.000000 200.000000
v 0.097641 -0.205810 0.050747 200.000000 200.000000 200.000000
v 0.133375 0.108838 0.421428 200.000000 200.000000 200.000000
v 0.109697 -0.987488 0.369586 200.000000 200.000000 200.000000
v 0.078190 -0.560797 0.237746 200.000000 200.000000 200.000000
v 0.003861 0.518215 0.299906 200.000000 200.000000 200.000000
v 0.121189 -0.880164 0.190508 200.000000 200.000000 200.000000
v -0.013249 0.956799 0.147695 200.000000 200.000000 200.000000
v 0.128191 -0.669005 0.287809 200.000000 200.000000 200.000000
v 0.032017 -0.022278 -0.002631 200.000000 200.000000 200.000000
v 0.088765 -0.234084 0.165030 200.000000 200.000000 200.000000
v 0.042804 0.974486 0.174182 200.000000 200.000000 200.000000
v -0.079122 0.083842 0.163162 200.000000 200.000000 200.000000
v 0.076242 0.971773 0.318539 200.000000 200.000000 200.000000
v 0.359243 0.304402 0.583120 200.000000 200.000000 200.000000
v 0.090050 -0.963008 0.326947 200.000000 200.000000 200.000000
v 0.163181 0.270828 0.101311 200.000000 200.000000 200.000000
v 0.246120 0.528024 0.259289 200.000000 200.000000 200.000000
v 0.162561 0.694295 0.209480 200.000000 200.000000 200.000000
v -0.171062 0.538195 -0.244311 200.000000 200.000000 200.000000
v 0.047344 -0.889765 0.051816 200.000000 200.000000 200.000000
v -0.079759 0.142885 0.178416 200.000000 200.000000 200.000000
v -0.111651 -0.466158 0.159472 200.000000 200.000000 200.000000
v -0.009249 -0.473510 0.027900 200.000000 200.000000 200.000000
v -0.051986 0.513713 -0.077906 200.000000 200.000000 200.000000
v 0.113668 0.671598 0.106233 200.000000 200.000000 200.000000
v -0.096281 -0.705620 0.134815 200.000000 200.000000 200.000000
v 0.008199 0.615882 0.122258 200.000000 200.000000 200.000000
v 0.138110 0.078895 0.029320 200.000000 200.000000 200.000000
v 0.262432 0.132823 0.277156 200.000000 200.000000 200.000000
v 0.012865 -0.999050 0.375861 200.000000 200.000000 200.000000
v 0.039866 -0.262141 0.004387 200.000000 200.000000 200.000000
v -0.077347 -0.175412 0.316205 200.000000 200.000000 200.000000
v -0.205608 0.533166 -0.446710 200.000000 200.000000 200.000000
v 0.056415 -0.462096 0.042539 200.000000 200.000000 200.000000
v 0.292019 0.487287 0.535259 200.000000 200.000000 200.000000
v 0.339081 0.299563 0.613933 200.000000 200.000000 200.000000
v 0.118699 -0.756814 0.349519 200.000000 200.000000 200.000000
v 0.089977 -0.932388 0.348032 200.000000 200.000000 200.000000
v 0.042362 -0.846123 0.343611 200.000000 200.000000 200.000000
v -0.118560 -0.793196 0.085779 200.000000 200.000000 200.000000
v -0.008483 -0.670278 0.001054 200.000000 200.000000 200.000000
v -0.003403 -0.324104 0.243888 200.000000 200.000000 200.000000
v -0.019478 0.040777 0.324129 200.000000 200.000000 200.000000
v 0.119847 0.713748 0.191208 200.000000 200.000000 200.000000
v 0.229220 0.300741 0.191357 200.000000 200.000000 200.000000
v 0.188819 0.413558 0.099496 200.000000 200.000000 200.000000
v 0.146826 0.167822 0.063100 200.000000 200.000000 200.000000
v 0.137090 -0.989322 0.122885 200.000000 200.000000 200.000000
v -0.066024 -0.082302 0.287944 200.000000 200.000000 200.000000
v 0.224269 0.071749 0.308455 200.000000 200.000000 200.000000
v 0.033709 0.728969 0.296457 200.000000 200.000000 200.000000
v -0.006522 -0.074433 -0.005651 200.000000 200.000000 200.000000
v -0.008458 0.330999 0.030697 200.000000 200.000000 200.000000
v -0.130139 -0.222305 0.155581 200.000000 200.000000 200.000000
v 0.180527 0.881898 0.289519 200.000000 200.000000 200.000000
v 0.050602 -0.030920 0.397647 200.000000 200.000000 200.000000
v 0.070717 -0.599340 0.239615 200.000000 200.000000 200.000000
v -0.083062 -0.289651 0.371611 200.000000 200.000000 200.000000
v -0.132420 -0.545157 0.041333 200.000000 200.000000 200.000000
v -0.212208 0.502603 -0.396186 200.000000 200.000000 200.000000
v -0.036350 -0.543220 0.422998 200.000000 200.000000 200.000000
v 0.103886 -0.914323 0.190182 200.000000 200.000000 200.000000
v 0.042522 -0.340174 0.016015 200.000000 200.000000 200.000000
v 0.217971 0.063340 0.306527 200.000000 200.000000 200.000000
v -0.044537 -0.719154 0.168576 200.000000 200.000000 200.000000
v -0.079459 -0.212814 0.312443 200.000000 200.000000 200.000000
v 0.015072 -0.606575 0.150495 200.000000 200.000000 200.000000
v 0.216122 0.252084 0.530818 200.000000 200.000000 200.000000
v -0.049568 -0.707718 0.168232 200.000000 200.000000 200.000000
v 0.032150 -0.601696 0.026250 200.000000 200.000000 200.000000
v -0.090749 -0.448528 0.395358 200.000000 200.000000 200.000000
v 0.154801 -0.985427 0.275568 200.000000 200.000000 200.000000
v 0.274215 0.507517 0.516794 200.000000 200.000000 200.000000
v 0.148447 0.111422 0.043650 200.000000 200.000000 200.000000
v 0.164689 0.916235 0.262242 200.000000 200.000000 200.000000
v 0.107788 0.929824 0.152250 200.000000 200.000000 200.000000
v -0.098277 -0.364463 0.169208 200.000000 200.000000 200.000000
v -0.065998 0.014464 0.243897 200.000000 200.000000 200.000000
v 0.117642 0.807729 0.175244 200.000000 200.000000 200.000000
v 0.028185 -0.911868 0.223582 200.000000 200.000000 200.000000
v -0.065433 0.237393 0.202190 200.000000 200.000000 200.000000
v -0.137331 -0.122243 0.119018 200.000000 200.000000 200.000000
v -0.132536 0.576682 -0.230986 200.000000 200.000000 200.000000
v -0.088193 -0.642425 0.152529 200.000000 200.000000 200.000000
v -0.098896 -0.555889 0.164103 200.000000 200.000000 200.000000
v -0.066338 0.236525 0.197460 200.000000 200.000000 200.000000
v -0.234329 0.549454 -0.383565 200.000000 200.000000 200.000000
v -0.071375 -0.323687 0.284621 200.000000 200.000000 200.000000
v -0.267777 0.521306 -0.452193 200.000000 200.000000 200.000000
v -0.144570 -0.224517 0.147951 200.000000 200.000000 200.000000
v 0.057556 -0.638689 0.095293 200.000000 200.000000 200.000000
v 0.124772 0.807879 0.182758 200.000000 200.000000 200.000000
v -0.072320 0.586525 -0.168888 200.000000 200.000000 200.000000
v 0.094529 0.840954 0.152489 200.000000 200.000000 200.000000
v -0.007997 0.568090 0.277080 200.000000 200.000000 200.000000
v -0.081824 0.129935 0.206519 200.000000 200.000000 200.000000
v -0.032385 -0.848215 0.064026 200.000000 200.000000 200.000000
v -0.163741 -0.559965 0.074955 200.000000 200.000000 200.000000
v -0.057569 0.006968 0.200738 200.000000 200.000000 200.000000
v 0.166551 0.122546 0.083620 200.000000 200.000000 200.000000
v -0.130152 -0.347290 0.147434 200.000000 200.000000 200.000000
v 0.010494 0.895796 0.147721 200.000000 200.000000 200.000000
v 0.041762 -0.264762 0.217002 200.000000 200.000000 200.000000
v 0.261807 0.300749 0.529619 200.000000 200.000000 200.000000
v -0.005245 -0.761740 0.243713 200.000000 200.000000 200.000000
v 0.166788 0.872620 0.182221 200.000000 200.000000 200.000000
v 0.177509 0.150198 0.491181 200.000000 200.000000 200.000000
v 0.126852 -0.999138 0.111270 200.000000 200.000000 200.000000
v 0.115133 0.117274 0.455488 200.000000 200.000000 200.000000
v 0.136513 -0.936732 0.317956 200.000000 200.000000 200.000000
v -0.006224 0.632542 0.238187 200.000000 200.000000 200.000000
v 0.221398 0.389516 0.164120 200.000000 200.000000 200.000000
v 0.205162 0.259243 0.160690 200.000000 200.000000 200.000000
v -0.053893 -0.720940 0.164160 200.000000 200.000000 200.000000
v 0.199700 0.128371 0.186405 200.000000 200.000000 200.000000
v 0.178575 -0.156550 0.284971 200.000000 200.000000 200.000000
v -0.004976 -0.432000 0.264141 200.000000 200.000000 200.000000
v -0.134412 -0.102366 0.086146 200.000000 200.000000 200.000000
v 0.051280 0.070141 0.367242 200.000000 200.000000 200.000000
v 0.108375 0.580054 0.425634 200.000000 200.000000 200.000000
v 0.088796 -0.367733 0.371609 200.000000 200.000000 200.000000
v 0.279212 0.464002 0.560837 200.000000 200.000000 200.000000
v 0.200825 0.611335 0.200552 200.000000 200.000000 200.000000
v -0.005763 0.849518 0.321534 200.000000 200.000000 200.000000
v -0.003731 -0.493708 0.033306 200.000000 200.000000 200.000000
v -0.049399 0.280761 0.100793 200.000000 200.000000 200.000000
v -0.069483 -0.484478 0.323245 200.000000 200.000000 200.000000
v 0.040981 -0.372043 0.143203 200.000000 200.000000 200.000000
v -0.131264 -0.350681 0.019615 200.000000 200.000000 200.000000
v -0.156714 -0.162414 0.088212 200.000000 200.000000 200.000000
v -0.066238 -0.304403 0.423203 200.000000 200.000000 200.000000
v -0.167673 0.510191 -0.246076 200.000000 200.000000 200.000000
v -0.005180 -0.394687 0.255586 200.000000 200.000000 200.000000
v -0.095294 -0.231001 0.164056 200.000000 200.000000 200.000000
v 0.064880 -0.781181 0.064179 200.000000 200.000000 200.000000
v -0.000842 -0.303706 0.240416 200.000000 200.000000 200.000000
v -0.034489 -0.332523 0.438222 200.000000 200.000000 200.000000
v -0.119372 -0.335433 0.012272 200.000000 200.000000 200.000000
v 0.176038 -0.194356 0.267070 200.000000 200.000000 200.000000
v -0.187734 0.571264 -0.316422 200.000000 200.000000 200.000000
v 0.110797 -0.666235 0.265654 200.000000 200.000000 200.000000
v 0.118831 0.816925 0.172019 200.000000 200.000000 200.000000
v 0.010586 -0.239313 0.195121 200.000000 200.000000 200.000000
v -0.097900 -0.821537 0.117908 200.000000 200.000000 200.000000
v 0.072288 -0.914876 0.334782 200.000000 200.000000 200.000000
v 0.030632 -0.282760 0.223608 200.000000 200.000000 200.000000
v 0.083245 0.580253 0.360405 200.000000 200.000000 200.000000
v -0.014188 -0.804785 0.169368 200.000000 200.000000 200.000000
v 0.104216 0.004701 0.013565 200.000000 200.000000 200.000000
v 0.039301 -0.024879 0.387172 200.000000 200.000000 200.000000
v -0.068584 -0.604122 0.173261 200.000000 200.000000 200.000000
v 0.020007 0.631177 0.135861 200.000000 200.000000 200.000000
v 0.182111 0.850406 0.236732 200.000000 200.000000 200.000000
v -0.021392 -0.569449 -0.007906 200.000000 200.000000 200.000000
v 0.188322 0.617648 0.149406 200.000000 200.000000 200.000000
v 0.243011 0.551601 0.354098 200.000000 200.000000 200.000000
v -0.299801 0.483265 -0.601203 200.000000 200.000000 200.000000
v 0.211213 0.554087 0.170840 200.000000 200.000000 200.000000
v 0.070805 0.657641 0.066758 200.000000 200.000000 200.000000
v -0.013997 -0.824700 0.368989 200.000000 200.000000 200.000000
v 0.044293 -0.921495 0.174407 200.000000 200.000000 200.000000
v -0.010273 0.431192 0.028949 200.000000 200.000000 200.000000
v 0.067067 0.178013 0.358738 200.000000 200.000000 200.000000
v 0.075111 -0.754760 0.133281 200.000000 200.000000 200.000000
v 0.044532 -0.900904 0.051033 200.000000 200.000000 200.000000
v -0.022638 -0.380461 0.000840 200.000000 200.000000 200.000000
v 0.119549 0.116880 0.021768 200.000000 200.000000 200.000000
v -0.042584 -0.586120 0.180821 200.000000 200.000000 200.000000
v 0.050920 -0.206593 0.000254 200.000000 200.000000 200.000000
v 0.015206 -0.438105 0.027870 200.000000 200.000000 200.000000
v -0.086179 -0.896240 0.123964 200.000000 200.000000 200.000000
v 0.166874 0.663390 0.273662 200.000000 200.000000 200.000000
v 0.092080 0.279144 0.029861 200.000000 200.000000 200.000000
v 0.080136 -0.116083 0.008429 200.000000 200.000000 200.000000
v -0.075252 -0.980031 0.080045 200.000000 200.000000 200.000000
v 0.290522 0.241423 0.517900 200.000000 200.000000 200.000000
v 0.247219 0.537928 0.298843 200.000000 200.000000 200.000000
v 0.024088 0.893329 0.145951 200.000000 200.000000 200.000000
v -0.023770 -0.461067 0.154918 200.000000 200.000000 200.000000
v -0.042228 0.373915 0.273138 200.000000 200.000000 200.000000
v -0.035660 0.492172 0.084785 200.000000 200.000000 200.000000
v -0.076293 -0.401975 0.416134 200.000000 200.000000 200.000000
v 0.071850 0.567100 0.376633 200.000000 200.000000 200.000000
v 0.163414 0.712915 0.237821 200.000000 200.000000 200.000000
v 0.053871 0.725487 0.302024 200.000000 200.000000 200.000000
v -0.079643 -0.370530 0.411408 200.000000 200.000000 200.000000
v -0.328922 0.497735 -0.600908 200.000000 200.000000 200.000000
v 0.180893 0.179139 0.146746 200.000000 200.000000 200.000000
v -0.082143 -0.922275 0.106869 200.000000 200.000000 200.000000
v -0.086253 0.024470 0.100072 200.000000 200.000000 200.000000
v -0.065691 -0.395324 -0.013845 200.000000 200.000000 200.000000
v 0.168354 0.153606 0.423150 200.000000 200.000000 200.000000
v 0.326734 0.449484 0.556146 200.000000 200.000000 200.000000
v -0.059582 -0.196568 0.391353 200.000000 200.000000 200.000000
v 0.176847 0.547025 0.077683 200.000000 200.000000 200.000000
v 0.116066 -0.716045 0.256210 200.000000 200.000000 200.000000
v -0.069127 -0.997366 0.090212 200.000000 200.000000 200.000000
v 0.021972 -0.907323 0.339324 200.000000 200.000000 200.000000
v 0.183171 -0.078002 0.313599 200.000000 200.000000 200.000000
v -0.078701 -0.151978 -0.000035 200.000000 200.000000 200.000000
v -0.017136 0.571902 0.113487 200.000000 200.000000 200.000000
v 0.024374 0.948545 0.126044 200.000000 200.000000 200.000000
v 0.210436 0.583865 0.189651 200.000000 200.000000 200.000000
v -0.010214 0.578490 -0.112162 200.000000 200.000000 200.000000
v 0.144078 -0.288332 0.318137 200.000000 200.000000 200.000000
v -0.008148 -0.361724 0.435647 200.000000 200.000000 200.000000
v 0.124137 0.666866 0.105821 200.000000 200.000000 200.000000
v 0.054749 -0.353538 0.418794 200.000000 200.000000 200.000000
v 0.169446 0.428826 0.077018 200.000000 200.000000 200.000000
v -0.078652 -0.473730 0.166791 200.000000 200.000000 200.000000
v 0.185735 0.312235 0.385853 200.000000 200.000000 200.000000
v 0.136225 -0.961432 0.143930 200.000000 200.000000 200.000000
v -0.054274 0.439385 0.174583 200.000000 200.000000 200.000000
v 0.146368 0.929339 0.276158 200.000000 200.000000 200.000000
v -0.122249 -0.688020 0.065073 200.000000 200.000000 200.000000
v 0.095283 -0.805654 0.342431 200.000000 200.000000 200.000000
v -0.033093 0.254595 0.306604 200.000000 200.000000 200.000000
v -0.060086 -0.602419 0.399720 200.000000 200.000000 200.000000
v 0.205446 0.174525 0.269081 200.000000 200.000000 200.000000
v 0.122895 0.155520 0.420890 200.000000 200.000000 200.000000
v 0.202009 0.416421 0.527629 200.000000 200.000000 200.000000
v 0.233323 0.269691 0.557573 200.000000 200.000000 200.000000
v 0.156691 0.084366 0.048598 200.000000 200.000000 200.000000
v 0.148275 -0.784089 0.299343 200.000000 200.000000 200.000000
v 0.231855 0.325753 0.341106 200.000000 200.000000 200.000000
v 0.232640 0.305537 0.215884 200.000000 200.000000 200.000000
v -0.000232 0.640278 0.210792 200.000000 200.000000 200.000000
v -0.034566 -0.681939 0.399503 200.000000 200.000000 200.000000
v 0.113062 0.962217 0.292279 200.000000 200.000000 200.000000
v 0.169689 -0.871738 0.276359 200.000000 200.000000 200.000000
v 0.032904 -0.856487 0.345532 200.000000 200.000000 200.000000
v 0.241057 0.472386 0.547003 200.000000 200.000000 200.000000
v 0.189134 0.518191 0.086289 200.000000 200.000000 200.000000
v 0.040770 -0.935740 0.042801 200.000000 200.000000 200.000000
v 0.068118 0.701865 0.178147 200.000000 200.000000 200.000000
v 0.221150 0.046339 0.200647 200.000000 200.000000 200.000000
v -0.046895 -0.316516 0.435401 200.000000 200.000000 200.000000
v 0.083487 -0.223073 0.192716 200.000000 200.000000 200.000000
v 0.043487 0.726150 0.182488 200.000000 200.000000 200.000000
v 0.168539 0.809564 0.239837 200.000000 200.000000 200.000000
v 0.185667 0.150645 0.462098 200.000000 200.000000 200.000000
v -0.102054 0.554769 -0.116782 200.000000 200.000000 200.000000
v -0.009850 -0.592187 0.424260 200.000000 200.000000 200.000000
v 0.005653 0.022144 -0.001522 200.000000 200.000000 200.000000
v -0.055392 -0.109948 0.365666 200.000000 200.000000 200.000000
v 0.079167 -0.831906 0.053509 200.000000 200.000000 200.000000
v -0.098371 -0.570858 0.012769 200.000000 200.000000 200.000000
v 0.091801 -0.846741 0.133657 200.000000 200.000000 200.000000
v -0.054725 -0.345114 -0.016448 200.000000 200.000000 200.000000
v -0.055464 -0.432077 0.301022 200.000000 200.000000 200.000000
v -0.193718 0.565898 -0.313333 200.000000 200.000000 200.000000
v -0.050374 -0.721568 0.166470 200.000000 200.000000 200.000000
v -0.016959 0.600405 0.072721 200.000000 200.000000 200.000000
v -0.086418 0.034942 0.155236 200.000000 200.000000 200.000000
v 0.071778 -0.341379 0.055878 200.000000 200.000000 200.000000
v 0.133678 0.206228 0.374046 200.000000 200.000000 200.000000
v 0.063376 -0.829412 0.049870 200.000000 200.000000 200.000000
v 0.061156 -0.364381 0.108398 200.000000 200.000000 200.000000
v -0.042607 -0.147874 -0.005311 200.000000 200.000000 200.000000
v -0.133367 0.504042 -0.300182 200.000000 200.000000 200.000000
v 0.005579 0.115776 0.012780 200.000000 200.000000 200.000000
v -0.084521 -0.448915 0.357295 200.000000 200.000000 200.000000
v 0.055003 -0.474408 0.045297 200.000000 200.000000 200.000000
v -0.073615 -0.213255 0.355888 200.000000 200.000000 200.000000
v 0.148271 -0.320435 0.255137 200.000000 200.000000 200.000000
v 0.165907 -0.223113 0.239987 200.000000 200.000000 200.000000
v -0.013791 -0.873853 0.060061 200.000000 200.000000 200.000000
v 0.081501 -0.457494 0.377558 200.000000 200.000000 200.000000
v -0.060397 0.903039 0.264610 200.000000 200.000000 200.000000
v -0.002850 -0.475249 0.432184 200.000000 200.000000 200.000000
v -0.026903 0.722584 0.167969 200.000000 200.000000 200.000000
v -0.086041 -0.007287 0.128621 200.000000 200.000000 200.000000
v -0.046621 -0.135817 0.389880 200.000000 200.000000 200.000000
v 0.211708 0.583940 0.205886 200.000000 200.000000 200.000000
v -0.055808 -0.682762 0.008547 200.000000 200.000000 200.000000
v 0.338771 0.428974 0.528118 200.000000 200.000000 200.000000
v 0.095315 -0.093588 0.396992 200.000000 200.000000 200.000000
v 0.145972 0.940275 0.184805 200.000000 200.000000 200.000000
v 0.198664 -0.014708 0.295409 200.000000 200.000000 200.000000
v 0.149526 -0.828522 0.311279 200.000000 200.000000 200.000000
v 0.203576 0.025421 0.138906 200.000000 200.000000 200.000000
v 0.139651 0.533768 0.465485 200.000000 200.000000 200.000000
v -0.108051 -0.724183 0.118106 200.000000 200.000000 200.000000
v 0.105273 -0.624263 0.349926 200.000000 200.000000 200.000000
v 0.111108 0.769629 0.192479 200.000000 200.000000 200.000000
v -0.062488 0.319173 0.180511 200.000000 200.000000 200.000000
v 0.197869 0.124238 0.210210 200.000000 200.000000 200.000000
v -0.085550 0.031177 0.179599 200.000000 200.000000 200.000000
v 0.185955 0.593559 0.114827 200.000000 200.000000 200.000000
v 0.266410 0.261066 0.584026 200.000000 200.000000 200.000000
v -0.044957 -0.509040 0.424244 200.000000 200.000000 200.000000
v 0.167001 -0.196349 0.292805 200.000000 200.000000 200.000000
v -0.081163 0.501468 -0.172743 200.000000 200.000000 200.000000
v -0.027288 0.510125 -0.017338 200.000000 200.000000 200.000000
v 0.157561 0.861160 0.179135 200.000000 200.000000 200.000000
v -0.311684 0.547272 -0.546753 200.000000 200.000000 200.000000
v -0.049739 -0.903668 0.053460 200.000000 200.000000 200.000000
v 0.253507 0.406446 0.557463 200.000000 200.000000 200.000000
v 0.126628 -0.313095 0.347416 200.000000 200.000000 200.000000
v 0.046135 0.359442 0.014378 200.000000 200.000000 200.000000
v 0.050738 -0.999096 0.054620 200.000000 200.000000 200.000000
v 0.057533 -0.303235 0.009685 200.000000 200.000000 200.000000
v -0.068318 -0.945286 0.109506 200.000000 200.000000 200.000000
v 0.121880 0.959345 0.279945 200.000000 200.000000 200.000000
v 0.141928 -0.138851 0.127852 200.000000 200.000000 200.000000
v 0.192193 0.001882 0.315355 200.000000 200.000000 200.000000
v 0.264162 0.226459 0.559507 200.000000 200.000000 200.000000
v 0.245304 0.451012 0.316020 200.000000 200.000000 200.000000
v 0.043192 -0.549323 0.245236 200.000000 200.000000 200.000000
v 0.005849 -0.186593 0.429173 200.000000 200.000000 200.000000
v -0.063296 -0.383113 -0.014532 200.000000 200.000000 200.000000
v 0.245310 0.362900 0.387439 200.000000 200.000000 200.000000
v 0.090829 0.520672 0.409834 200.000000 200.000000 200.000000
v -0.078869 -0.195860 0.283348 200.000000 200.000000 200.000000
v 0.179264 0.415527 0.088592 200.000000 200.000000 200.000000
v 0.007546 0.897552 0.342196 200.000000 200.000000 200.000000
v 0.004321 0.630600 0.090456 200.000000 200.000000 200.000000
v -0.003759 0.857255 0.143400 200.000000 200.000000 200.000000
v 0.061924 -0.808124 0.347242 200.000000 200.000000 200.000000
v -0.116791 0.561807 -0.145514 200.000000 200.000000 200.000000
v 0.006268 -0.734853 0.247906 200.000000 200.000000 200.000000
v -0.038453 0.443431 0.255258 200.000000 200.000000 200.000000
v 0.054307 -0.964275 0.350951 200.000000 200.000000 200.000000
v 0.032020 0.084401 0.365179 200.000000 200.000000 200.000000
v 0.191267 0.404279 0.476810 200.000000 200.000000 200.000000
v 0.000898 -0.428890 0.437815 200.000000 200.000000 200.000000
v 0.040390 0.618079 -0.034785 200.000000 200.000000 200.000000
v 0.028123 0.519829 0.335450 200.000000 200.000000 200.000000
v 0.153410 0.289139 0.074615 200.000000 200.000000 200.000000
v -0.005901 -0.178526 -0.004859 200.000000 200.000000 200.000000
v 0.029346 -0.624063 0.150711 200.000000 200.000000 200.000000
v -0.110807 -0.606004 0.135191 200.000000 200.000000 200.000000
v 0.150715 0.178079 0.083037 200.000000 200.000000 200.000000
v 0.066235 0.689561 0.163214 200.000000 200.000000 200.000000
v 0.199837 0.483782 0.508071 200.000000 200.000000 200.000000
v 0.247851 0.550974 0.434989 200.000000 200.000000 200.000000
v 0.167880 0.172429 0.116432 200.000000 200.000000 200.000000
v 0.150605 -0.205704 0.324019 200.000000 200.000000 200.000000
v 0.149928 0.386387 0.409259 200.000000 200.000000 200.000000
v 0.050669 0.650278 0.145089 200.000000 200.000000 200.000000
v 0.133685 -0.314770 0.225324 200.000000 200.000000 200.000000
v -0.109225 -0.469952 0.160374 200.000000 200.000000 200.000000
v 0.025767 -0.576692 0.235034 200.000000 200.000000 200.000000
v -0.240926 0.535660 -0.393508 200.000000 200.000000 200.000000
v 0.098944 0.083312 0.014121 200.000000 200.000000 200.000000
v -0.044229 -0.837984 0.141657 200.000000 200.000000 200.000000
v 0.250975 0.503556 0.277698 200.000000 200.000000 200.000000
v -0.014462 -0.560890 0.424974 200.000000 200.000000 200.000000
v 0.055981 -0.909469 0.050413 200.000000 200.000000 200.000000
v 0.074630 0.656828 0.304957 200.000000 200.000000 200.000000
v 0.200141 0.574917 0.144921 200.000000 200.000000 200.000000
v 0.099985 -0.504764 0.345770 200.000000 200.000000 200.000000
v 0.078715 -0.301599 0.081351 200.000000 200.000000 200.000000
v 0.023356 0.882841 0.351916 200.000000 200.000000 200.000000
v 0.321276 0.347330 0.625843 200.000000 200.000000 200.000000
v -0.331888 0.496370 -0.550791 200.000000 200.000000 200.000000
v 0.214607 0.062290 0.306413 200.000000 200.000000 200.000000
v -0.129709 -0.096518 0.117877 200.000000 200.000000 200.000000
v 0.081797 0.995500 0.263871 200.000000 200.000000 200.000000
v -0.139106 -0.380440 0.026505 200.000000 200.000000 200.000000
v -0.080665 -0.885283 0.131095 200.000000 200.000000 200.000000
v 0.144190 -0.120043 0.169122 200.000000 200.000000 200.000000
v 0.192435 0.610628 0.150683 200.000000 200.000000 200.000000
v 0.354544 0.297809 0.570779 200.000000 200.000000 200.000000
v 0.018828 -0.618852 0.154805 200.000000 200.000000 200.000000
v 0.103537 -0.851297 0.307386 200.000000 200.000000 200.000000
v 0.120320 -0.997508 0.155320 200.000000 200.000000 200.000000
v 0.259985 0.009475 0.238077 200.000000 200.000000 200.000000
v 0.154784 -0.131309 0.189585 200.000000 200.000000 200.000000
v -0.248167 0.555477 -0.419367 200.000000 200.000000 200.000000
v -0.017075 -0.106840 0.413604 200.000000 200.000000 200.000000
v -0.078552 -0.465657 0.337923 200.000000 200.000000 200.000000
v -0.172445 -0.449214 0.107817 200.000000 200.000000 200.000000
v 0.004928 -0.550974 0.065072 200.000000 200.000000 200.000000
v -0.048134 0.297743 0.253938 200.000000 200.000000 200.000000
v 0.002441 0.704894 0.198494 200.000000 200.000000 200.000000
v 0.177619 0.661176 0.313148 200.000000 200.000000 200.000000
v 0.129457 -0.400043 0.248596 200.000000 200.000000 200.000000
v 0.225160 0.335345 0.333514 200.000000 200.000000 200.000000
v 0.069079 0.796493 0.337886 200.000000 200.000000 200.000000
v 0.056604 -0.502153 0.377448 200.000000 200.000000 200.000000
v 0.098607 0.620140 0.019522 200.000000 200.000000 200.000000
v -0.018793 -0.549452 0.424766 200.000000 200.000000 200.000000
v -0.084869 0.023112 0.197479 200.000000 200.000000 200.000000
v 0.385956 0.329661 0.606117 200.000000 200.000000 200.000000
v 0.158998 0.718409 0.232718 200.000000 200.000000 200.000000
v 0.092209 0.402142 0.404481 200.000000 200.000000 200.000000
v 0.157952 0.582218 0.072999 200.000000 200.000000 200.000000
v 0.218350 -0.025346 0.263576 200.000000 200.000000 200.000000
v 0.081654 -0.041425 0.002283 200.000000 200.000000 200.000000
v 0.068753 -0.376976 0.219435 200.000000 200.000000 200.000000
v 0.035275 -0.584589 0.056867 200.000000 200.000000 200.000000
v 0.029253 -0.406508 0.028256 200.000000 200.000000 200.000000
v 0.111613 0.221196 0.029205 200.000000 200.000000 200.000000
v -0.067880 -0.160262 0.324792 200.000000 200.000000 200.000000
v -0.081112 -0.395882 0.336524 200.000000 200.000000 200.000000
v -0.023699 0.582175 -0.120625 200.000000 200.000000 200.000000
v 0.004524 0.638127 -0.000765 200.000000 200.000000 200.000000
v 0.153172 0.914115 0.321016 200.000000 200.000000 200.000000
v 0.149423 -0.187688 0.329461 200.000000 200.000000 200.000000
v 0.099207 -0.475776 0.355385 200.000000 200.000000 200.000000
v -0.024363 0.721265 0.167518 200.000000 200.000000 200.000000
v 0.171510 0.484761 0.482672 200.000000 200.000000 200.000000
v 0.146941 0.060243 0.037912 200.000000 200.000000 200.000000
v 0.169384 -0.146730 0.309602 200.000000 200.000000 200.000000
v 0.015241 -0.695629 0.013966 200.000000 200.000000 200.000000
v 0.224808 0.216762 0.547034 200.000000 200.000000 200.000000
v 0.127176 0.401662 0.413648 200.000000 200.000000 200.000000
v 0.045483 -0.098581 -0.004176 200.000000 200.000000 200.000000
v 0.118356 0.549181 0.444598 200.000000 200.000000 200.000000
v 0.173053 -0.033876 0.333203 200.000000 200.000000 200.000000
v 0.017980 0.668658 0.210168 200.000000 200.000000 200.000000
v -0.188637 0.572556 -0.342079 200.000000 200.000000 200.000000
v 0.200045 -0.061768 0.287355 200.000000 200.000000 200.000000
v 0.281172 0.302747 0.603402 200.000000 200.000000 200.000000
v -0.082777 -0.904020 0.127360 200.000000 200.000000 200.000000
v 0.122001 -0.924241 0.320269 200.000000 200.000000 200.000000
v 0.025077 -0.703988 0.157044 200.000000 200.000000 200.000000
v -0.076918 -0.851426 0.129317 200.000000 200.000000 200.000000
v -0.050874 -0.640389 0.396994 200.000000 200.000000 200.000000
v 0.200791 0.226182 0.484672 200.000000 200.000000 200.000000
v 0.017874 0.633360 0.237835 200.000000 200.000000 200.000000
v 0.024510 0.976369 0.192944 200.000000 200.000000 200.000000
v 0.005855 0.001765 0.351375 200.000000 200.000000 200.000000
v 0.177365 0.170333 0.442423 200.000000 200.000000 200.000000
v -0.079354 -0.802407 0.123220 200.000000 200.000000 200.000000
v -0.054325 -0.521134 0.421124 200.000000 200.000000 200.000000
v 0.120766 0.450442 0.036049 200.000000 200.000000 200.000000
v 0.218467 0.546146 0.185651 200.000000 200.000000 200.000000
v -0.097933 -0.793403 0.080488 200.000000 200.000000 200.000000
v -0.099116 -0.125050 0.015574 200.000000 200.000000 200.000000
v -0.015483 0.973742 0.264529 200.000000 200.000000 200.000000
v -0.095510 -0.039198 0.135402 200.000000 200.000000 200.000000
v 0.091755 -0.981223 0.086798 200.000000 200.000000 200.000000
v 0.097179 0.981337 0.200938 200.000000 200.000000 200.000000
v 0.029836 -0.006820 0.376229 200.000000 200.000000 200.000000
v -0.030186 -0.791811 0.366624 200.000000 200.000000 200.000000
v 0.232595 0.522394 0.210696 200.000000 200.000000 200.000000
v 0.000631 -0.331721 0.175030 200.000000 200.000000 200.000000
v 0.097523 -0.603962 0.273188 200.000000 200.000000 200.000000
v 0.076897 0.847692 0.148156 200.000000 200.000000 200.000000
v 0.173169 0.437845 0.507431 200.000000 200.000000 200.000000
v 0.111498 0.248695 0.044408 200.000000 200.000000 200.000000
v -0.118104 -0.774956 0.106992 200.000000 200.000000 200.000000
v 0.016252 0.658612 0.203843 200.000000 200.000000 200.000000
v 0.053186 -0.632426 0.099198 200.000000 200.000000 200.000000
v 0.232280 0.402422 0.473094 200.000000 200.000000 200.000000
v -0.088306 -0.029296 0.119867 200.000000 200.000000 200.000000
v 0.081676 -0.335883 0.394870 200.000000 200.000000 200.000000
v 0.098488 0.412136 0.032802 200.000000 200.000000 200.000000
v -0.366063 0.492847 -0.604919 200.000000 200.000000 200.000000
v 0.105180 0.239866 0.366474 200.000000 200.000000 200.000000
v -0.161143 0.499288 -0.255784 200.000000 200.000000 200.000000
v -0.048568 -0.541216 0.149246 200.000000 200.000000 200.000000
v 0.035552 -0.885294 0.205674 200.000000 200.000000 200.000000
v 0.008879 0.650892 0.074320 200.000000 200.000000 200.000000
v 0.080596 -0.239234 0.407451 200.000000 200.000000 200.000000
v 0.077764 0.438391 0.021509 200.000000 200.000000 200.000000
v -0.067224 0.155381 0.129135 200.000000 200.000000 200.000000
v -0.112960 -0.411643 0.158778 200.000000 200.000000 200.000000
v -0.048822 0.435255 0.137715 200.000000 200.000000 200.000000
v 0.386559 0.329240 0.612281 200.000000 200.000000 200.000000
v 0.251695 0.441306 0.397267 200.000000 200.000000 200.000000
v -0.039331 0.579939 -0.143673 200.000000 200.000000 200.000000
v 0.064583 0.063338 0.410624 200.000000 200.000000 200.000000
v -0.082640 -0.241935 0.311894 200.000000 200.000000 200.000000
v -0.047921 0.362127 0.112841 200.000000 200.000000 200.000000
v 0.219135 0.002101 0.159145 200.000000 200.000000 200.000000
v -0.058265 0.503458 -0.146548 200.000000 200.000000 200.000000
v 0.076939 -0.460186 0.226454 200.000000 200.000000 200.000000
v 0.308444 0.387299 0.604418 200.000000 200.000000 200.000000
v 0.003955 0.420124 0.363171 200.000000 200.000000 200.000000
v -0.023209 -0.817098 0.046271 200.000000 200.000000 200.000000
v 0.356024 0.332764 0.555854 200.000000 200.000000 200.000000
v -0.150366 -0.148766 0.107687 200.000000 200.000000 200.000000
v -0.023448 0.455442 0.287214 200.000000 200.000000 200.000000
v -0.146219 -0.153630 0.122136 200.000000 200.000000 200.000000
v -0.005772 0.581985 0.140449 200.000000 200.000000 200.000000
v -0.009041 0.569405 0.277794 200.000000 200.000000 200.000000
v -0.079514 -0.383496 -0.018167 200.000000 200.000000 200.000000
v 0.091017 0.619717 0.349364 200.000000 200.000000 200.000000
v 0.130630 0.755703 0.209947 200.000000 200.000000 200.000000
v 0.101261 -0.409201 0.329468 200.000000 200.000000 200.000000
v 0.121831 -0.906300 0.123419 200.000000 200.000000 200.000000
v 0.129245 -0.177743 0.370495 200.000000 200.000000 200.000000
v 0.033412 -0.536241 0.126758 200.000000 200.000000 200.000000
v 0.049219 0.597770 0.329419 200.000000 200.000000 200.000000
v -0.056430 0.930551 0.256330 200.000000 200.000000 200.000000
v 0.010127 0.406648 0.016936 200.000000 200.000000 200.000000
v 0.077892 0.984038 0.195041 200.000000 200.000000 200.000000
v -0.013248 0.867855 0.322766 200.000000 200.000000 200.000000
v 0.075754 -0.320622 0.051137 200.000000 200.000000 200.000000
v -0.014021 0.857689 0.316681 200.000000 200.000000 200.000000
v 0.027795 -0.560403 0.099907 200.000000 200.000000 200.000000
v 0.116993 -0.940423 0.106216 200.000000 200.000000 200.000000
v -0.008922 -0.535683 0.049292 200.000000 200.000000 200.000000
v -0.075118 -0.583512 0.331305 200.000000 200.000000 200.000000
v -0.074401 -0.571235 0.395891 200.000000 200.000000 200.000000
v -0.061444 -0.154596 0.347142 200.000000 200.000000 200.000000
v 0.107536 0.316556 0.386259 200.000000 200.000000 200.000000
v 0.040235 -0.491976 0.078230 200.000000 200.000000 200.000000
v 0.149758 0.794325 0.300055 200.000000 200.000000 200.000000
v 0.182471 0.215854 0.365909 200.000000 200.000000 200.000000
v -0.031841 -0.554088 0.284490 200.000000 200.000000 200.000000
v 0.096516 -0.991415 0.084159 200.000000 200.000000 200.000000
v 0.070173 -0.309845 0.137554 200.000000 200.000000 200.000000
v -0.091150 -0.254214 0.001998 200.000000 200.000000 200.000000
v -0.273656 0.511786 -0.503721 200.000000 200.000000 200.000000
v 0.100151 -0.996831 0.264936 200.000000 200.000000 200.000000
v -0.075793 -0.106432 0.263228 200.000000 200.000000 200.000000
v 0.018126 0.970565 0.192109 200.000000 200.000000 200.000000
v -0.042987 -0.268247 -0.009400 200.000000 200.000000 200.000000
v 0.220078 0.148768 0.277024 200.000000 200.000000 200.000000
v -0.157789 -0.588024 0.068624 200.000000 200.000000 200.000000
v -0.016468 -0.785555 0.256585 200.000000 200.000000 200.000000
v 0.194857 0.151568 0.151320 200.000000 200.000000 200.000000
v -0.045619 -0.298035 0.435629 200.000000 200.000000 200.000000
v 0.038998 0.924867 0.124545 200.000000 200.000000 200.000000
v 0.231838 0.303059 0.248561 200.000000 200.000000 200.000000
v -0.162415 -0.318010 0.039959 200.000000 200.000000 200.000000
v -0.193354 0.499063 -0.329423 200.000000 200.000000 200.000000
v -0.003590 -0.920354 0.307752 200.000000 200.000000 200.000000
v -0.084082 -0.911986 0.124928 200.000000 200.000000 200.000000
v 0.126839 -0.341842 0.338026 200.000000 200.000000 200.000000
v 0.132535 -0.181631 0.364681 200.000000 200.000000 200.000000
v 0.020755 0.396140 0.014224 200.000000 200.000000 200.000000
v 0.041600 -0.254965 0.213836 200.000000 200.000000 200.000000
v -0.076732 0.085133 0.220180 200.000000 200.000000 200.000000
v 0.043945 -0.998951 0.124980 200.000000 200.000000 200.000000
v 0.050542 0.930883 0.132674 200.000000 200.000000 200.000000
v 0.077430 -0.825737 0.053554 200.000000 200.000000 200.000000
v -0.130544 -0.226974 0.013414 200.000000 200.000000 200.000000
v 0.108472 0.235221 0.031019 200.000000 200.000000 200.000000
v 0.269345 0.252510 0.504916 200.000000 200.000000 200.000000
v -0.028551 -0.298464 0.186912 200.000000 200.000000 200.000000
v 0.024862 0.474060 -0.017323 200.000000 200.000000 200.000000
v -0.071361 -0.403540 0.299863 200.000000 200.000000 200.000000
v 0.156526 0.271094 0.380810 200.000000 200.000000 200.000000
v -0.042196 -0.757980 0.313800 200.000000 200.000000 200.000000
v -0.012137 0.214078 0.037888 200.000000 200.000000 200.000000
v 0.148829 -0.230754 0.327874 200.000000 200.000000 200.000000
v 0.088304 0.769746 0.322470 200.000000 200.000000 200.000000
v 0.171099 0.249263 0.385083 200.000000 200.000000 200.000000
v -0.352393 0.494485 -0.551364 200.000000 200.000000 200.000000
v -0.316135 0.545185 -0.567316 200.000000 200.000000 200.000000
v 0.014632 -0.591582 0.129011 200.000000 200.000000 200.000000
v -0.073864 -0.546319 -0.010521 200.000000 200.000000 200.000000
v -0.074475 0.100566 0.146688 200.000000 200.000000 200.000000
v 0.092296 -0.810607 0.104936 200.000000 200.000000 200.000000
v 0.131842 -0.954229 0.133573 200.000000 200.000000 200.000000
v 0.132045 0.530017 0.457742 200.000000 200.000000 200.000000
v 0.213796 0.225790 0.183228 200.000000 200.000000 200.000000
v 0.239431 0.511003 0.231416 200.000000 200.000000 200.000000
v 0.199666 0.115863 0.209148 200.000000 200.000000 200.000000
v 0.018374 -0.569288 0.237909 200.000000 200.000000 200.000000
v -0.066954 0.944892 0.191825 200.000000 200.000000 200.000000
v 0.082046 -0.413466 0.392894 200.000000 200.000000 200.000000
v 0.272767 0.278231 0.512468 200.000000 200.000000 200.000000
v 0.242243 0.234126 0.352297 200.000000 200.000000 200.000000
v 0.063807 -0.215179 0.415698 200.000000 200.000000 200.000000
v -0.071275 -0.038624 0.266648 200.000000 200.000000 200.000000
v -0.012157 0.489261 0.298217 200.000000 200.000000 200.000000
v -0.084650 -0.540381 0.375826 200.000000 200.000000 200.000000
v 0.079937 0.167037 0.360864 200.000000 200.000000 200.000000
v 0.102092 -0.522074 0.334374 200.000000 200.000000 200.000000
v -0.151263 -0.147157 0.092006 200.000000 200.000000 200.000000
v 0.061516 0.951546 0.150084 200.000000 200.000000 200.000000
v 0.171217 0.190051 0.344290 200.000000 200.000000 200.000000
v 0.087062 -0.981618 0.199707 200.000000 200.000000 200.000000
v -0.141498 -0.593554 0.115195 200.000000 200.000000 200.000000
v 0.338350 0.375796 0.537198 200.000000 200.000000 200.000000
v 0.014739 0.411750 0.014581 200.000000 200.000000 200.000000
v 0.085527 -0.307593 0.387831 200.000000 200.000000 200.000000
v 0.159282 -0.998747 0.200219 200.000000 200.000000 200.000000
v -0.114593 -0.451114 0.014304 200.000000 200.000000 200.000000
v -0.347351 0.532767 -0.548426 200.000000 200.000000 200.000000
v 0.142147 -0.126540 0.365390 200.000000 200.000000 200.000000
v -0.251323 0.515647 -0.428281 200.000000 200.000000 200.000000
v 0.021828 0.481256 0.356702 200.000000 200.000000 200.000000
v -0.030229 -0.142271 -0.007101 200.000000 200.000000 200.000000
v -0.086469 -0.450803 -0.012912 200.000000 200.000000 200.000000
v 0.222341 0.383078 0.166636 200.000000 200.000000 200.000000
v 0.147760 0.029743 0.365634 200.000000 200.000000 200.000000
v 0.232689 0.465849 0.209208 200.000000 200.000000 200.000000
v -0.079321 -0.338779 0.300737 200.000000 200.000000 200.000000
v 0.166603 0.204981 0.126990 200.000000 200.000000 200.000000
v -0.157043 -0.363584 0.037395 200.000000 200.000000 200.000000
v -0.079466 0.510704 -0.120891 200.000000 200.000000 200.000000
v 0.084254 -0.121078 0.404058 200.000000 200.000000 200.000000
v 0.093963 -0.425984 0.367755 200.000000 200.000000 200.000000
v -0.030041 -0.371435 0.171806 200.000000 200.000000 200.000000
v 0.096287 -0.988266 0.385305 200.000000 200.000000 200.000000
v -0.172662 -0.393001 0.059965 200.000000 200.000000 200.000000
v -0.031497 0.206120 0.276243 200.000000 200.000000 200.000000
v -0.044208 0.420535 0.110749 200.000000 200.000000 200.000000
v 0.005943 0.094258 0.314261 200.000000 200.000000 200.000000
v -0.007668 0.362766 0.350080 200.000000 200.000000 200.000000
v -0.134403 -0.096636 0.099155 200.000000 200.000000 200.000000
v -0.167964 -0.502509 0.093778 200.000000 200.000000 200.000000
v 0.118369 0.971859 0.268441 200.000000 200.000000 200.000000
v 0.071982 0.339626 0.033486 200.000000 200.000000 200.000000
v -0.014347 -0.256769 0.225632 200.000000 200.000000 200.000000
v 0.099523 -0.188019 0.400846 200.000000 200.000000 200.000000
v 0.091126 0.669750 0.307572 200.000000 200.000000 200.000000
v 0.037356 0.456627 0.381424 200.000000 200.000000 200.000000
v 0.045015 -0.997059 0.149082 200.000000 200.000000 200.000000
v 0.002632 -0.191008 -0.003961 200.000000 200.000000 200.000000
v 0.237974 0.000515 0.245533 200.000000 200.000000 200.000000
v -0.056992 -0.304818 0.182908 200.000000 200.000000 200.000000
v 0.009982 0.986891 0.234872 200.000000 200.000000 200.000000
v -0.085699 -0.284998 0.334970 200.000000 200.000000 200.000000
v -0.097379 -0.036352 0.105572 200.000000 200.000000 200.000000
v -0.165318 -0.523444 0.064699 200.000000 200.000000 200.000000
v -0.136446 -0.116139 0.076373 200.000000 200.000000 200.000000
v 0.287319 0.302526 0.606466 200.000000 200.000000 200.000000
v -0.002786 0.907407 0.157976 200.000000 200.000000 200.000000
v 0.070531 -0.869800 0.198372 200.000000 200.000000 200.000000
v 0.205750 0.183507 0.274136 200.000000 200.000000 200.000000
v 0.231497 0.357259 0.295734 200.000000 200.000000 200.000000
v -0.070443 -0.568038 0.400051 200.000000 200.000000 200.000000
v -0.062369 -0.020585 0.206257 200.000000 200.000000 200.000000
v -0.083659 -0.261350 0.347898 200.000000 200.000000 200.000000
v 0.250329 0.530257 0.398803 200.000000 200.000000 200.000000
v 0.111387 0.083272 0.366695 200.000000 200.000000 200.000000
v -0.067581 -0.825687 0.128937 200.000000 200.000000 200.000000
v 0.044247 0.142066 0.361524 200.000000 200.000000 200.000000
v 0.029704 -0.312528 0.016395 200.000000 200.000000 200.000000
v -0.054217 0.429641 0.207274 200.000000 200.000000 200.000000
v -0.062257 -0.491078 0.311175 200.000000 200.000000 200.000000
v -0.371192 0.504311 -0.559084 200.000000 200.000000 200.000000
v 0.129703 -0.980423 0.318203 200.000000 200.000000 200.000000
v 0.235101 0.330383 0.344745 200.000000 200.000000 200.000000
v -0.049348 0.501604 -0.120235 200.000000 200.000000 200.000000
v 0.201818 0.471828 0.109052 200.000000 200.000000 200.000000
v 0.113214 0.637148 0.061541 200.000000 200.000000 200.000000
v 0.111981 0.601146 0.021495 200.000000 200.000000 200.000000
v 0.249382 -0.003754 0.241413 200.000000 200.000000 200.000000
v -0.039075 0.478953 0.102589 200.000000 200.000000 200.000000
v -0.049642 0.816672 0.197325 200.000000 200.000000 200.000000
v 0.212059 0.237115 0.538517 200.000000 200.000000 200.000000
v 0.134311 0.603546 0.443160 200.000000 200.000000 200.000000
v 0.140475 -0.351037 0.285861 200.000000 200.000000 200.000000
v 0.173834 0.191213 0.453875 200.000000 200.000000 200.000000
v 0.119913 -0.612520 0.275246 200.000000 200.000000 200.000000
v 0.021144 -0.622534 0.420587 200.000000 200.000000 200.000000
v 0.024789 0.614404 0.327330 200.000000 200.000000 200.000000
v -0.016369 0.622611 -0.012882 200.000000 200.000000 200.000000
v 0.135221 0.906536 0.348785 200.000000 200.000000 200.000000
v 0.019633 0.641137 0.329941 200.000000 200.000000 200.000000
v 0.106567 0.453396 0.026802 200.000000 200.000000 200.000000
v 0.133461 0.894894 0.158395 200.000000 200.000000 200.000000
v -0.058791 -0.439592 0.002175 200.000000 200.000000 200.000000
v 0.044642 -0.707123 0.034151 200.000000 200.000000 200.000000
v 0.168454 0.167638 0.329058 200.000000 200.000000 200.000000
v -0.026166 0.311673 0.326591 200.000000 200.000000 200.000000
v -0.052359 0.793162 0.255001 200.000000 200.000000 200.000000
v 0.001053 -0.998866 0.382928 200.000000 200.000000 200.000000
v 0.165579 0.062903 0.056825 200.000000 200.000000 200.000000
v -0.014875 0.474996 -0.049934 200.000000 200.000000 200.000000
v -0.015044 -0.197543 0.429770 200.000000 200.000000 200.000000
v 0.227466 0.281472 0.331123 200.000000 200.000000 200.000000
v 0.145570 -0.963686 0.287160 200.000000 200.000000 200.000000
v 0.204263 0.550942 0.499824 200.000000 200.000000 200.000000
v 0.020554 -0.666112 0.015896 200.000000 200.000000 200.000000
v 0.141338 -0.897357 0.298226 200.000000 200.000000 200.000000
v 0.237391 0.398220 0.307754 200.000000 200.000000 200.000000
v 0.125181 0.911609 0.159997 200.000000 200.000000 200.000000
v 0.039739 -0.356999 0.019467 200.000000 200.000000 200.000000
v 0.141176 0.779855 0.210463 200.000000 200.000000 200.000000
v -0.114030 -0.430164 0.014864 200.000000 200.000000 200.000000
v 0.071273 -0.782324 0.139061 200.000000 200.000000 200.000000
v 0.060300 0.226140 0.351849 200.000000 200.000000 200.000000
v 0.040158 -0.370005 0.234012 200.000000 200.000000 200.000000
v 0.245468 -0.001424 0.275114 200.000000 200.000000 200.000000
v -0.084750 -0.036601 0.190569 200.000000 200.000000 200.000000
v -0.035589 0.705678 0.219906 200.000000 200.000000 200.000000
v -0.070964 -0.051509 0.212992 200.000000 200.000000 200.000000
v -0.079131 -0.173316 0.308238 200.000000 200.000000 200.000000
v 0.161146 -0.261598 0.255713 200.000000 200.000000 200.000000
v 0.012454 0.362529 0.365654 200.000000 200.000000 200.000000
v 0.016626 -0.114262 -0.007675 200.000000 200.000000 200.000000
v 0.167999 -0.868853 0.280266 200.000000 200.000000 200.000000
v -0.092051 -0.758199 0.121092 200.000000 200.000000 200.000000
v 0.236579 0.334918 0.243796 200.000000 200.000000 200.000000
v -0.012928 -0.028413 0.345105 200.000000 200.000000 200.000000
v 0.105245 -0.830527 0.321136 200.000000 200.000000 200.000000
v -0.091852 -0.265264 0.001369 200.000000 200.000000 200.000000
v -0.022616 0.610270 0.006434 200.000000 200.000000 200.000000
v -0.097558 -0.460109 0.000761 200.000000 200.000000 200.000000
v 0.099792 -0.999004 0.116464 200.000000 200.000000 200.000000
v 0.166015 -0.181352 0.220155 200.000000 200.000000 200.000000
v 0.185836 0.849628 0.250349 200.000000 200.000000 200.000000
v 0.101349 0.156606 0.364623 200.000000 200.000000 200.000000
v -0.005001 -0.354576 0.170649 200.000000 200.000000 200.000000
v -0.191187 0.506574 -0.396067 200.000000 200.000000 200.000000
v -0.171389 0.498194 -0.290510 200.000000 200.000000 200.000000
v 0.034343 0.182952 0.336784 200.000000 200.000000 200.000000
v -0.056729 -0.484883 -0.007388 200.000000 200.000000 200.000000
v -0.022317 0.935125 0.297336 200.000000 200.000000 200.000000
v 0.076054 0.333707 0.036335 200.000000 200.000000 200.000000
v 0.007841 0.067253 0.003484 200.000000 200.000000 200.000000
v -0.188084 0.556787 -0.287234 200.000000 200.000000 200.000000
v 0.025150 0.584181 -0.074335 200.000000 200.000000 200.000000
v 0.134817 -0.780202 0.251986 200.000000 200.000000 200.000000
v 0.182211 0.511928 0.505051 200.000000 200.000000 200.000000
v 0.130010 0.214025 0.051258 200.000000 200.000000 200.000000
v -0.082371 -0.320388 0.331351 200.000000 200.000000 200.000000
v -0.006095 -0.201764 -0.002283 200.000000 200.000000 200.000000
v 0.026833 0.628816 -0.028222 200.000000 200.000000 200.000000
v 0.068082 -0.697069 0.222238 200.000000 200.000000 200.000000
v 0.122692 0.689244 0.287248 200.000000 200.000000 200.000000
v -0.053849 -0.257098 0.247848 200.000000 200.000000 200.000000
v 0.114315 0.620128 0.047017 200.000000 200.000000 200.000000
v -0.090036 -0.014644 0.131915 200.000000 200.000000 200.000000
v -0.110315 -0.797807 0.080778 200.000000 200.000000 200.000000
v 0.045604 -0.522455 0.419662 200.000000 200.000000 200.000000
v 0.220972 0.194937 0.209865 200.000000 200.000000 200.000000
v 0.215154 0.225844 0.369091 200.000000 200.000000 200.000000
v 0.146850 -0.314365 0.291178 200.000000 200.000000 200.000000
v -0.040451 -0.811451 0.160569 200.000000 200.000000 200.000000
v -0.088818 -0.525842 0.369480 200.000000 200.000000 200.000000
v 0.173130 0.175740 0.507545 200.000000 200.000000 200.000000
v -0.031903 0.518004 0.187488 200.000000 200.000000 200.000000
v 0.319122 0.264777 0.581767 200.000000 200.000000 200.000000
v 0.164085 0.187340 0.118281 200.000000 200.000000 200.000000
v -0.015387 0.167227 0.313659 200.000000 200.000000 200.000000
v 0.183824 0.420566 0.519664 200.000000 200.000000 200.000000
v -0.150400 -0.446524 0.038112 200.000000 200.000000 200.000000
v 0.206845 0.222672 0.276715 200.000000 200.000000 200.000000
v 0.096629 0.371625 0.040736 200.000000 200.000000 200.000000
v 0.046354 -0.015561 0.386238 200.000000 200.000000 200.000000
v 0.225827 0.177436 0.320690 200.000000 200.000000 200.000000
v 0.157333 0.914037 0.319159 200.000000 200.000000 200.000000
v 0.059121 0.513555 0.376884 200.000000 200.000000 200.000000
v -0.039749 -0.538543 -0.010295 200.000000 200.000000 200.000000
v -0.040625 -0.939913 0.060130 200.000000 200.000000 200.000000
v -0.000023 -0.364656 0.007982 200.000000 200.000000 200.000000
v 0.182298 -0.068922 0.167819 200.000000 200.000000 200.000000
v 0.252503 0.501622 0.407504 200.000000 200.000000 200.000000
v -0.246713 0.544017 -0.405002 200.000000 200.000000 200.000000
v 0.122329 -0.794448 0.334629 200.000000 200.000000 200.000000
v 0.244191 -0.002015 0.308227 200.000000 200.000000 200.000000
v 0.012299 0.816593 0.317678 200.000000 200.000000 200.000000
v -0.003092 -0.581528 0.000067 200.000000 200.000000 200.000000
v 0.127998 -0.160756 0.093589 200.000000 200.000000 200.000000
v 0.007781 0.303048 0.024813 200.000000 200.000000 200.000000
v 0.325634 0.273395 0.539400 200.000000 200.000000 200.000000
v -0.009683 -0.856188 0.316909 200.000000 200.000000 200.000000
v 0.017495 0.809529 0.326476 200.000000 200.000000 200.000000
v 0.088585 -0.315598 0.201777 200.000000 200.000000 200.000000
v 0.140028 -0.990572 0.127358 200.000000 200.000000 200.000000
v 0.264682 0.246086 0.574354 200.000000 200.000000 200.000000
v 0.130788 0.845443 0.163654 200.000000 200.000000 200.000000
v 0.124896 0.138302 0.363657 200.000000 200.000000 200.000000
v -0.034730 0.481428 0.241685 200.000000 200.000000 200.000000
v 0.043023 -0.055717 0.405848 200.000000 200.000000 200.000000
v 0.058264 -0.958747 0.057896 200.000000 200.000000 200.000000
v 0.014756 0.989547 0.250135 200.000000 200.000000 200.000000
v 0.118057 0.741635 0.196671 200.000000 200.000000 200.000000
v -0.040280 0.895428 0.303274 200.000000 200.000000 200.000000
v -0.104725 -0.068158 0.044670 200.000000 200.000000 200.000000
v -0.093675 -0.658553 0.031850 200.000000 200.000000 200.000000
v -0.150588 -0.183478 0.042744 200.000000 200.000000 200.000000
v 0.016088 -0.469316 0.431916 200.000000 200.000000 200.000000
v -0.047203 0.414900 0.122136 200.000000 200.000000 200.000000
v 0.132056 0.774747 0.202508 200.000000 200.000000 200.000000
v 0.118466 -0.633110 0.336870 200.000000 200.000000 200.000000
v -0.080402 0.501545 -0.168137 200.000000 200.000000 200.000000
v 0.384423 0.355296 0.612106 200.000000 200.000000 200.000000
v -0.003783 -0.536096 0.057538 200.000000 200.000000 200.000000
v -0.025373 -0.063508 -0.000323 200.000000 200.000000 200.000000
v 0.230799 0.268857 0.522414 200.000000 200.000000 200.000000
v 0.169689 0.277349 0.115074 200.000000 200.000000 200.000000
v 0.010871 0.614822 0.325863 200.000000 200.000000 200.000000
v 0.164603 -0.946584 0.188219 200.000000 200.000000 200.000000
v 0.091526 -0.274306 0.097630 200.000000 200.000000 200.000000
v 0.011009 -0.736751 0.239720 200.000000 200.000000 200.000000
v -0.062307 0.501789 -0.146054 200.000000 200.000000 200.000000
v -0.043425 -0.435892 0.010463 200.000000 200.000000 200.000000
v -0.075353 -0.240021 -0.005263 200.000000 200.000000 200.000000
v 0.126119 0.913536 0.358051 200.000000 200.000000 200.000000
v 0.093541 -0.261972 0.194514 200.000000 200.000000 200.000000
v -0.004728 -0.613346 0.167039 200.000000 200.000000 200.000000
v 0.103804 -0.969461 0.103550 200.000000 200.000000 200.000000
v -0.008353 -0.998835 0.058709 200.000000 200.000000 200.000000
v -0.030616 -0.745232 0.384176 200.000000 200.000000 200.000000
v 0.062986 0.054136 0.383543 200.000000 200.000000 200.000000
v 0.068789 -0.757870 0.216944 200.000000 200.000000 200.000000
v -0.107410 0.565220 -0.128481 200.000000 200.000000 200.000000
v 0.076338 -0.318936 0.110944 200.000000 200.000000 200.000000
v -0.160257 -0.591545 0.079413 200.000000 200.000000 200.000000
v 0.097089 -0.699311 0.358933 200.000000 200.000000 200.000000
v 0.234133 0.408308 0.512646 200.000000 200.000000 200.000000
v 0.077452 0.703765 0.301756 200.000000 200.000000 200.000000
v 0.163931 0.291387 0.382804 200.000000 200.000000 200.000000
v 0.056243 -0.173956 0.416110 200.000000 200.000000 200.000000
v -0.055494 0.864351 0.215828 200.000000 200.000000 200.000000
v 0.075962 -0.251916 0.021239 200.000000 200.000000 200.000000
v 0.026924 -0.293252 0.175038 200.000000 200.000000 200.000000
v -0.009294 -0.370804 0.253125 200.000000 200.000000 200.000000
v -0.056909 0.209312 0.096855 200.000000 200.000000 200.000000
v 0.181998 0.909286 0.239207 200.000000 200.000000 200.000000
v 0.047388 -0.263797 0.002924 200.000000 200.000000 200.000000
v -0.009932 0.002068 0.332632 200.000000 200.000000 200.000000
v -0.076796 -0.910504 0.077406 200.000000 200.000000 200.000000
v -0.051908 -0.004369 0.247916 200.000000 200.000000 200.000000
v -0.053830 -0.490651 0.425252 200.000000 200.000000 200.000000
v 0.039768 0.104290 0.003434 200.000000 200.000000 200.000000
v -0.015006 -0.905133 0.054352 200.000000 200.000000 200.000000
v 0.009526 -0.722025 0.012703 200.000000 200.000000 200.000000
v 0.114592 0.885422 0.363350 200.000000 200.000000 200.000000
v 0.219944 0.305817 0.174242 200.000000 200.000000 200.000000
v 0.194519 0.313214 0.139904 200.000000 200.000000 200.000000
v 0.058421 0.746163 0.169279 200.000000 200.000000 200.000000
v -0.143102 0.536046 -0.186543 200.000000 200.000000 200.000000
v -0.067808 0.540376 -0.069304 200.000000 200.000000 200.000000
v -0.035735 0.964830 0.214991 200.000000 200.000000 200.000000
v 0.028253 0.704316 0.286425 200.000000 200.000000 200.000000
v 0.027407 -0.877777 0.217062 200.000000 200.000000 200.000000
v -0.218836 0.542462 -0.463260 200.000000 200.000000 200.000000
v 0.153304 -0.028399 0.356559 200.000000 200.000000 200.000000
v 0.169853 0.020486 0.060479 200.000000 200.000000 200.000000
v 0.049276 0.431928 0.022397 200.000000 200.000000 200.000000
v 0.130499 0.011655 0.026333 200.000000 200.000000 200.000000
v -0.162875 -0.537651 0.065311 200.000000 200.000000 200.000000
v 0.012858 -0.998693 0.115227 200.000000 200.000000 200.000000
v -0.070768 0.141470 0.227255 200.000000 200.000000 200.000000
v 0.182571 0.195674 0.148133 200.000000 200.000000 200.000000
v -0.014331 0.402215 0.036171 200.000000 200.000000 200.000000
v -0.061255 0.337778 0.175503 200.000000 200.000000 200.000000
v -0.008650 -0.468388 0.262704 200.000000 200.000000 200.000000
v -0.060508 0.183114 0.260790 200.000000 200.000000 200.000000
v 0.073357 -0.764007 0.092204 200.000000 200.000000 200.000000
v 0.092519 0.710268 0.191949 200.000000 200.000000 200.000000
v -0.167791 -0.475530 0.103591 200.000000 200.000000 200.000000
v -0.173173 -0.495207 0.082832 200.000000 200.000000 200.000000
v -0.357064 0.517444 -0.561200 200.000000 200.000000 200.000000
v 0.005917 -0.897966 0.354801 200.000000 200.000000 200.000000
v 0.038683 0.610319 0.278637 200.000000 200.000000 200.000000
v -0.026650 0.535001 0.149487 200.000000 200.000000 200.000000
v 0.055560 -0.879524 0.176807 200.000000 200.000000 200.000000
v -0.073993 -0.147854 0.289190 200.000000 200.000000 200.000000
v 0.117609 0.928408 0.161096 200.000000 200.000000 200.000000
v 0.042520 -0.299053 0.424813 200.000000 200.000000 200.000000
v -0.155018 -0.627898 0.086880 200.000000 200.000000 200.000000
v 0.028414 -0.935932 0.038892 200.000000 200.000000 200.000000
v 0.227484 0.395586 0.326203 200.000000 200.000000 200.000000
v -0.067459 -0.680735 0.160841 200.000000 200.000000 200.000000
v 0.066351 -0.154626 0.412063 200.000000 200.000000 200.000000
v 0.065382 -0.383471 0.033218 200.000000 200.000000 200.000000
v 0.122851 -0.996921 0.244037 200.000000 200.000000 200.000000
v -0.025038 0.612902 -0.075999 200.000000 200.000000 200.000000
v 0.145360 0.690010 0.308552 200.000000 200.000000 200.000000
v -0.033060 0.713321 0.233891 200.000000 200.000000 200.000000
v 0.157790 -0.142858 0.334136 200.000000 200.000000 200.000000
v -0.025575 0.423722 0.310108 200.000000 200.000000 200.000000
v 0.216565 0.494088 0.157144 200.000000 200.000000 200.000000
v -0.077025 -0.576384 0.335497 200.000000 200.000000 200.000000
v 0.030385 -0.632784 0.150183 200.000000 200.000000 200.000000
v -0.078612 -0.670305 0.023830 200.000000 200.000000 200.000000
v 0.052809 -0.585430 0.223209 200.000000 200.000000 200.000000
v 0.127362 0.080927 0.367510 200.000000 200.000000 200.000000
v 0.177112 0.202377 0.350560 200.000000 200.000000 200.000000
v 0.000812 -0.659013 0.234548 200.000000 200.000000 200.000000
v -0.037043 -0.741263 0.280468 200.000000 200.000000 200.000000
v -0.324691 0.477517 -0.631325 200.000000 200.000000 200.000000
v -0.031164 0.880073 0.309368 200.000000 200.000000 200.000000
v 0.095663 -0.446969 0.370796 200.000000 200.000000 200.000000
v -0.003948 0.209523 0.323819 200.000000 200.000000 200.000000
v -0.122828 -0.125961 0.149508 200.000000 200.000000 200.000000
v 0.193488 0.630033 0.239675 200.000000 200.000000 200.000000
v -0.042985 0.194207 0.061491 200.000000 200.000000 200.000000
v -0.022420 -0.761772 0.169784 200.000000 200.000000 200.000000
v -0.086519 -0.477969 0.399055 200.000000 200.000000 200.000000
v -0.013480 0.197493 0.320011 200.000000 200.000000 200.000000
v 0.202135 0.419024 0.455010 200.000000 200.000000 200.000000
v -0.047153 0.747346 0.244244 200.000000 200.000000 200.000000
v 0.133752 0.867287 0.352848 200.000000 200.000000 200.000000
v 0.069685 -0.821172 0.204282 200.000000 200.000000 200.000000
v -0.064661 0.281653 0.204865 200.000000 200.000000 200.000000
v -0.012398 -0.255430 0.432782 200.000000 200.000000 200.000000
v 0.151840 -0.866921 0.236490 200.000000 200.000000 200.000000
v -0.139815 0.569100 -0.231962 200.000000 200.000000 200.000000
v 0.020313 0.968480 0.186237 200.000000 200.000000 200.000000
v 0.245107 0.330324 0.380127 200.000000 200.000000 200.000000
v 0.071197 0.766836 0.317391 200.000000 200.000000 200.000000
v 0.210219 0.522554 0.514487 200.000000 200.000000 200.000000
v 0.114399 -0.998943 0.367409 200.000000 200.000000 200.000000
v 0.181338 0.658850 0.313672 200.000000 200.000000 200.000000
v 0.007755 -0.496902 0.105273 200.000000 200.000000 200.000000
v -0.228543 0.521246 -0.476469 200.000000 200.000000 200.000000
v -0.160962 -0.177052 0.083471 200.000000 200.000000 200.000000
v 0.064009 -0.375203 0.023898 200.000000 200.000000 200.000000
v 0.206418 0.577728 0.476481 200.000000 200.000000 200.000000
v 0.191780 0.092289 0.119807 200.000000 200.000000 200.000000
v -0.062738 0.331648 0.230231 200.000000 200.000000 200.000000
v 0.326667 0.294395 0.534518 200.000000 200.000000 200.000000
v 0.252459 0.501557 0.407587 200.000000 200.000000 200.000000
v 0.191652 -0.096230 0.198369 200.000000 200.000000 200.000000
v 0.011082 -0.113541 0.418769 200.000000 200.000000 200.000000
v -0.020255 -0.666981 0.410530 200.000000 200.000000 200.000000
v 0.124086 0.719171 0.247758 200.000000 200.000000 200.000000
v -0.060899 0.064200 0.056942 200.000000 200.000000 200.000000
v 0.022099 0.019234 -0.002945 200.000000 200.000000 200.000000
v -0.141251 -0.409655 0.027946 200.000000 200.000000 200.000000
v -0.010090 0.635856 0.245892 200.000000 200.000000 200.000000
v 0.137274 -0.699207 0.308926 200.000000 200.000000 200.000000
v 0.053686 0.472240 0.389930 200.000000 200.000000 200.000000
v 0.351443 0.322261 0.553272 200.000000 200.000000 200.000000
v 0.092152 -0.401112 0.352624 200.000000 200.000000 200.000000
v -0.018587 0.476137 0.297126 200.000000 200.000000 200.000000
v 0.007685 -0.265292 0.006954 200.000000 200.000000 200.000000
v 0.194301 -0.026557 0.148568 200.000000 200.000000 200.000000
v 0.173944 0.862477 0.197804 200.000000 200.000000 200.000000
v 0.383983 0.370292 0.583829 200.000000 200.000000 200.000000
v -0.133231 -0.439076 0.023814 200.000000 200.000000 200.000000
v 0.044396 0.665494 0.041980 200.000000 200.000000 200.000000
v 0.127729 0.157206 0.409929 200.000000 200.000000 200.000000
v 0.046559 0.847814 0.352980 200.000000 200.000000 200.000000
v 0.245262 0.546203 0.312253 200.000000 200.000000 200.000000
v -0.056248 0.778421 0.230027 200.000000 200.000000 200.000000
v -0.006588 -0.195010 -0.004619 200.000000 200.000000 200.000000
v -0.054199 -0.141017 0.373012 200.000000 200.000000 200.000000
v 0.061614 -0.137301 0.001481 200.000000 200.000000 200.000000
v 0.160304 0.484238 0.473551 200.000000 200.000000 200.000000
v 0.124297 -0.698750 0.268267 200.000000 200.000000 200.000000
v 0.017699 -0.875089 0.351974 200.000000 200.000000 200.000000
v 0.010258 0.330934 0.358073 200.000000 200.000000 200.000000
v -0.105964 -0.327576 0.162010 200.000000 200.000000 200.000000
v 0.266765 0.473970 0.434397 200.000000 200.000000 200.000000
v -0.173031 -0.365529 0.083189 200.000000 200.000000 200.000000
v 0.017241 -0.936093 0.327604 200.000000 200.000000 200.000000
v 0.114810 -0.167459 0.183734 200.000000 200.000000 200.000000
v 0.134018 -0.366858 0.239137 200.000000 200.000000 200.000000
v 0.045125 -0.623785 0.053358 200.000000 200.000000 200.000000
v -0.047136 0.187819 0.065951 200.000000 200.000000 200.000000
v -0.064997 0.071595 0.070044 200.000000 200.000000 200.000000
v 0.078253 0.771194 0.174031 200.000000 200.000000 200.000000
v -0.057243 -0.980939 0.038618 200.000000 200.000000 200.000000
v 0.187054 0.403012 0.499349 200.000000 200.000000 200.000000
v -0.030377 0.528651 0.122134 200.000000 200.000000 200.000000
v -0.045936 0.851113 0.210016 200.000000 200.000000 200.000000
v 0.185160 -0.108360 0.295558 200.000000 200.000000 200.000000
v -0.010271 -0.727467 0.167844 200.000000 200.000000 200.000000
v 0.165768 0.189987 0.492858 200.000000 200.000000 200.000000
v 0.155576 0.313962 0.074512 200.000000 200.000000 200.000000
v -0.134488 -0.336843 0.149664 200.000000 200.000000 200.000000
v 0.183806 -0.033391 0.118784 200.000000 200.000000 200.000000
v 0.011611 0.321697 0.357728 200.000000 200.000000 200.000000
v 0.245483 0.548162 0.395274 200.000000 200.000000 200.000000
v -0.140283 -0.623682 0.113254 200.000000 200.000000 200.000000
v 0.003820 -0.180840 0.428154 200.000000 200.000000 200.000000
v -0.068426 -0.102732 0.006562 200.000000 200.000000 200.000000
v 0.025937 0.553238 0.316230 200.000000 200.000000 200.000000
v 0.216214 0.547057 0.500781 200.000000 200.000000 200.000000
v -0.123703 -0.596681 0.042133 200.000000 200.000000 200.000000
v -0.080769 -0.020882 0.185956 200.000000 200.000000 200.000000
v 0.172711 0.154567 0.116501 200.000000 200.000000 200.000000
v 0.133214 0.152368 0.035585 200.000000 200.000000 200.000000
v -0.063475 -0.265484 0.421018 200.000000 200.000000 200.000000
v -0.166686 -0.223633 0.054817 200.000000 200.000000 200.000000
v -0.009610 -0.435600 0.266039 200.000000 200.000000 200.000000
v -0.140513 -0.231087 0.149903 200.000000 200.000000 200.000000
v 0.213397 0.081088 0.216086 200.000000 200.000000 200.000000
v -0.064742 -0.305110 -0.015589 200.000000 200.000000 200.000000
v -0.242307 0.511472 -0.417601 200.000000 200.000000 200.000000
v 0.076603 -0.536880 0.373459 200.000000 200.000000 200.000000
v 0.226091 0.379631 0.339955 200.000000 200.000000 200.000000
v 0.141407 0.103895 0.033479 200.000000 200.000000 200.000000
v -0.061193 -0.383346 0.171498 200.000000 200.000000 200.000000
v 0.177495 0.358086 0.392944 200.000000 200.000000 200.000000
v -0.266174 0.506094 -0.569633 200.000000 200.000000 200.000000
v 0.017986 -0.242190 0.005696 200.000000 200.000000 200.000000
v 0.155994 0.800210 0.298247 200.000000 200.000000 200.000000
v 0.107852 -0.015431 0.382370 200.000000 200.000000 200.000000
v -0.036948 -0.260858 0.434557 200.000000 200.000000 200.000000
v 0.022336 -0.980188 0.358452 200.000000 200.000000 200.000000
v 0.047218 -0.806151 0.041072 200.000000 200.000000 200.000000
v 0.109838 -0.886933 0.102008 200.000000 200.000000 200.000000
v 0.177577 0.184625 0.142649 200.000000 200.000000 200.000000
v -0.050198 -0.571303 0.413794 200.000000 200.000000 200.000000
v 0.091756 -0.548166 0.316505 200.000000 200.000000 200.000000
v -0.025061 0.492163 0.267399 200.000000 200.000000 200.000000
v -0.050544 -0.999208 0.026173 200.000000 200.000000 200.000000
v 0.077665 -0.540153 0.367256 200.000000 200.000000 200.000000
v 0.078224 -0.983699 0.377458 200.000000 200.000000 200.000000
v -0.067985 -0.297357 0.275736 200.000000 200.000000 200.000000
v 0.175310 0.130229 0.333820 200.000000 200.000000 200.000000
v -0.351192 0.460930 -0.609450 200.000000 200.000000 200.000000
v 0.226737 0.250066 0.326296 200.000000 200.000000 200.000000
v -0.009320 -0.251778 0.222562 200.000000 200.000000 200.000000
v 0.198559 0.639644 0.273120 200.000000 200.000000 200.000000
v 0.156861 0.655455 0.161145 200.000000 200.000000 200.000000
v -0.011311 0.435465 0.029082 200.000000 200.000000 200.000000
v -0.051855 -0.683669 0.293111 200.000000 200.000000 200.000000
v -0.049158 -0.211459 0.418804 200.000000 200.000000 200.000000
v -0.070056 -0.058242 0.265503 200.000000 200.000000 200.000000
v 0.233413 0.447467 0.209838 200.000000 200.000000 200.000000
v -0.060592 0.354003 0.178755 200.000000 200.000000 200.000000
v -0.034942 0.372506 0.078312 200.000000 200.000000 200.000000
v 0.148542 0.398218 0.413700 200.000000 200.000000 200.000000
v 0.039442 0.327580 0.370008 200.000000 200.000000 200.000000
v 0.114354 -0.200458 0.077678 200.000000 200.000000 200.000000
v 0.103171 -0.243448 0.108009 200.000000 200.000000 200.000000
v -0.244240 0.511072 -0.427254 200.000000 200.000000 200.000000
v 0.122203 0.616634 0.383338 200.000000 200.000000 200.000000
v 0.091777 -0.851054 0.311691 200.000000 200.000000 200.000000
v 0.145347 -0.965168 0.285504 200.000000 200.000000 200.000000
v 0.115850 0.609205 0.385135 200.000000 200.000000 200.000000
v -0.121200 -0.076455 0.110677 200.000000 200.000000 200.000000
v 0.160073 0.661967 0.329989 200.000000 200.000000 200.000000
v -0.044116 -0.211676 0.212430 200.000000 200.000000 200.000000
v 0.045494 -0.672050 0.136542 200.000000 200.000000 200.000000
v 0.021014 -0.723892 0.161413 200.000000 200.000000 200.000000
v -0.082666 -0.067436 0.210542 200.000000 200.000000 200.000000
v 0.066333 0.065868 0.366892 200.000000 200.000000 200.000000
v 0.158093 0.285864 0.084829 200.000000 200.000000 200.000000
v 0.067422 -0.345408 0.105898 200.000000 200.000000 200.000000
v -0.137193 0.493089 -0.245042 200.000000 200.000000 200.000000
v 0.014077 0.640281 0.240845 200.000000 200.000000 200.000000
v -0.162635 -0.365038 0.042022 200.000000 200.000000 200.000000
v -0.245308 0.519149 -0.499737 200.000000 200.000000 200.000000
v 0.106080 -0.530259 0.251623 200.000000 200.000000 200.000000
v -0.029375 -0.735848 0.018501 200.000000 200.000000 200.000000
v 0.048176 -0.476108 0.421740 200.000000 200.000000 200.000000
v -0.061436 0.027680 0.042848 200.000000 200.000000 200.000000
v 0.106691 -0.209162 0.147421 200.000000 200.000000 200.000000
v -0.028049 0.594635 0.011647 200.000000 200.000000 200.000000
v -0.010033 -0.640209 0.419650 200.000000 200.000000 200.000000
v -0.144935 -0.142617 0.118105 200.000000 200.000000 200.000000
v 0.145421 -0.259864 0.328032 200.000000 200.000000 200.000000
v 0.075196 -0.890877 0.315780 200.000000 200.000000 200.000000
v 0.207971 0.213305 0.474840 200.000000 200.000000 200.000000
v -0.150422 -0.233364 0.145758 200.000000 200.000000 200.000000
v -0.050496 -0.149974 0.388554 200.000000 200.000000 200.000000
v -0.376664 0.493250 -0.597561 200.000000 200.000000 200.000000
v 0.088708 -0.845484 0.071659 200.000000 200.000000 200.000000
v -0.184898 0.502521 -0.297583 200.000000 200.000000 200.000000
v -0.210918 0.562263 -0.411516 200.000000 200.000000 200.000000
v -0.027087 0.961689 0.255905 200.000000 200.000000 200.000000
v -0.061056 0.572291 -0.185974 200.000000 200.000000 200.000000
v 0.049222 0.401216 0.026852 200.000000 200.000000 200.000000
v -0.055354 0.868448 0.206029 200.000000 200.000000 200.000000
v 0.015193 -0.588022 0.024840 200.000000 200.000000 200.000000
v 0.037251 0.881339 0.360763 200.000000 200.000000 200.000000
v -0.018901 0.878618 0.323276 200.000000 200.000000 200.000000
v 0.056554 -0.514369 0.241903 200.000000 200.000000 200.000000
v -0.347294 0.471715 -0.591515 200.000000 200.000000 200.000000
v 0.039040 0.160410 0.009812 200.000000 200.000000 200.000000
v -0.107463 -0.412596 0.010163 200.000000 200.000000 200.000000
v 0.115108 -0.614226 0.297023 200.000000 200.000000 200.000000
v -0.055044 -0.236998 -0.005211 200.000000 200.000000 200.000000
v -0.041956 -0.836811 0.144985 200.000000 200.000000 200.000000
v -0.050308 0.444578 0.154812 200.000000 200.000000 200.000000
v -0.070796 0.910914 0.227397 200.000000 200.000000 200.000000
v 0.069558 -0.328279 0.411581 200.000000 200.000000 200.000000
v 0.172049 -0.881716 0.274946 200.000000 200.000000 200.000000
v 0.041892 0.969764 0.300835 200.000000 200.000000 200.000000
v -0.147742 0.501649 -0.216705 200.000000 200.000000 200.000000
v 0.019002 -0.844064 0.174686 200.000000 200.000000 200.000000
v 0.074106 -0.661839 0.392489 200.000000 200.000000 200.000000
v 0.026407 0.635617 -0.018332 200.000000 200.000000 200.000000
v 0.084675 0.758591 0.315884 200.000000 200.000000 200.000000
v -0.056552 0.132892 0.073819 200.000000 200.000000 200.000000
v -0.052107 -0.610912 0.285393 200.000000 200.000000 200.000000
v -0.056428 0.788930 0.231506 200.000000 200.000000 200.000000
v 0.074040 -0.368096 0.401372 200.000000 200.000000 200.000000
v -0.069904 -0.403767 0.422389 200.000000 200.000000 200.000000
v -0.108664 -0.843970 0.096845 200.000000 200.000000 200.000000
v 0.011881 -0.761786 0.385536 200.000000 200.000000 200.000000
v 0.176294 -0.191251 0.268482 200.000000 200.000000 200.000000
v 0.142451 -0.247050 0.218673 200.000000 200.000000 200.000000
v -0.089065 -0.331153 0.351940 200.000000 200.000000 200.000000
v 0.042101 0.483074 -0.035615 200.000000 200.000000 200.000000
v -0.044439 0.373183 0.102134 200.000000 200.000000 200.000000
v 0.267885 0.507998 0.444432 200.000000 200.000000 200.000000
v -0.014914 -0.041925 0.354529 200.000000 200.000000 200.000000
v 0.375182 0.316483 0.604540 200.000000 200.000000 200.000000
v 0.086812 -0.397039 0.373983 200.000000 200.000000 200.000000
v 0.099183 -0.898912 0.193963 200.000000 200.000000 200.000000
v 0.069090 0.198391 0.018730 200.000000 200.000000 200.000000
v -0.005528 -0.792925 0.167935 200.000000 200.000000 200.000000
v 0.013277 0.281415 0.024012 200.000000 200.000000 200.000000
v 0.008632 0.580635 -0.096552 200.000000 200.000000 200.000000
v -0.068193 -0.078842 0.314973 200.000000 200.000000 200.000000
v -0.118332 -0.173038 0.176199 200.000000 200.000000 200.000000
v 0.240300 0.565174 0.340058 200.000000 200.000000 200.000000
v 0.041866 -0.215963 0.000344 200.000000 200.000000 200.000000
v 0.163789 0.136473 0.348710 200.000000 200.000000 200.000000
v 0.047644 -0.587427 0.416571 200.000000 200.000000 200.000000
v -0.163526 -0.214320 0.047532 200.000000 200.000000 200.000000
v 0.123854 0.637893 0.359058 200.000000 200.000000 200.000000
v 0.148596 -0.116162 0.159606 200.000000 200.000000 200.000000
v 0.104306 -0.881165 0.112486 200.000000 200.000000 200.000000
v 0.106525 0.100261 0.372029 200.000000 200.000000 200.000000
v 0.066084 0.655949 0.127671 200.000000 200.000000 200.000000
v 0.090273 0.656021 0.334248 200.000000 200.000000 200.000000
v 0.266521 0.050703 0.266454 200.000000 200.000000 200.000000
v -0.173265 -0.226353 0.076392 200.000000 200.000000 200.000000
v 0.247305 0.319926 0.362825 200.000000 200.000000 200.000000
v -0.013662 -0.325530 0.248448 200.000000 200.000000 200.000000
v -0.022145 0.013782 0.306160 200.000000 200.000000 200.000000
v 0.067253 -0.792431 0.354782 200.000000 200.000000 200.000000
v 0.115026 -0.150655 0.391659 200.000000 200.000000 200.000000
v 0.057549 0.052611 0.374062 200.000000 200.000000 200.000000
v 0.048906 -0.635888 0.126326 200.000000 200.000000 200.000000
v -0.085154 0.575518 -0.092872 200.000000 200.000000 200.000000
v -0.070218 -0.561465 0.174135 200.000000 200.000000 200.000000
v 0.049137 -0.132256 -0.002064 200.000000 200.000000 200.000000
v 0.103769 -0.411680 0.325603 200.000000 200.000000 200.000000
v 0.243854 0.552638 0.285483 200.000000 200.000000 200.000000
v 0.310750 0.470213 0.538592 200.000000 200.000000 200.000000
v -0.052036 0.122104 0.273966 200.000000 200.000000 200.000000
v -0.007130 0.811009 0.302732 200.000000 200.000000 200.000000
v -0.071737 0.022979 0.144674 200.000000 200.000000 200.000000
v 0.128504 0.115800 0.396923 200.000000 200.000000 200.000000
v -0.071476 0.093981 0.244070 200.000000 200.000000 200.000000
v -0.084449 0.576179 -0.219859 200.000000 200.000000 200.000000
v -0.062122 -0.012305 0.222580 200.000000 200.000000 200.000000
v -0.064147 -0.215658 -0.002399 200.000000 200.000000 200.000000
v 0.230828 0.307868 0.259319 200.000000 200.000000 200.000000
v 0.033194 -0.186793 -0.001189 200.000000 200.000000 200.000000
v 0.014519 0.217040 0.336913 200.000000 200.000000 200.000000
v 0.149297 -0.842122 0.239382 200.000000 200.000000 200.000000
v 0.030772 -0.609410 0.142146 200.000000 200.000000 200.000000
v -0.080991 0.041449 0.095026 200.000000 200.000000 200.000000
v -0.361147 0.525683 -0.592650 200.000000 200.000000 200.000000
v 0.073804 -0.533341 0.375226 200.000000 200.000000 200.000000
v -0.054764 -0.930580 0.146839 200.000000 200.000000 200.000000
v 0.284232 0.297445 0.522634 200.000000 200.000000 200.000000
v -0.108058 -0.689694 0.054556 200.000000 200.000000 200.000000
v -0.028710 -0.589316 0.165152 200.000000 200.000000 200.000000
v 0.062175 -0.016766 0.393481 200.000000 200.000000 200.000000
v 0.015735 0.802717 0.339172 200.000000 200.000000 200.000000
v 0.201437 0.204462 0.172801 200.000000 200.000000 200.000000
v -0.081600 0.008166 0.077565 200.000000 200.000000 200.000000
v -0.008358 0.699066 0.204034 200.000000 200.000000 200.000000
v 0.126841 0.309586 0.058349 200.000000 200.000000 200.000000
v 0.157369 0.432408 0.067546 200.000000 200.000000 200.000000
v -0.005229 -0.342864 0.436846 200.000000 200.000000 200.000000
v 0.197204 0.031135 0.125810 200.000000 200.000000 200.000000
v 0.018803 0.626264 -0.034098 200.000000 200.000000 200.000000
v -0.087182 -0.285574 0.353964 200.000000 200.000000 200.000000
v 0.208379 0.417973 0.516699 200.000000 200.000000 200.000000
v 0.094370 -0.157299 0.401926 200.000000 200.000000 200.000000
v 0.167473 0.409545 0.418546 200.000000 200.000000 200.000000
v 0.158344 -0.276419 0.260009 200.000000 200.000000 200.000000
v 0.051550 0.053330 0.366051 200.000000 200.000000 200.000000
v 0.068098 0.567731 0.362908 200.000000 200.000000 200.000000
v 0.254957 0.285104 0.518880 200.000000 200.000000 200.000000
v 0.008043 -0.520479 0.133912 200.000000 200.000000 200.000000
v -0.056609 -0.195382 0.399680 200.000000 200.000000 200.000000
v -0.252840 0.549758 -0.514393 200.000000 200.000000 200.000000
v 0.099302 -0.998949 0.094514 200.000000 200.000000 200.000000
v 0.064006 0.303511 0.016345 200.000000 200.000000 200.000000
v 0.173814 0.122124 0.099716 200.000000 200.000000 200.000000
v 0.131489 -0.366990 0.234469 200.000000 200.000000 200.000000
v -0.144291 -0.474471 0.035940 200.000000 200.000000 200.000000
v 0.075460 -0.078398 0.401237 200.000000 200.000000 200.000000
v -0.313265 0.546843 -0.537188 200.000000 200.000000 200.000000
v -0.020456 0.067692 0.310824 200.000000 200.000000 200.000000
v -0.116575 -0.139743 0.028296 200.000000 200.000000 200.000000
v -0.018181 -0.537486 0.041147 200.000000 200.000000 200.000000
v -0.160033 -0.591003 0.084878 200.000000 200.000000 200.000000
v -0.182196 0.574580 -0.324932 200.000000 200.000000 200.000000
v -0.062668 0.321142 0.188467 200.000000 200.000000 200.000000
v 0.026954 0.017387 -0.002681 200.000000 200.000000 200.000000
v 0.246354 0.140605 0.289636 200.000000 200.000000 200.000000
v 0.065885 0.725640 0.302098 200.000000 200.000000 200.000000
v 0.165144 0.913317 0.312588 200.000000 200.000000 200.000000
v 0.084524 -0.194556 0.179723 200.000000 200.000000 200.000000
v 0.119811 0.952227 0.309452 200.000000 200.000000 200.000000
v 0.214141 0.162641 0.192017 200.000000 200.000000 200.000000
v 0.141534 -0.344348 0.286504 200.000000 200.000000 200.000000
v -0.049910 -0.154745 0.392144 200.000000 200.000000 200.000000
v 0.180317 0.898253 0.277658 200.000000 200.000000 200.000000
v -0.344658 0.496122 -0.554267 200.000000 200.000000 200.000000
v 0.081165 0.079971 0.422543 200.000000 200.000000 200.000000
v 0.093692 0.625510 0.346294 200.000000 200.000000 200.000000
v 0.253173 0.130645 0.269720 200.000000 200.000000 200.000000
v -0.149766 -0.206502 0.029572 200.000000 200.000000 200.000000
v -0.135333 -0.513649 0.143712 200.000000 200.000000 200.000000
v -0.038200 -0.496325 0.147888 200.000000 200.000000 200.000000
v 0.082754 -0.066178 0.005680 200.000000 200.000000 200.000000
v 0.070431 -0.210609 0.009876 200.000000 200.000000 200.000000
v 0.003856 -0.959559 0.164914 200.000000 200.000000 200.000000
v -0.073167 -0.930144 0.135308 200.000000 200.000000 200.000000
v -0.077293 -0.854214 0.130018 200.000000 200.000000 200.000000
v -0.004886 -0.947654 0.160897 200.000000 200.000000 200.000000
v 0.010732 -0.963024 0.165829 200.000000 200.000000 200.000000
v -0.126554 -0.497187 0.022799 200.000000 200.000000 200.000000
v -0.067296 -0.143880 0.314003 200.000000 200.000000 200.000000
v -0.004700 0.843126 0.147324 200.000000 200.000000 200.000000
v -0.040678 -0.760652 0.165655 200.000000 200.000000 200.000000
v 0.012483 -0.987854 0.363029 200.000000 200.000000 200.000000
v 0.097053 -0.426555 0.340120 200.000000 200.000000 200.000000
v 0.050818 0.670105 0.072680 200.000000 200.000000 200.000000
v 0.114306 0.687904 0.297774 200.000000 200.000000 200.000000
v 0.139574 -0.885303 0.202546 200.000000 200.000000 200.000000
v -0.013769 -0.328618 0.179115 200.000000 200.000000 200.000000
v -0.056422 -0.720436 0.024090 200.000000 200.000000 200.000000
v -0.053302 -0.474652 0.427534 200.000000 200.000000 200.000000
v 0.138035 0.933777 0.309554 200.000000 200.000000 200.000000
v -0.111455 -0.141482 0.021971 200.000000 200.000000 200.000000
v -0.044041 0.199809 0.267128 200.000000 200.000000 200.000000
v 0.098786 -0.997179 0.153817 200.000000 200.000000 200.000000
v 0.073158 0.576216 0.348405 200.000000 200.000000 200.000000
v -0.075383 0.187829 0.166339 200.000000 200.000000 200.000000
v 0.036943 -0.684520 0.146391 200.000000 200.000000 200.000000
v 0.134543 -0.116410 0.066371 200.000000 200.000000 200.000000
v 0.138452 -0.273495 0.337321 200.000000 200.000000 200.000000
v 0.022330 -0.999204 0.383193 200.000000 200.000000 200.000000
v 0.247528 0.286719 0.525270 200.000000 200.000000 200.000000
v 0.031658 -0.307318 0.014874 200.000000 200.000000 200.000000
v 0.079901 0.158581 0.019852 200.000000 200.000000 200.000000
v 0.101385 -0.848060 0.203474 200.000000 200.000000 200.000000
v 0.064227 -0.733423 0.223866 200.000000 200.000000 200.000000
v 0.244839 0.544098 0.345948 200.000000 200.000000 200.000000
v 0.214548 0.467205 0.146647 200.000000 200.000000 200.000000
v -0.022743 -0.515702 0.027584 200.000000 200.000000 200.000000
v -0.040953 0.798981 0.163150 200.000000 200.000000 200.000000
v 0.058495 0.793692 0.334055 200.000000 200.000000 200.000000
v 0.012062 0.584204 0.271891 200.000000 200.000000 200.000000
v 0.029318 -0.534550 0.127990 200.000000 200.000000 200.000000
v -0.068821 -0.382902 -0.017305 200.000000 200.000000 200.000000
v -0.125645 -0.074942 0.088976 200.000000 200.000000 200.000000
v -0.060258 0.330895 0.154134 200.000000 200.000000 200.000000
v 0.028673 -0.768266 0.019644 200.000000 200.000000 200.000000
v 0.041006 0.734216 0.168473 200.000000 200.000000 200.000000
v 0.041223 0.788204 0.317296 200.000000 200.000000 200.000000
v -0.051750 0.841070 0.246828 200.000000 200.000000 200.000000
v 0.225483 0.266522 0.539368 200.000000 200.000000 200.000000
v -0.078211 -0.071703 0.217995 200.000000 200.000000 200.000000
v -0.065254 -0.961184 0.083386 200.000000 200.000000 200.000000
v 0.048621 -0.814075 0.211079 200.000000 200.000000 200.000000
v -0.150327 0.548001 -0.209007 200.000000 200.000000 200.000000
v -0.170420 -0.414878 0.054421 200.000000 200.000000 200.000000
v 0.084459 -0.996225 0.073688 200.000000 200.000000 200.000000
v -0.168758 -0.445874 0.053033 200.000000 200.000000 200.000000
v 0.158880 -0.201559 0.306129 200.000000 200.000000 200.000000
v -0.035958 -0.746149 0.169097 200.000000 200.000000 200.000000
v -0.120126 -0.767075 0.106160 200.000000 200.000000 200.000000
v 0.071744 -0.760314 0.135194 200.000000 200.000000 200.000000
v 0.198703 -0.095789 0.275189 200.000000 200.000000 200.000000
v 0.078380 -0.884476 0.069306 200.000000 200.000000 200.000000
v -0.100121 -0.646134 0.034508 200.000000 200.000000 200.000000
v -0.127103 -0.565360 0.040596 200.000000 200.000000 200.000000
v 0.131397 0.156296 0.453611 200.000000 200.000000 200.000000
v 0.040122 0.423364 0.022972 200.000000 200.000000 200.000000
v -0.036781 -0.263706 -0.005933 200.000000 200.000000 200.000000
v -0.166458 0.573972 -0.276447 200.000000 200.000000 200.000000
v 0.087850 -0.440164 0.381158 200.000000 200.000000 200.000000
v 0.059951 -0.969768 0.347864 200.000000 200.000000 200.000000
v 0.163019 -0.910722 0.209559 200.000000 200.000000 200.000000
v 0.030962 -0.833966 0.164894 200.000000 200.000000 200.000000
v -0.148394 -0.650383 0.096455 200.000000 200.000000 200.000000
v -0.076138 -0.195978 0.345512 200.000000 200.000000 200.000000
v 0.033845 0.599339 -0.054815 200.000000 200.000000 200.000000
v 0.115721 0.290584 0.372224 200.000000 200.000000 200.000000
v 0.085546 -0.688434 0.236878 200.000000 200.000000 200.000000
v -0.099153 -0.385409 0.003149 200.000000 200.000000 200.000000
v 0.051353 0.142487 0.010665 200.000000 200.000000 200.000000
v 0.186702 0.470593 0.508597 200.000000 200.000000 200.000000
v -0.040796 -0.557013 0.164769 200.000000 200.000000 200.000000
v 0.004950 0.453077 0.352374 200.000000 200.000000 200.000000
v 0.075948 0.624785 0.343043 200.000000 200.000000 200.000000
v 0.149765 0.773424 0.247016 200.000000 200.000000 200.000000
v -0.025538 0.413961 0.316728 200.000000 200.000000 200.000000
v 0.101948 -0.958712 0.188344 200.000000 200.000000 200.000000
v 0.044783 -0.059057 0.407955 200.000000 200.000000 200.000000
v 0.006937 -0.616253 0.424637 200.000000 200.000000 200.000000
v 0.118596 -0.495988 0.256120 200.000000 200.000000 200.000000
v -0.078843 -0.502704 -0.011741 200.000000 200.000000 200.000000
v 0.241724 0.469114 0.238669 200.000000 200.000000 200.000000
v -0.085012 -0.231011 0.313252 200.000000 200.000000 200.000000
v -0.072429 -0.084991 0.255054 200.000000 200.000000 200.000000
v -0.034966 -0.580392 0.290241 200.000000 200.000000 200.000000
v -0.071514 -0.601511 0.356887 200.000000 200.000000 200.000000
v -0.088757 -0.586750 0.155417 200.000000 200.000000 200.000000
v 0.241814 0.273983 0.374609 200.000000 200.000000 200.000000
v 0.105021 -0.603946 0.333707 200.000000 200.000000 200.000000
v -0.145009 -0.487813 0.141132 200.000000 200.000000 200.000000
v 0.150187 0.834114 0.327871 200.000000 200.000000 200.000000
v -0.002338 0.387802 0.027633 200.000000 200.000000 200.000000
v -0.120090 0.514680 -0.168975 200.000000 200.000000 200.000000
v -0.081681 -0.553339 0.370868 200.000000 200.000000 200.000000
v 0.225396 -0.016690 0.211002 200.000000 200.000000 200.000000
v -0.071004 0.576149 -0.195500 200.000000 200.000000 200.000000
v 0.066753 0.288585 0.374746 200.000000 200.000000 200.000000
v -0.057639 0.581059 -0.036406 200.000000 200.000000 200.000000
v 0.246787 0.297117 0.548981 200.000000 200.000000 200.000000
v -0.058545 -0.662733 0.291559 200.000000 200.000000 200.000000
v 0.204685 0.540440 0.128336 200.000000 200.000000 200.000000
v -0.021309 -0.182363 0.426339 200.000000 200.000000 200.000000
v -0.023821 0.101182 0.304693 200.000000 200.000000 200.000000
v 0.006051 -0.729046 0.253447 200.000000 200.000000 200.000000
v 0.226409 0.377293 0.177746 200.000000 200.000000 200.000000
v -0.057682 0.338258 0.132646 200.000000 200.000000 200.000000
v 0.059490 -0.699330 0.085844 200.000000 200.000000 200.000000
v -0.020137 0.487311 -0.043452 200.000000 200.000000 200.000000
v 0.027836 0.793187 0.317158 200.000000 200.000000 200.000000
v -0.090779 -0.052996 0.170195 200.000000 200.000000 200.000000
v -0.038838 0.932170 0.199773 200.000000 200.000000 200.000000
v 0.285210 0.326655 0.606441 200.000000 200.000000 200.000000
v 0.027892 -0.721237 0.231312 200.000000 200.000000 200.000000
v 0.031801 -0.465583 0.106785 200.000000 200.000000 200.000000
v -0.054975 -0.511092 -0.006959 200.000000 200.000000 200.000000
v 0.059213 0.950088 0.145238 200.000000 200.000000 200.000000
v -0.033397 -0.369500 0.437125 200.000000 200.000000 200.000000
v -0.059920 -0.492339 -0.018611 200.000000 200.000000 200.000000
v 0.050553 0.298020 0.371150 200.000000 200.000000 200.000000
v -0.086135 -0.316932 0.371831 200.000000 200.000000 200.000000
v 0.214900 0.558413 0.193694 200.000000 200.000000 200.000000
v 0.242595 0.520025 0.367272 200.000000 200.000000 200.000000
v -0.163571 -0.342594 0.040917 200.000000 200.000000 200.000000
v 0.092723 0.047535 0.006379 200.000000 200.000000 200.000000
v -0.030571 0.251858 0.058461 200.000000 200.000000 200.000000
v 0.073595 0.377670 0.387997 200.000000 200.000000 200.000000
v -0.071210 0.019913 0.137742 200.000000 200.000000 200.000000
v 0.007483 0.968419 0.192315 200.000000 200.000000 200.000000
v -0.065379 -0.689110 0.349722 200.000000 200.000000 200.000000
v -0.071413 0.592019 -0.135704 200.000000 200.000000 200.000000
v -0.085062 -0.272949 0.305571 200.000000 200.000000 200.000000
v -0.052635 -0.223455 -0.004102 200.000000 200.000000 200.000000
v 0.010683 -0.660068 0.158491 200.000000 200.000000 200.000000
v 0.018109 -0.742968 0.227896 200.000000 200.000000 200.000000
v 0.221459 0.019377 0.181404 200.000000 200.000000 200.000000
v 0.045019 0.829272 0.351832 200.000000 200.000000 200.000000
v 0.049936 0.603775 0.334187 200.000000 200.000000 200.000000
v 0.013562 0.159674 0.320752 200.000000 200.000000 200.000000
v -0.189239 0.571119 -0.363367 200.000000 200.000000 200.000000
v -0.301562 0.499299 -0.564933 200.000000 200.000000 200.000000
v -0.005201 0.980896 0.255507 200.000000 200.000000 200.000000
v 0.066105 0.495290 -0.021327 200.000000 200.000000 200.000000
v 0.169373 0.636554 0.126509 200.000000 200.000000 200.000000
v 0.053201 -0.319391 0.421446 200.000000 200.000000 200.000000
v -0.000555 0.634742 -0.006993 200.000000 200.000000 200.000000
v 0.000515 0.059519 0.001474 200.000000 200.000000 200.000000
v -0.069186 -0.060022 0.263179 200.000000 200.000000 200.000000
v -0.048755 0.960110 0.190590 200.000000 200.000000 200.000000
v -0.015575 0.052231 0.009409 200.000000 200.000000 200.000000
v -0.076648 0.139670 0.166951 200.000000 200.000000 200.000000
v -0.105107 -0.296738 0.005008 200.000000 200.000000 200.000000
v 0.129598 0.372533 0.051035 200.000000 200.000000 200.000000
v -0.052191 -0.589402 0.300502 200.000000 200.000000 200.000000
v -0.009980 -0.988499 0.016712 200.000000 200.000000 200.000000
v 0.017377 0.938273 0.337066 200.000000 200.000000 200.000000
v 0.131547 0.156142 0.390573 200.000000 200.000000 200.000000
v 0.266402 0.374947 0.543865 200.000000 200.000000 200.000000
v 0.278139 0.348544 0.586954 200.000000 200.000000 200.000000
v 0.060024 -0.272164 0.007371 200.000000 200.000000 200.000000
v 0.056115 -0.368809 0.124032 200.000000 200.000000 200.000000
v -0.282196 0.551632 -0.477120 200.000000 200.000000 200.000000
v 0.007868 -0.803630 0.232374 200.000000 200.000000 200.000000
v -0.229413 0.537319 -0.365937 200.000000 200.000000 200.000000
v -0.007219 0.685448 0.236994 200.000000 200.000000 200.000000
v 0.220259 0.238870 0.548854 200.000000 200.000000 200.000000
v -0.067464 0.121858 0.122901 200.000000 200.000000 200.000000
v 0.011749 -0.776067 0.231339 200.000000 200.000000 200.000000
v -0.030391 0.966852 0.219618 200.000000 200.000000 200.000000
v -0.136634 -0.404345 0.150090 200.000000 200.000000 200.000000
v 0.064094 -0.714558 0.381810 200.000000 200.000000 200.000000
v -0.070423 -0.555919 0.172532 200.000000 200.000000 200.000000
v 0.092002 -0.851176 0.080267 200.000000 200.000000 200.000000
v -0.021880 -0.561250 0.167000 200.000000 200.000000 200.000000
v -0.020492 0.934595 0.301697 200.000000 200.000000 200.000000
v 0.145075 -0.768931 0.294415 200.000000 200.000000 200.000000
v -0.058516 0.017576 0.227651 200.000000 200.000000 200.000000
v -0.020307 -0.595849 0.163150 200.000000 200.000000 200.000000
v -0.014041 -0.811152 0.269833 200.000000 200.000000 200.000000
v -0.104263 -0.722927 0.057903 200.000000 200.000000 200.000000
v -0.072575 -0.557006 0.334005 200.000000 200.000000 200.000000
v 0.126180 -0.081564 0.037939 200.000000 200.000000 200.000000
v 0.125950 -0.998703 0.328564 200.000000 200.000000 200.000000
v 0.017302 -0.195612 -0.001267 200.000000 200.000000 200.000000
v 0.176391 0.154384 0.125372 200.000000 200.000000 200.000000
v -0.016199 0.551774 0.195131 200.000000 200.000000 200.000000
v -0.114792 -0.222973 0.164705 200.000000 200.000000 200.000000
v -0.028164 0.533414 0.135491 200.000000 200.000000 200.000000
v 0.128730 -0.225291 0.361530 200.000000 200.000000 200.000000
v 0.165416 0.413331 0.075660 200.000000 200.000000 200.000000
v 0.027529 0.032410 0.362856 200.000000 200.000000 200.000000
v 0.162595 0.575983 0.074689 200.000000 200.000000 200.000000
v 0.149864 -0.850159 0.302258 200.000000 200.000000 200.000000
v 0.039556 0.103714 0.370126 200.000000 200.000000 200.000000
v 0.218587 0.598031 0.249367 200.000000 200.000000 200.000000
v 0.367267 0.392441 0.562186 200.000000 200.000000 200.000000
v 0.235002 0.445431 0.217493 200.000000 200.000000 200.000000
v 0.210761 -0.003052 0.142642 200.000000 200.000000 200.000000
v -0.137358 -0.105929 0.093539 200.000000 200.000000 200.000000
v -0.135036 0.557767 -0.195432 200.000000 200.000000 200.000000
v 0.087659 -0.556099 0.263497 200.000000 200.000000 200.000000
v 0.111740 -0.908283 0.316963 200.000000 200.000000 200.000000
v 0.126582 -0.021067 0.373236 200.000000 200.000000 200.000000
v 0.249226 0.447217 0.275337 200.000000 200.000000 200.000000
v -0.030938 -0.574672 0.421591 200.000000 200.000000 200.000000
v 0.025845 -0.394439 0.148849 200.000000 200.000000 200.000000
v 0.079519 0.109164 0.013730 200.000000 200.000000 200.000000
v -0.273410 0.506624 -0.591514 200.000000 200.000000 200.000000
v -0.091992 -0.427948 0.378587 200.000000 200.000000 200.000000
v -0.078071 -0.900673 0.072346 200.000000 200.000000 200.000000
v -0.371507 0.472223 -0.586496 200.000000 200.000000 200.000000
v 0.057451 -0.477467 0.048477 200.000000 200.000000 200.000000
v 0.068920 0.422593 0.398234 200.000000 200.000000 200.000000
v 0.041965 -0.664086 0.226241 200.000000 200.000000 200.000000
v 0.251662 0.466630 0.278687 200.000000 200.000000 200.000000
v -0.159440 -0.596028 0.079674 200.000000 200.000000 200.000000
v 0.351607 0.339114 0.552417 200.000000 200.000000 200.000000
v -0.020366 0.772102 0.155294 200.000000 200.000000 200.000000
v -0.118630 0.540212 -0.146379 200.000000 200.000000 200.000000
v -0.066133 -0.709495 0.028594 200.000000 200.000000 200.000000
v -0.130083 -0.159027 0.158006 200.000000 200.000000 200.000000
v -0.084549 -0.270755 0.341778 200.000000 200.000000 200.000000
v 0.230963 0.443729 0.404879 200.000000 200.000000 200.000000
v 0.096271 -0.994512 0.398045 200.000000 200.000000 200.000000
v 0.094191 -0.820887 0.130653 200.000000 200.000000 200.000000
v 0.238367 0.426742 0.435554 200.000000 200.000000 200.000000
v 0.087041 0.626026 0.332417 200.000000 200.000000 200.000000
v 0.235231 -0.003279 0.227348 200.000000 200.000000 200.000000
v -0.164855 -0.221999 0.123188 200.000000 200.000000 200.000000
v -0.049930 -0.737798 0.354048 200.000000 200.000000 200.000000
v 0.145237 -0.162470 0.348156 200.000000 200.000000 200.000000
v 0.083102 -0.996806 0.267969 200.000000 200.000000 200.000000
v 0.051276 0.630617 0.341569 200.000000 200.000000 200.000000
v -0.199088 0.527570 -0.434146 200.000000 200.000000 200.000000
v 0.034665 -0.333883 0.017814 200.000000 200.000000 200.000000
v -0.133947 -0.430245 0.144342 200.000000 200.000000 200.000000
v 0.000653 0.207417 0.024240 200.000000 200.000000 200.000000
v -0.051354 -0.768883 0.161097 200.000000 200.000000 200.000000
v 0.167997 0.151198 0.415741 200.000000 200.000000 200.000000
v 0.184516 0.205691 0.513548 200.000000 200.000000 200.000000
v -0.008917 -0.783048 0.032291 200.000000 200.000000 200.000000
v 0.109640 0.085569 0.367876 200.000000 200.000000 200.000000
v 0.103716 -0.700790 0.236440 200.000000 200.000000 200.000000
v 0.037896 -0.738034 0.155038 200.000000 200.000000 200.000000
v 0.045329 0.731513 0.175728 200.000000 200.000000 200.000000
v 0.148399 0.687727 0.289243 200.000000 200.000000 200.000000
v -0.014994 -0.753740 0.026333 200.000000 200.000000 200.000000
v -0.156981 -0.171661 0.076269 200.000000 200.000000 200.000000
v 0.026712 -0.541856 0.082901 200.000000 200.000000 200.000000
v 0.147334 0.124985 0.474528 200.000000 200.000000 200.000000
v 0.226131 0.248305 0.224376 200.000000 200.000000 200.000000
v 0.145174 0.308028 0.066173 200.000000 200.000000 200.000000
v -0.020350 -0.393353 0.005778 200.000000 200.000000 200.000000
v -0.054266 -0.507903 -0.002786 200.000000 200.000000 200.000000
v 0.232206 0.299585 0.241684 200.000000 200.000000 200.000000
v -0.007966 -0.910083 0.329969 200.000000 200.000000 200.000000
v 0.108259 0.740394 0.199172 200.000000 200.000000 200.000000
v -0.005304 -0.280146 0.431763 200.000000 200.000000 200.000000
v -0.060836 0.375474 0.197515 200.000000 200.000000 200.000000
v -0.049841 -0.878932 0.062284 200.000000 200.000000 200.000000
v -0.014932 0.427095 0.034317 200.000000 200.000000 200.000000
v 0.192391 0.126467 0.127313 200.000000 200.000000 200.000000
v 0.294793 0.232507 0.531783 200.000000 200.000000 200.000000
v -0.055737 -0.303533 0.432783 200.000000 200.000000 200.000000
v -0.066994 0.019781 0.101377 200.000000 200.000000 200.000000
v -0.011391 -0.725147 0.398412 200.000000 200.000000 200.000000
v -0.000483 -0.807663 0.235277 200.000000 200.000000 200.000000
v 0.357796 0.301815 0.587589 200.000000 200.000000 200.000000
v -0.099004 -0.301481 0.003899 200.000000 200.000000 200.000000
v -0.040536 -0.572799 0.299721 200.000000 200.000000 200.000000
v -0.049517 -0.425012 0.295766 200.000000 200.000000 200.000000
v -0.036874 0.499146 0.106078 200.000000 200.000000 200.000000
v 0.128551 0.307858 0.059029 200.000000 200.000000 200.000000
v 0.345901 0.411444 0.532865 200.000000 200.000000 200.000000
v 0.059947 -0.264488 0.210421 200.000000 200.000000 200.000000
v 0.099826 0.368367 0.041637 200.000000 200.000000 200.000000
v 0.171562 0.087126 0.070259 200.000000 200.000000 200.000000
v -0.028899 -0.484885 0.427109 200.000000 200.000000 200.000000
v -0.004871 0.628373 0.242140 200.000000 200.000000 200.000000
v 0.080555 -0.395918 0.217595 200.000000 200.000000 200.000000
v -0.055008 0.822184 0.247509 200.000000 200.000000 200.000000
v 0.010038 0.634408 -0.016177 200.000000 200.000000 200.000000
v -0.141563 -0.268099 0.019904 200.000000 200.000000 200.000000
v 0.108239 -0.415908 0.320113 200.000000 200.000000 200.000000
v -0.175357 -0.486762 0.078512 200.000000 200.000000 200.000000
v -0.062453 0.358079 0.213374 200.000000 200.000000 200.000000
v -0.015966 0.610782 0.066480 200.000000 200.000000 200.000000
v 0.155496 0.332943 0.075686 200.000000 200.000000 200.000000
v 0.045122 0.306268 0.015451 200.000000 200.000000 200.000000
v -0.057557 -0.176701 0.386392 200.000000 200.000000 200.000000
v 0.237654 0.344343 0.244047 200.000000 200.000000 200.000000
v 0.093554 -0.773414 0.225708 200.000000 200.000000 200.000000
v 0.076539 -0.175033 0.409531 200.000000 200.000000 200.000000
v 0.138423 -0.367180 0.298490 200.000000 200.000000 200.000000
v 0.175113 0.329614 0.096942 200.000000 200.000000 200.000000
v 0.371102 0.314646 0.597888 200.000000 200.000000 200.000000
v -0.157091 0.540373 -0.373250 200.000000 200.000000 200.000000
v -0.054664 -0.085913 0.005268 200.000000 200.000000 200.000000
v -0.057261 -0.016635 0.250334 200.000000 200.000000 200.000000
v 0.286803 0.472501 0.456479 200.000000 200.000000 200.000000
v 0.196642 0.218054 0.475830 200.000000 200.000000 200.000000
v -0.049457 0.461784 0.186595 200.000000 200.000000 200.000000
v 0.069196 0.922426 0.130469 200.000000 200.000000 200.000000
v -0.063437 0.522145 -0.080325 200.000000 200.000000 200.000000
v -0.002675 -0.570609 0.254442 200.000000 200.000000 200.000000
v -0.003364 -0.898340 0.320767 200.000000 200.000000 200.000000
v 0.061894 -0.789166 0.209659 200.000000 200.000000 200.000000
v 0.082832 0.578341 0.369095 200.000000 200.000000 200.000000
v 0.170494 -0.901897 0.246756 200.000000 200.000000 200.000000
v 0.254982 0.023644 0.234540 200.000000 200.000000 200.000000
v -0.085825 -0.247472 -0.000916 200.000000 200.000000 200.000000
v 0.048231 -0.888665 0.176882 200.000000 200.000000 200.000000
v 0.265580 0.392581 0.507295 200.000000 200.000000 200.000000
v 0.197784 0.117065 0.156879 200.000000 200.000000 200.000000
v -0.344825 0.536172 -0.559688 200.000000 200.000000 200.000000
v 0.034103 -0.487897 0.048149 200.000000 200.000000 200.000000
v -0.056138 0.885636 0.231879 200.000000 200.000000 200.000000
v 0.032349 0.620298 0.276078 200.000000 200.000000 200.000000
v 0.148077 0.695509 0.242821 200.000000 200.000000 200.000000
v 0.118867 -0.713809 0.341123 200.000000 200.000000 200.000000
v -0.041580 -0.174986 -0.005971 200.000000 200.000000 200.000000
v 0.090932 -0.544084 0.318465 200.000000 200.000000 200.000000
v 0.013724 0.593163 0.170235 200.000000 200.000000 200.000000
v 0.196334 0.592166 0.463292 200.000000 200.000000 200.000000
v 0.051464 0.502143 0.375523 200.000000 200.000000 200.000000
v 0.013666 0.550565 -0.103849 200.000000 200.000000 200.000000
v -0.065493 0.195452 0.131566 200.000000 200.000000 200.000000
v -0.086871 -0.790244 0.120615 200.000000 200.000000 200.000000
v 0.077466 0.998818 0.244425 200.000000 200.000000 200.000000
v -0.268043 0.507218 -0.577115 200.000000 200.000000 200.000000
v 0.070511 0.214381 0.017112 200.000000 200.000000 200.000000
v -0.046103 0.593033 -0.026612 200.000000 200.000000 200.000000
v -0.052688 -0.086851 0.004831 200.000000 200.000000 200.000000
v 0.133174 -0.949163 0.139734 200.000000 200.000000 200.000000
v -0.056043 0.156000 0.077593 200.000000 200.000000 200.000000
v -0.013562 0.618815 0.059583 200.000000 200.000000 200.000000
v 0.122988 -0.711545 0.276857 200.000000 200.000000 200.000000
v 0.061788 -0.073307 0.408573 200.000000 200.000000 200.000000
v 0.041019 0.989334 0.262362 200.000000 200.000000 200.000000
v 0.108680 -0.634180 0.357515 200.000000 200.000000 200.000000
v -0.073034 0.036808 0.232374 200.000000 200.000000 200.000000
v 0.169674 0.324228 0.090665 200.000000 200.000000 200.000000
v 0.234720 0.412967 0.214827 200.000000 200.000000 200.000000
v 0.023854 -0.571144 0.235425 200.000000 200.000000 200.000000
v -0.062379 0.125826 0.086153 200.000000 200.000000 200.000000
v -0.030145 -0.452100 0.015027 200.000000 200.000000 200.000000
v -0.003315 -0.838288 0.247508 200.000000 200.000000 200.000000
v 0.237333 0.575664 0.313699 200.000000 200.000000 200.000000
v -0.073927 0.100990 0.143953 200.000000 200.000000 200.000000
v 0.009962 -0.474295 0.037807 200.000000 200.000000 200.000000
v 0.198805 0.010542 0.115941 200.000000 200.000000 200.000000
v -0.242241 0.550806 -0.481792 200.000000 200.000000 200.000000
v 0.178587 0.144523 0.323621 200.000000 200.000000 200.000000
v -0.264577 0.523914 -0.442358 200.000000 200.000000 200.000000
v -0.270950 0.534557 -0.448035 200.000000 200.000000 200.000000
v 0.094804 0.599101 0.355140 200.000000 200.000000 200.000000
v -0.022243 -0.599077 0.168051 200.000000 200.000000 200.000000
v -0.007398 0.319632 0.343798 200.000000 200.000000 200.000000
v 0.042620 -0.831762 0.212084 200.000000 200.000000 200.000000
v 0.184355 -0.019714 0.100484 200.000000 200.000000 200.000000
v -0.002007 0.119002 0.314204 200.000000 200.000000 200.000000
v -0.007502 0.513072 0.289356 200.000000 200.000000 200.000000
v 0.041607 -0.533651 0.078676 200.000000 200.000000 200.000000
v -0.054390 -0.723706 0.303602 200.000000 200.000000 200.000000
v -0.143736 0.580056 -0.258041 200.000000 200.000000 200.000000
v -0.165953 -0.521747 0.064755 200.000000 200.000000 200.000000
v 0.175272 0.027147 0.068145 200.000000 200.000000 200.000000
v 0.032976 -0.979093 0.253488 200.000000 200.000000 200.000000
v 0.004026 -0.655403 0.416331 200.000000 200.000000 200.000000
v 0.317984 0.264851 0.582849 200.000000 200.000000 200.000000
v 0.121632 0.315380 0.384332 200.000000 200.000000 200.000000
v -0.124427 -0.123745 0.043082 200.000000 200.000000 200.000000
v -0.131916 -0.724573 0.101095 200.000000 200.000000 200.000000
v -0.116602 -0.118174 0.037068 200.000000 200.000000 200.000000
v 0.087103 -0.622301 0.392481 200.000000 200.000000 200.000000
v 0.156485 0.921252 0.297444 200.000000 200.000000 200.000000
v 0.090499 -0.591758 0.275061 200.000000 200.000000 200.000000
v 0.121987 -0.450550 0.245449 200.000000 200.000000 200.000000
v -0.055031 0.397136 0.222066 200.000000 200.000000 200.000000
v 0.240976 -0.001522 0.306998 200.000000 200.000000 200.000000
v -0.001775 0.603791 -0.080954 200.000000 200.000000 200.000000
v 0.275208 0.453891 0.565851 200.000000 200.000000 200.000000
v -0.061816 -0.206473 0.197556 200.000000 200.000000 200.000000
v 0.141056 -0.737003 0.303733 200.000000 200.000000 200.000000
v 0.222739 0.606859 0.281294 200.000000 200.000000 200.000000
v 0.157408 0.689504 0.293310 200.000000 200.000000 200.000000
v -0.024551 -0.568246 0.171973 200.000000 200.000000 200.000000
v -0.079040 -0.265252 0.190954 200.000000 200.000000 200.000000
v -0.060748 -0.375435 0.308603 200.000000 200.000000 200.000000
v -0.043874 0.455221 0.121764 200.000000 200.000000 200.000000
v -0.011113 0.519686 -0.114853 200.000000 200.000000 200.000000
v 0.177056 0.826870 0.279995 200.000000 200.000000 200.000000
v 0.110085 -0.897576 0.148109 200.000000 200.000000 200.000000
v 0.359076 0.408099 0.560685 200.000000 200.000000 200.000000
v 0.103059 -0.464498 0.340884 200.000000 200.000000 200.000000
v 0.278873 0.252770 0.580061 200.000000 200.000000 200.000000
v -0.156578 0.578749 -0.276479 200.000000 200.000000 200.000000
v 0.130341 -0.996865 0.221116 200.000000 200.000000 200.000000
v 0.258932 0.262547 0.505691 200.000000 200.000000 200.000000
v 0.122259 0.745567 0.202489 200.000000 200.000000 200.000000
v -0.107840 -0.693787 0.126793 200.000000 200.000000 200.000000
v 0.242483 0.197602 0.339933 200.000000 200.000000 200.000000
v 0.016966 -0.561088 0.147723 200.000000 200.000000 200.000000
v -0.045384 -0.841123 0.069439 200.000000 200.000000 200.000000
v 0.044756 -0.999297 0.389813 200.000000 200.000000 200.000000
v -0.017209 0.833540 0.168816 200.000000 200.000000 200.000000
v 0.094362 0.493626 0.421152 200.000000 200.000000 200.000000
v 0.220100 0.214813 0.544255 200.000000 200.000000 200.000000
v 0.089489 -0.999526 0.360312 200.000000 200.000000 200.000000
v 0.023336 -0.558273 0.422174 200.000000 200.000000 200.000000
v 0.245015 0.459363 0.250724 200.000000 200.000000 200.000000
v -0.015179 -0.704724 0.167993 200.000000 200.000000 200.000000
v 0.083121 -0.326758 0.395957 200.000000 200.000000 200.000000
v 0.053023 -0.272554 0.421760 200.000000 200.000000 200.000000
v -0.022198 -0.183525 0.426151 200.000000 200.000000 200.000000
v 0.044823 0.000432 -0.001059 200.000000 200.000000 200.000000
v -0.048934 -0.052150 0.005425 200.000000 200.000000 200.000000
v 0.141448 -0.281445 0.225966 200.000000 200.000000 200.000000
v 0.088414 -0.455087 0.224430 200.000000 200.000000 200.000000
v 0.082374 0.295870 0.025812 200.000000 200.000000 200.000000
v 0.365014 0.335134 0.631983 200.000000 200.000000 200.000000
v 0.055372 -0.635286 0.091693 200.000000 200.000000 200.000000
v -0.005239 0.484071 -0.022026 200.000000 200.000000 200.000000
v 0.000299 0.976367 0.271185 200.000000 200.000000 200.000000
v 0.049769 -0.998928 0.298897 200.000000 200.000000 200.000000
v -0.374756 0.496685 -0.618735 200.000000 200.000000 200.000000
v -0.165494 -0.353489 0.102771 200.000000 200.000000 200.000000
v 0.105247 -0.996011 0.386123 200.000000 200.000000 200.000000
v 0.217223 0.349844 0.157227 200.000000 200.000000 200.000000
v 0.178847 0.108326 0.335391 200.000000 200.000000 200.000000
v -0.090818 -0.467118 0.382114 200.000000 200.000000 200.000000
v 0.047428 -0.820740 0.158908 200.000000 200.000000 200.000000
v 0.011251 0.649954 0.196549 200.000000 200.000000 200.000000
v 0.168076 0.626879 0.421662 200.000000 200.000000 200.000000
v 0.215555 0.600941 0.439618 200.000000 200.000000 200.000000
v 0.159438 0.273942 0.087603 200.000000 200.000000 200.000000
v -0.039916 0.509045 -0.145738 200.000000 200.000000 200.000000
v 0.303052 0.270824 0.520116 200.000000 200.000000 200.000000
v 0.140908 -0.106421 0.072944 200.000000 200.000000 200.000000
v 0.065287 0.167015 0.357611 200.000000 200.000000 200.000000
v 0.278686 0.347464 0.589345 200.000000 200.000000 200.000000
v 0.171564 0.139941 0.431759 200.000000 200.000000 200.000000
v 0.094279 0.355881 0.390315 200.000000 200.000000 200.000000
v 0.002849 -0.321230 0.176988 200.000000 200.000000 200.000000
v -0.030142 0.391801 0.310108 200.000000 200.000000 200.000000
v -0.038332 0.848448 0.183970 200.000000 200.000000 200.000000
v 0.171545 -0.044591 0.332655 200.000000 200.000000 200.000000
v 0.057925 -0.640993 0.093146 200.000000 200.000000 200.000000
v 0.164739 -0.227867 0.239712 200.000000 200.000000 200.000000
v 0.154001 -0.151334 0.338833 200.000000 200.000000 200.000000
v 0.006369 -0.489126 0.257310 200.000000 200.000000 200.000000
v 0.179966 -0.999185 0.193836 200.000000 200.000000 200.000000
v -0.085867 -0.091689 0.210301 200.000000 200.000000 200.000000
v -0.140999 -0.712931 0.092001 200.000000 200.000000 200.000000
v 0.213413 0.616836 0.380204 200.000000 200.000000 200.000000
v 0.140630 0.648202 0.096555 200.000000 200.000000 200.000000
v 0.111228 -0.216472 0.387682 200.000000 200.000000 200.000000
v 0.239994 0.407151 0.493940 200.000000 200.000000 200.000000
v 0.024728 -0.784061 0.034858 200.000000 200.000000 200.000000
v -0.103138 -0.606206 0.141281 200.000000 200.000000 200.000000
v 0.114534 0.512789 0.024004 200.000000 200.000000 200.000000
v -0.124831 -0.251769 0.155532 200.000000 200.000000 200.000000
v 0.179328 0.618787 0.122725 200.000000 200.000000 200.000000
v -0.084356 -0.262628 0.321114 200.000000 200.000000 200.000000
v -0.051474 -0.519177 0.002628 200.000000 200.000000 200.000000
v 0.036271 -0.999300 0.420726 200.000000 200.000000 200.000000
v 0.058234 -0.686403 0.220744 200.000000 200.000000 200.000000
v 0.166362 0.135103 0.476077 200.000000 200.000000 200.000000
v 0.035258 -0.564949 0.110412 200.000000 200.000000 200.000000
v -0.119032 -0.275394 0.009642 200.000000 200.000000 200.000000
v 0.047754 0.962641 0.319243 200.000000 200.000000 200.000000
v 0.160165 0.233272 0.093850 200.000000 200.000000 200.000000
v 0.129044 -0.247152 0.359718 200.000000 200.000000 200.000000
v 0.092309 -0.999050 0.330885 200.000000 200.000000 200.000000
v 0.203798 -0.055243 0.284180 200.000000 200.000000 200.000000
v -0.091592 -0.429364 0.384601 200.000000 200.000000 200.000000
v 0.214462 0.620590 0.363238 200.000000 200.000000 200.000000
v 0.163922 0.679324 0.205106 200.000000 200.000000 200.000000
v 0.158486 -0.059872 0.070491 200.000000 200.000000 200.000000
v 0.098692 -0.593672 0.300147 200.000000 200.000000 200.000000
v -0.038346 -0.967205 0.148705 200.000000 200.000000 200.000000
v -0.027127 -0.489893 0.136824 200.000000 200.000000 200.000000
v 0.234462 0.410440 0.465956 200.000000 200.000000 200.000000
v 0.127018 0.356363 0.399259 200.000000 200.000000 200.000000
v 0.152085 -0.795344 0.302066 200.000000 200.000000 200.000000
v 0.283912 0.472538 0.553266 200.000000 200.000000 200.000000
v -0.067176 0.265963 0.173961 200.000000 200.000000 200.000000
v 0.244330 -0.001085 0.211783 200.000000 200.000000 200.000000
v 0.052286 0.911924 0.128603 200.000000 200.000000 200.000000
v 0.194872 0.410890 0.505732 200.000000 200.000000 200.000000
v 0.104721 -0.398814 0.219652 200.000000 200.000000 200.000000
v 0.126713 0.465706 0.449073 200.000000 200.000000 200.000000
v 0.020940 0.564201 -0.094383 200.000000 200.000000 200.000000
v 0.234937 0.424507 0.434674 200.000000 200.000000 200.000000
v -0.138630 -0.108388 0.098034 200.000000 200.000000 200.000000
v 0.100208 0.631543 0.025265 200.000000 200.000000 200.000000
v 0.214731 -0.067353 0.222903 200.000000 200.000000 200.000000
v 0.012381 -0.958069 0.303774 200.000000 200.000000 200.000000
v 0.017846 0.454682 0.015592 200.000000 200.000000 200.000000
v 0.258703 0.004192 0.298349 200.000000 200.000000 200.000000
v -0.050362 -0.546718 -0.022308 200.000000 200.000000 200.000000
v 0.148117 0.690638 0.267000 200.000000 200.000000 200.000000
v 0.009973 0.661248 0.226387 200.000000 200.000000 200.000000
v 0.120875 0.134888 0.453742 200.000000 200.000000 200.000000
v 0.282105 0.294356 0.520780 200.000000 200.000000 200.000000
v 0.062848 -0.772590 0.062656 200.000000 200.000000 200.000000
v -0.075476 0.037196 0.221484 200.000000 200.000000 200.000000
v 0.207879 0.070896 0.171776 200.000000 200.000000 200.000000
v -0.077210 -0.367487 0.319088 200.000000 200.000000 200.000000
v 0.028858 -0.896094 0.219744 200.000000 200.000000 200.000000
v 0.183007 0.857117 0.256896 200.000000 200.000000 200.000000
v -0.123930 -0.430585 0.019864 200.000000 200.000000 200.000000
v -0.067361 -0.063007 0.244061 200.000000 200.000000 200.000000
v 0.000651 -0.443148 0.029463 200.000000 200.000000 200.000000
v 0.146364 0.657083 0.353000 200.000000 200.000000 200.000000
v 0.056869 0.552124 0.365934 200.000000 200.000000 200.000000
v -0.022384 -0.041425 0.001588 200.000000 200.000000 200.000000
v 0.212181 -0.065741 0.256896 200.000000 200.000000 200.000000
v -0.058196 -0.015634 0.260399 200.000000 200.000000 200.000000
v -0.048499 0.950616 0.244410 200.000000 200.000000 200.000000
v 0.165451 -0.225471 0.240456 200.000000 200.000000 200.000000
v 0.116861 -0.611754 0.291299 200.000000 200.000000 200.000000
v 0.157554 0.496497 0.476917 200.000000 200.000000 200.000000
v 0.135913 -0.386528 0.272963 200.000000 200.000000 200.000000
v 0.109788 -0.347796 0.214115 200.000000 200.000000 200.000000
v -0.097769 -0.039537 0.148966 200.000000 200.000000 200.000000
v -0.026960 0.472920 0.044680 200.000000 200.000000 200.000000
v 0.096729 -0.430581 0.341131 200.000000 200.000000 200.000000
v -0.131548 -0.188010 0.160496 200.000000 200.000000 200.000000
v -0.049331 0.123980 0.054452 200.000000 200.000000 200.000000
v -0.015899 0.129527 0.024308 200.000000 200.000000 200.000000
v 0.126778 0.152106 0.379110 200.000000 200.000000 200.000000
v 0.182267 -0.132012 0.291603 200.000000 200.000000 200.000000
v 0.167274 0.876168 0.322247 200.000000 200.000000 200.000000
v 0.107687 0.453729 0.430165 200.000000 200.000000 200.000000
v 0.114522 -0.451648 0.301319 200.000000 200.000000 200.000000
v -0.104935 -0.841827 0.115147 200.000000 200.000000 200.000000
v -0.039691 -0.715853 0.169341 200.000000 200.000000 200.000000
v -0.162062 0.561861 -0.364123 200.000000 200.000000 200.000000
v -0.135236 -0.199178 0.149441 200.000000 200.000000 200.000000
v 0.126911 0.480178 0.037020 200.000000 200.000000 200.000000
v -0.216032 0.532774 -0.329365 200.000000 200.000000 200.000000
v -0.076420 -0.244613 0.259598 200.000000 200.000000 200.000000
v 0.213142 0.140159 0.309445 200.000000 200.000000 200.000000
v 0.071646 0.222276 0.356573 200.000000 200.000000 200.000000
v 0.104876 -0.602525 0.275335 200.000000 200.000000 200.000000
v 0.202775 0.420192 0.454445 200.000000 200.000000 200.000000
v -0.105433 0.564069 -0.124206 200.000000 200.000000 200.000000
v 0.257912 0.298588 0.530253 200.000000 200.000000 200.000000
v 0.020012 -0.357309 0.020907 200.000000 200.000000 200.000000
v -0.052506 -0.553788 0.166426 200.000000 200.000000 200.000000
v -0.001817 0.629065 0.229868 200.000000 200.000000 200.000000
v -0.102549 -0.154346 0.201412 200.000000 200.000000 200.000000
v 0.201880 0.072570 0.153413 200.000000 200.000000 200.000000
v -0.082590 -0.309435 0.178704 200.000000 200.000000 200.000000
v 0.061786 -0.263052 0.170087 200.000000 200.000000 200.000000
v -0.057077 -0.402699 0.430070 200.000000 200.000000 200.000000
v 0.129271 -0.161370 0.109764 200.000000 200.000000 200.000000
v -0.162905 0.520344 -0.221576 200.000000 200.000000 200.000000
v 0.063511 -0.639719 0.247739 200.000000 200.000000 200.000000
v 0.079645 0.769331 0.177734 200.000000 200.000000 200.000000
v -0.140914 -0.693051 0.074231 200.000000 200.000000 200.000000
v 0.009707 -0.046218 -0.005622 200.000000 200.000000 200.000000
v -0.089363 0.511302 -0.132802 200.000000 200.000000 200.000000
v 0.069412 0.777729 0.160761 200.000000 200.000000 200.000000
v 0.193417 0.308414 0.140588 200.000000 200.000000 200.000000
v 0.013468 0.637541 0.226820 200.000000 200.000000 200.000000
v 0.119515 0.028422 0.379861 200.000000 200.000000 200.000000
v 0.270647 0.326213 0.549969 200.000000 200.000000 200.000000
v 0.123109 0.117220 0.391888 200.000000 200.000000 200.000000
v -0.016872 -0.847767 0.055011 200.000000 200.000000 200.000000
v 0.086746 -0.540711 0.315892 200.000000 200.000000 200.000000
v -0.028257 0.497818 -0.036251 200.000000 200.000000 200.000000
v -0.050971 -0.320777 0.433666 200.000000 200.000000 200.000000
v 0.002462 -0.635154 0.421796 200.000000 200.000000 200.000000
v -0.034846 -0.454315 0.432695 200.000000 200.000000 200.000000
v -0.054648 0.356510 0.239519 200.000000 200.000000 200.000000
v 0.167061 0.062828 0.058455 200.000000 200.000000 200.000000
v 0.248400 0.123609 0.292307 200.000000 200.000000 200.000000
v 0.241544 0.542756 0.385197 200.000000 200.000000 200.000000
v 0.116464 -0.490640 0.278199 200.000000 200.000000 200.000000
v -0.113803 -0.751721 0.111209 200.000000 200.000000 200.000000
v 0.029080 0.916306 0.150867 200.000000 200.000000 200.000000
v -0.160315 -0.592636 0.081552 200.000000 200.000000 200.000000
v 0.124566 0.635361 0.360280 200.000000 200.000000 200.000000
v -0.015703 0.491698 0.007090 200.000000 200.000000 200.000000
v 0.008660 -0.278256 0.430395 200.000000 200.000000 200.000000
v 0.000646 -0.574093 0.155531 200.000000 200.000000 200.000000
v -0.066757 -0.966828 0.082138 200.000000 200.000000 200.000000
v 0.096362 -0.225870 0.063515 200.000000 200.000000 200.000000
v 0.170735 0.146511 0.425499 200.000000 200.000000 200.000000
v 0.147806 0.185897 0.359749 200.000000 200.000000 200.000000
v -0.074741 -0.395237 0.315184 200.000000 200.000000 200.000000
v 0.039266 0.155938 0.340330 200.000000 200.000000 200.000000
v -0.071772 -0.579978 0.325886 200.000000 200.000000 200.000000
v 0.044976 0.669413 0.082859 200.000000 200.000000 200.000000
v 0.092369 -0.965116 0.326960 200.000000 200.000000 200.000000
v 0.197130 0.615168 0.209480 200.000000 200.000000 200.000000
v 0.153305 -0.223223 0.222737 200.000000 200.000000 200.000000
v -0.116730 -0.395261 0.015337 200.000000 200.000000 200.000000
v 0.103679 0.537838 0.012833 200.000000 200.000000 200.000000
v 0.150456 -0.802206 0.268535 200.000000 200.000000 200.000000
v -0.080066 0.042837 0.196743 200.000000 200.000000 200.000000
v 0.141131 0.674600 0.176098 200.000000 200.000000 200.000000
v 0.187981 0.316727 0.385843 200.000000 200.000000 200.000000
v -0.102601 0.542906 -0.270497 200.000000 200.000000 200.000000
v 0.090107 -0.229478 0.040663 200.000000 200.000000 200.000000
v 0.199143 0.548070 0.114719 200.000000 200.000000 200.000000
v 0.223723 0.542183 0.196905 200.000000 200.000000 200.000000
v 0.151355 0.087530 0.364887 200.000000 200.000000 200.000000
v -0.070043 0.017979 0.189526 200.000000 200.000000 200.000000
v 0.076950 -0.316994 0.117357 200.000000 200.000000 200.000000
v -0.023503 -0.823050 0.049662 200.000000 200.000000 200.000000
v 0.073261 -0.986257 0.159774 200.000000 200.000000 200.000000
v 0.059499 -0.589994 0.229991 200.000000 200.000000 200.000000
v -0.222660 0.545074 -0.352138 200.000000 200.000000 200.000000
v 0.047587 -0.558994 0.119502 200.000000 200.000000 200.000000
v 0.234128 0.551464 0.238196 200.000000 200.000000 200.000000
v 0.045556 -0.258298 0.214340 200.000000 200.000000 200.000000
v 0.132957 0.706904 0.226471 200.000000 200.000000 200.000000
v 0.203674 -0.041424 0.175737 200.000000 200.000000 200.000000
v 0.228585 0.425158 0.189463 200.000000 200.000000 200.000000
v -0.085304 0.520225 -0.236056 200.000000 200.000000 200.000000
v 0.138538 0.158706 0.400417 200.000000 200.000000 200.000000
v 0.012525 0.639967 0.225407 200.000000 200.000000 200.000000
v -0.080150 -0.254606 0.188991 200.000000 200.000000 200.000000
v -0.031652 0.925200 0.298136 200.000000 200.000000 200.000000
v -0.027524 0.468024 0.280693 200.000000 200.000000 200.000000
v 0.003888 -0.219914 0.000391 200.000000 200.000000 200.000000
v 0.175868 0.331729 0.386373 200.000000 200.000000 200.000000
v 0.022792 -0.503926 0.051881 200.000000 200.000000 200.000000
v -0.328929 0.540727 -0.607927 200.000000 200.000000 200.000000
v -0.104228 -0.683028 0.049749 200.000000 200.000000 200.000000
v -0.076088 -0.417104 0.417398 200.000000 200.000000 200.000000
v 0.117583 -0.077753 0.388156 200.000000 200.000000 200.000000
v -0.032646 0.507917 0.018463 200.000000 200.000000 200.000000
v -0.007526 0.476180 -0.037846 200.000000 200.000000 200.000000
v -0.058013 -0.667881 0.291216 200.000000 200.000000 200.000000
v 0.128576 -0.639792 0.310680 200.000000 200.000000 200.000000
v 0.024226 -0.344614 0.430692 200.000000 200.000000 200.000000
v 0.138874 0.433191 0.431816 200.000000 200.000000 200.000000
v 0.081033 -0.233662 0.408461 200.000000 200.000000 200.000000
v -0.057163 0.779495 0.187348 200.000000 200.000000 200.000000
v -0.023965 0.483056 -0.054329 200.000000 200.000000 200.000000
v 0.143650 -0.065856 0.051894 200.000000 200.000000 200.000000
v 0.181269 -0.127901 0.296253 200.000000 200.000000 200.000000
v 0.020327 0.056399 -0.002133 200.000000 200.000000 200.000000
v -0.013542 -0.540316 0.143563 200.000000 200.000000 200.000000
v -0.031146 0.821682 0.170597 200.000000 200.000000 200.000000
v 0.023913 -0.499765 0.094609 200.000000 200.000000 200.000000
v 0.008069 -0.517030 0.129724 200.000000 200.000000 200.000000
v -0.011815 -0.847236 0.052547 200.000000 200.000000 200.000000
v 0.115243 -0.203719 0.384022 200.000000 200.000000 200.000000
v -0.014598 0.942721 0.142070 200.000000 200.000000 200.000000
v -0.049976 0.015704 0.273294 200.000000 200.000000 200.000000
v -0.152122 -0.317705 0.130016 200.000000 200.000000 200.000000
v 0.081065 -0.250676 0.161970 200.000000 200.000000 200.000000
v -0.012550 -0.275635 0.432367 200.000000 200.000000 200.000000
v -0.021421 -0.393464 0.005600 200.000000 200.000000 200.000000
