v 0.245450 0.615829 -0.166286 200.000000 200.000000 200.000000
v 0.280317 0.616515 -0.264173 200.000000 200.000000 200.000000
v 0.301881 0.010714 -0.294571 200.000000 200.000000 200.000000
v -0.337836 -0.106840 -0.134213 200.000000 200.000000 200.000000
v 0.026552 0.124779 -0.012805 200.000000 200.000000 200.000000
v 0.121984 -0.576047 -0.046046 200.000000 200.000000 200.000000
v 0.161281 -0.865779 0.017700 200.000000 200.000000 200.000000
v 0.234239 -0.493773 -0.101331 200.000000 200.000000 200.000000
v 0.353912 -0.051118 -0.161486 200.000000 200.000000 200.000000
v 0.228566 -0.614028 -0.126671 200.000000 200.000000 200.000000
v 0.287469 0.001992 -0.259090 200.000000 200.000000 200.000000
v 0.014760 0.803153 -0.175756 200.000000 200.000000 200.000000
v 0.096231 -0.280440 -0.186976 200.000000 200.000000 200.000000
v 0.220424 0.422717 -0.270996 200.000000 200.000000 200.000000
v -0.071388 0.012617 -0.083176 200.000000 200.000000 200.000000
v 0.022213 0.022746 -0.079369 200.000000 200.000000 200.000000
v 0.125333 0.493927 0.139200 200.000000 200.000000 200.000000
v -0.009378 -0.605574 -0.014176 200.000000 200.000000 200.000000
v 0.276032 0.754419 -0.472692 200.000000 200.000000 200.000000
v 0.204016 -0.329350 -0.201962 200.000000 200.000000 200.000000
v 0.189112 -0.084759 -0.237030 200.000000 200.000000 200.000000
v 0.115451 0.894471 -0.332105 200.000000 200.000000 200.000000
v 0.339052 0.769339 -0.489659 200.000000 200.000000 200.000000
v -0.216003 -0.093621 -0.162031 200.000000 200.000000 200.000000
v 0.267822 0.847527 -0.458242 200.000000 200.000000 200.000000
v 0.260152 -0.204840 -0.189447 200.000000 200.000000 200.000000
v 0.117719 0.936354 -0.292792 200.000000 200.000000 200.000000
v -0.284059 -0.043834 -0.161022 200.000000 200.000000 200.000000
v -0.338079 -0.077463 -0.087132 200.000000 200.000000 200.000000
v 0.333728 0.142504 -0.201206 200.000000 200.000000 200.000000
v 0.060505 -0.030672 -0.115193 200.000000 200.000000 200.000000
v 0.239746 0.789582 -0.465017 200.000000 200.000000 200.000000
v 0.123820 0.625032 -0.002878 200.000000 200.000000 200.000000
v -0.115882 -0.025545 0.046419 200.000000 200.000000 200.000000
v 0.138109 -0.680936 -0.025087 200.000000 200.000000 200.000000
v -0.222015 0.196845 0.415924 200.000000 200.000000 200.000000
v 0.188156 0.623956 0.068745 200.000000 200.000000 200.000000
v 0.315139 0.190082 -0.279301 200.000000 200.000000 200.000000
v 0.222083 0.800535 -0.079323 200.000000 200.000000 200.000000
v 0.044356 0.222212 -0.107821 200.000000 200.000000 200.000000
v 0.158012 -0.558902 -0.169060 200.000000 200.000000 200.000000
v 0.004284 0.636617 -0.064043 200.000000 200.000000 200.000000
v -0.153775 -0.226042 -0.115490 200.000000 200.000000 200.000000
v 0.037092 -0.999863 -0.120411 200.000000 200.000000 200.000000
v 0.320961 0.148449 -0.269482 200.000000 200.000000 200.000000
v -0.152516 -0.003205 0.018584 200.000000 200.000000 200.000000
v -0.065911 -0.402481 -0.047854 200.000000 200.000000 200.000000
v 0.265198 -0.281731 -0.132766 200.000000 200.000000 200.000000
v 0.053360 0.186922 -0.037825 200.000000 200.000000 200.000000
v 0.006056 -0.580199 0.066411 200.000000 200.000000 200.000000
v 0.142632 0.874423 -0.409512 200.000000 200.000000 200.000000
v -0.166789 0.297124 0.275866 200.000000 200.000000 200.000000
v 0.091090 0.343185 -0.170671 200.000000 200.000000 200.000000
v 0.232630 -0.433923 -0.106299 200.000000 200.000000 200.000000
v -0.023329 -0.117244 -0.099278 200.000000 200.000000 200.000000
v -0.252621 0.127683 0.375478 200.000000 200.000000 200.000000
v 0.018996 0.767386 0.015926 200.000000 200.000000 200.000000
v 0.090314 0.237660 0.042945 200.000000 200.000000 200.000000
v -0.106916 -0.220036 -0.028700 200.000000 200.000000 200.000000
v -0.372546 0.156824 0.426268 200.000000 200.000000 200.000000
v 0.060027 0.130280 0.073292 200.000000 200.000000 200.000000
v 0.004545 0.290030 0.129372 200.000000 200.000000 200.000000
v -0.066369 -0.317661 -0.056101 200.000000 200.000000 200.000000
v 0.316043 -0.001275 0.001295 200.000000 200.000000 200.000000
v 0.138642 -0.233056 -0.227349 200.000000 200.000000 200.000000
v 0.174181 -0.688048 -0.136489 200.000000 200.000000 200.000000
v 0.334410 0.181048 -0.079914 200.000000 200.000000 200.000000
v 0.189120 0.025821 -0.274366 200.000000 200.000000 200.000000
v 0.308053 -0.182823 -0.131046 200.000000 200.000000 200.000000
v 0.341782 0.052628 -0.182581 200.000000 200.000000 200.000000
v 0.257738 0.518436 0.072555 200.000000 200.000000 200.000000
v -0.303822 -0.162461 -0.055640 200.000000 200.000000 200.000000
v 0.390167 0.607973 -0.293187 200.000000 200.000000 200.000000
v -0.191651 0.195827 0.297034 200.000000 200.000000 200.000000
v -0.271969 -0.164063 -0.025266 200.000000 200.000000 200.000000
v 0.158894 0.639642 0.059731 200.000000 200.000000 200.000000
v 0.024379 0.629917 -0.044022 200.000000 200.000000 200.000000
v 0.039870 -0.156597 -0.114028 200.000000 200.000000 200.000000
v 0.218629 0.092592 0.106438 200.000000 200.000000 200.000000
v -0.351409 0.193149 0.494846 200.000000 200.000000 200.000000
v 0.131988 0.205779 0.093494 200.000000 200.000000 200.000000
v -0.002791 0.441623 0.049458 200.000000 200.000000 200.000000
v 0.260210 0.005635 0.084356 200.000000 200.000000 200.000000
v 0.153829 0.804169 -0.209477 200.000000 200.000000 200.000000
v -0.031079 -0.365288 -0.032178 200.000000 200.000000 200.000000
v 0.046057 0.264721 -0.151321 200.000000 200.000000 200.000000
v 0.148612 -0.312662 -0.218987 200.000000 200.000000 200.000000
v -0.307248 -0.080613 -0.050086 200.000000 200.000000 200.000000
v -0.099028 0.355497 0.230686 200.000000 200.000000 200.000000
v 0.277051 0.571666 -0.341923 200.000000 200.000000 200.000000
v 0.031500 0.131659 -0.095514 200.000000 200.000000 200.000000
v 0.315003 0.082737 -0.035638 200.000000 200.000000 200.000000
v 0.092386 -0.466474 -0.078505 200.000000 200.000000 200.000000
v 0.121945 0.658712 -0.167745 200.000000 200.000000 200.000000
v 0.238122 -0.133674 0.010480 200.000000 200.000000 200.000000
v 0.230865 -0.061635 0.085309 200.000000 200.000000 200.000000
v 0.149907 0.859051 -0.042218 200.000000 200.000000 200.000000
v 0.025508 0.017258 -0.092167 200.000000 200.000000 200.000000
v 0.068555 0.551411 -0.012619 200.000000 200.000000 200.000000
v -0.084922 -0.266834 -0.054073 200.000000 200.000000 200.000000
v 0.036882 0.862848 -0.132632 200.000000 200.000000 200.000000
v 0.212591 0.036933 -0.287153 200.000000 200.000000 200.000000
v -0.189716 -0.157420 -0.140655 200.000000 200.000000 200.000000
v 0.140221 -0.765188 -0.104938 200.000000 200.000000 200.000000
v 0.049712 0.145758 -0.117202 200.000000 200.000000 200.000000
v 0.042296 0.513256 0.134663 200.000000 200.000000 200.000000
v -0.212073 0.233526 0.403156 200.000000 200.000000 200.000000
v 0.288168 0.372738 -0.002139 200.000000 200.000000 200.000000
v 0.190792 0.271533 -0.282974 200.000000 200.000000 200.000000
v 0.118330 0.211346 0.072536 200.000000 200.000000 200.000000
v 0.134970 0.246400 0.079375 200.000000 200.000000 200.000000
v 0.088384 -0.211337 -0.179415 200.000000 200.000000 200.000000
v 0.127070 0.266371 -0.247238 200.000000 200.000000 200.000000
v 0.026376 0.029735 -0.082831 200.000000 200.000000 200.000000
v 0.189972 -0.998936 -0.045042 200.000000 200.000000 200.000000
v -0.245788 0.138590 0.362140 200.000000 200.000000 200.000000
v -0.043416 -0.166009 -0.059832 200.000000 200.000000 200.000000
v -0.198037 0.011769 -0.042410 200.000000 200.000000 200.000000
v -0.055223 -0.463484 -0.023786 200.000000 200.000000 200.000000
v -0.151980 0.222946 0.373445 200.000000 200.000000 200.000000
v 0.090118 -0.138842 0.059560 200.000000 200.000000 200.000000
v 0.039032 0.105970 -0.156922 200.000000 200.000000 200.000000
v 0.149851 0.267469 0.086889 200.000000 200.000000 200.000000
v 0.151613 0.025520 0.137142 200.000000 200.000000 200.000000
v 0.386064 0.626134 -0.307397 200.000000 200.000000 200.000000
v 0.030341 0.471539 -0.033030 200.000000 200.000000 200.000000
v 0.330680 0.515682 -0.369190 200.000000 200.000000 200.000000
v 0.223430 0.628510 -0.164235 200.000000 200.000000 200.000000
v 0.139044 -0.885590 0.003291 200.000000 200.000000 200.000000
v 0.056650 0.920790 -0.350504 200.000000 200.000000 200.000000
v 0.107388 0.030995 0.134024 200.000000 200.000000 200.000000
v 0.315936 0.827427 -0.449120 200.000000 200.000000 200.000000
v 0.281138 0.617969 -0.268336 200.000000 200.000000 200.000000
v 0.077667 0.498469 -0.102421 200.000000 200.000000 200.000000
v 0.025888 0.280347 0.158304 200.000000 200.000000 200.000000
v 0.237159 -0.151040 -0.011009 200.000000 200.000000 200.000000
v 0.063540 0.497313 -0.054159 200.000000 200.000000 200.000000
v 0.045110 -0.177858 -0.077246 200.000000 200.000000 200.000000
v 0.086855 0.134655 -0.199407 200.000000 200.000000 200.000000
v 0.087342 -0.152251 0.035675 200.000000 200.000000 200.000000
v 0.016057 -0.075183 0.084647 200.000000 200.000000 200.000000
v -0.276654 0.204601 0.448810 200.000000 200.000000 200.000000
v 0.264847 0.823599 -0.357099 200.000000 200.000000 200.000000
v 0.302137 0.343996 -0.016235 200.000000 200.000000 200.000000
v 0.292823 0.664370 -0.384641 200.000000 200.000000 200.000000
v 0.144503 0.895485 -0.363439 200.000000 200.000000 200.000000
v 0.302981 0.426297 -0.000079 200.000000 200.000000 200.000000
v 0.121339 -0.652058 -0.044600 200.000000 200.000000 200.000000
v 0.332224 0.464623 -0.026108 200.000000 200.000000 200.000000
v -0.225973 0.149286 0.410050 200.000000 200.000000 200.000000
v -0.143324 -0.278739 -0.104140 200.000000 200.000000 200.000000
v 0.056088 -0.445710 0.024604 200.000000 200.000000 200.000000
v -0.031055 0.376494 0.079208 200.000000 200.000000 200.000000
v 0.328051 0.319620 -0.039928 200.000000 200.000000 200.000000
v -0.314291 -0.057130 -0.152545 200.000000 200.000000 200.000000
v 0.345581 0.316661 -0.133395 200.000000 200.000000 200.000000
v 0.325115 0.010323 -0.247430 200.000000 200.000000 200.000000
v 0.004963 0.245529 0.192678 200.000000 200.000000 200.000000
v 0.142893 0.924316 -0.377725 200.000000 200.000000 200.000000
v -0.282789 -0.083848 -0.178469 200.000000 200.000000 200.000000
v -0.181098 -0.302715 -0.081050 200.000000 200.000000 200.000000
v 0.198140 -0.118775 0.071647 200.000000 200.000000 200.000000
v -0.095299 0.356779 0.245054 200.000000 200.000000 200.000000
v 0.172725 0.824453 -0.146701 200.000000 200.000000 200.000000
v 0.330416 0.156905 -0.070101 200.000000 200.000000 200.000000
v 0.168189 0.444287 0.120350 200.000000 200.000000 200.000000
v 0.261323 0.543155 0.081835 200.000000 200.000000 200.000000
v 0.303923 0.597013 -0.135585 200.000000 200.000000 200.000000
v 0.229563 0.605978 -0.211344 200.000000 200.000000 200.000000
v 0.090666 0.359616 -0.176794 200.000000 200.000000 200.000000
v 0.321587 0.387097 -0.053332 200.000000 200.000000 200.000000
v 0.365538 0.774099 -0.397941 200.000000 200.000000 200.000000
v 0.039757 0.869373 -0.119617 200.000000 200.000000 200.000000
v 0.041189 0.264361 -0.123899 200.000000 200.000000 200.000000
v 0.139476 -0.141020 -0.223607 200.000000 200.000000 200.000000
v 0.134050 0.527535 0.102037 200.000000 200.000000 200.000000
v 0.108260 0.181081 0.088414 200.000000 200.000000 200.000000
v -0.159065 -0.155540 -0.116291 200.000000 200.000000 200.000000
v -0.149572 -0.351302 0.013128 200.000000 200.000000 200.000000
v 0.072126 0.559902 -0.110681 200.000000 200.000000 200.000000
v 0.010158 0.448777 -0.003162 200.000000 200.000000 200.000000
v 0.035905 0.095222 -0.144778 200.000000 200.000000 200.000000
v 0.109633 0.003629 -0.212791 200.000000 200.000000 200.000000
v -0.015159 -0.550429 -0.014001 200.000000 200.000000 200.000000
v 0.167624 0.171118 0.090218 200.000000 200.000000 200.000000
v 0.137210 -0.883041 -0.067777 200.000000 200.000000 200.000000
v 0.133497 0.007346 -0.216945 200.000000 200.000000 200.000000
v 0.016058 0.280280 -0.069508 200.000000 200.000000 200.000000
v 0.003164 -0.624026 0.025455 200.000000 200.000000 200.000000
v 0.193582 -0.575297 -0.155325 200.000000 200.000000 200.000000
v 0.067714 -0.143220 0.045137 200.000000 200.000000 200.000000
v 0.281327 -0.057157 -0.202995 200.000000 200.000000 200.000000
v 0.086836 0.615443 -0.028048 200.000000 200.000000 200.000000
v 0.302963 0.104872 -0.281893 200.000000 200.000000 200.000000
v -0.120607 -0.094146 -0.130494 200.000000 200.000000 200.000000
v 0.243957 0.020297 0.098737 200.000000 200.000000 200.000000
v 0.062438 0.159835 -0.169445 200.000000 200.000000 200.000000
v 0.226445 -0.544087 -0.139729 200.000000 200.000000 200.000000
v 0.022289 0.122934 -0.032519 200.000000 200.000000 200.000000
v 0.290669 0.673532 -0.391969 200.000000 200.000000 200.000000
v -0.010086 0.381631 0.045229 200.000000 200.000000 200.000000
v -0.034052 -0.500405 0.058103 200.000000 200.000000 200.000000
v 0.241588 0.091849 0.085211 200.000000 200.000000 200.000000
v 0.064068 0.525564 -0.025780 200.000000 200.000000 200.000000
v 0.257632 -0.235261 -0.060932 200.000000 200.000000 200.000000
v -0.058537 -0.507785 0.005094 200.000000 200.000000 200.000000
v -0.212701 -0.076461 -0.162746 200.000000 200.000000 200.000000
v 0.342429 0.338668 -0.080432 200.000000 200.000000 200.000000
v 0.100884 -0.986155 -0.125046 200.000000 200.000000 200.000000
v -0.034550 0.002491 0.073403 200.000000 200.000000 200.000000
v 0.309680 0.575435 -0.008581 200.000000 200.000000 200.000000
v 0.124443 -0.960410 -0.088846 200.000000 200.000000 200.000000
v 0.231376 0.128629 -0.290068 200.000000 200.000000 200.000000
v -0.180086 -0.033601 -0.139137 200.000000 200.000000 200.000000
v -0.004512 0.436709 0.052512 200.000000 200.000000 200.000000
v 0.300951 0.210873 -0.031896 200.000000 200.000000 200.000000
v 0.091035 0.235375 -0.183841 200.000000 200.000000 200.000000
v 0.097684 0.609215 0.076344 200.000000 200.000000 200.000000
v 0.096191 0.791628 0.016404 200.000000 200.000000 200.000000
v 0.135789 0.619084 -0.016634 200.000000 200.000000 200.000000
v -0.256151 0.123313 0.395637 200.000000 200.000000 200.000000
v -0.002483 0.316199 0.087201 200.000000 200.000000 200.000000
v 0.109959 0.561373 0.082356 200.000000 200.000000 200.000000
v 0.183946 -0.669835 -0.010369 200.000000 200.000000 200.000000
v 0.249447 -0.661971 -0.067814 200.000000 200.000000 200.000000
v 0.026204 -0.024465 -0.079074 200.000000 200.000000 200.000000
v 0.221039 -0.395499 -0.166700 200.000000 200.000000 200.000000
v 0.158821 0.791066 -0.001451 200.000000 200.000000 200.000000
v -0.208001 -0.038090 -0.150011 200.000000 200.000000 200.000000
v -0.228386 -0.150967 -0.153787 200.000000 200.000000 200.000000
v 0.349167 -0.016982 -0.059160 200.000000 200.000000 200.000000
v -0.024565 0.814886 -0.124815 200.000000 200.000000 200.000000
v 0.034725 0.696660 -0.017021 200.000000 200.000000 200.000000
v 0.241025 -0.679356 -0.038442 200.000000 200.000000 200.000000
v 0.063255 -0.285003 -0.102208 200.000000 200.000000 200.000000
v 0.070991 0.807022 0.014193 200.000000 200.000000 200.000000
v 0.215185 -0.539783 -0.049877 200.000000 200.000000 200.000000
v -0.303218 -0.033353 -0.127492 200.000000 200.000000 200.000000
v 0.186717 -0.295671 -0.216133 200.000000 200.000000 200.000000
v 0.293256 0.831357 -0.371509 200.000000 200.000000 200.000000
v 0.189175 -0.466546 -0.038113 200.000000 200.000000 200.000000
v 0.320445 0.825982 -0.391413 200.000000 200.000000 200.000000
v 0.109540 0.552193 0.096604 200.000000 200.000000 200.000000
v -0.119921 0.330677 0.227455 200.000000 200.000000 200.000000
v -0.036854 0.292076 0.143659 200.000000 200.000000 200.000000
v -0.155496 0.026325 -0.052104 200.000000 200.000000 200.000000
v -0.103706 0.279265 0.337440 200.000000 200.000000 200.000000
v -0.298352 -0.164373 -0.050892 200.000000 200.000000 200.000000
v 0.311385 0.233583 -0.035148 200.000000 200.000000 200.000000
v 0.062324 -0.125113 -0.148318 200.000000 200.000000 200.000000
v 0.283860 0.620852 -0.312739 200.000000 200.000000 200.000000
v 0.137417 0.379088 0.122578 200.000000 200.000000 200.000000
v 0.327540 -0.072785 -0.137848 200.000000 200.000000 200.000000
v 0.305869 0.382369 -0.027983 200.000000 200.000000 200.000000
v -0.112958 -0.074051 -0.124629 200.000000 200.000000 200.000000
v 0.315588 -0.072142 -0.008562 200.000000 200.000000 200.000000
v 0.123144 -0.423268 -0.172828 200.000000 200.000000 200.000000
v 0.151134 -0.839964 0.013385 200.000000 200.000000 200.000000
v 0.036662 0.863721 -0.059747 200.000000 200.000000 200.000000
v 0.076652 0.922742 -0.282391 200.000000 200.000000 200.000000
v 0.280191 0.724717 -0.457513 200.000000 200.000000 200.000000
v 0.252986 0.450098 0.062125 200.000000 200.000000 200.000000
v 0.002957 0.850161 -0.105432 200.000000 200.000000 200.000000
v 0.149429 0.083206 -0.249312 200.000000 200.000000 200.000000
v 0.121079 -0.730312 -0.047067 200.000000 200.000000 200.000000
v 0.143763 0.464698 -0.231267 200.000000 200.000000 200.000000
v 0.045066 0.262223 -0.138399 200.000000 200.000000 200.000000
v -0.109555 0.295431 0.198965 200.000000 200.000000 200.000000
v 0.164993 0.644092 0.048971 200.000000 200.000000 200.000000
v 0.199782 -0.769133 0.003789 200.000000 200.000000 200.000000
v 0.201518 0.783009 -0.066326 200.000000 200.000000 200.000000
v 0.199879 -0.450114 -0.163712 200.000000 200.000000 200.000000
v -0.115888 -0.408338 0.017481 200.000000 200.000000 200.000000
v 0.154215 -0.249783 -0.040256 200.000000 200.000000 200.000000
v 0.277860 0.750023 -0.473471 200.000000 200.000000 200.000000
v 0.135074 0.875120 -0.359343 200.000000 200.000000 200.000000
v 0.063140 0.292763 0.125713 200.000000 200.000000 200.000000
v 0.070272 -0.038586 -0.132460 200.000000 200.000000 200.000000
v 0.296743 0.629753 -0.431153 200.000000 200.000000 200.000000
v 0.055480 0.386312 -0.140716 200.000000 200.000000 200.000000
v -0.049398 0.761976 -0.096908 200.000000 200.000000 200.000000
v 0.295249 0.337273 -0.304124 200.000000 200.000000 200.000000
v -0.048576 -0.499400 0.044201 200.000000 200.000000 200.000000
v -0.038025 0.791611 -0.097984 200.000000 200.000000 200.000000
v 0.146096 -0.431296 -0.043433 200.000000 200.000000 200.000000
v 0.150446 0.810040 0.000969 200.000000 200.000000 200.000000
v 0.105725 -0.999612 -0.103365 200.000000 200.000000 200.000000
v 0.041590 -0.161532 -0.028169 200.000000 200.000000 200.000000
v 0.299645 0.455330 0.018401 200.000000 200.000000 200.000000
v 0.066244 0.459043 -0.177580 200.000000 200.000000 200.000000
v 0.370317 0.456104 -0.241631 200.000000 200.000000 200.000000
v 0.211149 -0.522150 -0.050659 200.000000 200.000000 200.000000
v 0.294298 0.310927 -0.302460 200.000000 200.000000 200.000000
v 0.249289 0.410669 0.064459 200.000000 200.000000 200.000000
v 0.170620 0.161623 0.103709 200.000000 200.000000 200.000000
v 0.374493 0.481778 -0.235167 200.000000 200.000000 200.000000
v 0.321110 0.089902 -0.045748 200.000000 200.000000 200.000000
v -0.013978 -0.132240 -0.095518 200.000000 200.000000 200.000000
v 0.371817 0.470143 -0.236400 200.000000 200.000000 200.000000
v 0.304730 0.635599 -0.232112 200.000000 200.000000 200.000000
v 0.117099 0.245578 -0.246797 200.000000 200.000000 200.000000
v 0.166845 0.635046 -0.023456 200.000000 200.000000 200.000000
v 0.006139 -0.999718 -0.135890 200.000000 200.000000 200.000000
v -0.288115 0.163928 0.468627 200.000000 200.000000 200.000000
v -0.337638 -0.072392 -0.122631 200.000000 200.000000 200.000000
v 0.385178 0.563503 -0.180083 200.000000 200.000000 200.000000
v 0.076909 0.798288 0.017402 200.000000 200.000000 200.000000
v -0.022164 -0.411351 -0.024751 200.000000 200.000000 200.000000
v 0.284988 -0.110666 -0.000616 200.000000 200.000000 200.000000
v 0.166353 0.853392 -0.043757 200.000000 200.000000 200.000000
v 0.025144 -0.122906 -0.107746 200.000000 200.000000 200.000000
v -0.064939 0.228490 0.237872 200.000000 200.000000 200.000000
v 0.217809 -0.219970 -0.220826 200.000000 200.000000 200.000000
v 0.115956 0.452253 0.153924 200.000000 200.000000 200.000000
v -0.224086 -0.249556 -0.095421 200.000000 200.000000 200.000000
v 0.232761 0.588062 -0.198804 200.000000 200.000000 200.000000
v 0.241756 0.064925 0.088053 200.000000 200.000000 200.000000
v -0.000263 0.048959 -0.028898 200.000000 200.000000 200.000000
v 0.129670 -0.244327 -0.049637 200.000000 200.000000 200.000000
v -0.239457 -0.262385 -0.043648 200.000000 200.000000 200.000000
v 0.128226 -0.611491 -0.150703 200.000000 200.000000 200.000000
v 0.051006 0.866031 -0.046629 200.000000 200.000000 200.000000
v 0.198259 0.581579 0.083367 200.000000 200.000000 200.000000
v 0.201196 0.898184 -0.435941 200.000000 200.000000 200.000000
v 0.153318 -0.862287 0.016716 200.000000 200.000000 200.000000
v 0.193031 -0.264569 -0.220121 200.000000 200.000000 200.000000
v 0.108823 0.572722 0.094211 200.000000 200.000000 200.000000
v 0.283188 0.602615 -0.315150 200.000000 200.000000 200.000000
v 0.275378 0.571621 0.059696 200.000000 200.000000 200.000000
v 0.262360 0.254684 -0.298767 200.000000 200.000000 200.000000
v 0.272656 -0.015175 -0.291650 200.000000 200.000000 200.000000
v 0.071854 0.558231 -0.137129 200.000000 200.000000 200.000000
v -0.081450 0.327487 0.163812 200.000000 200.000000 200.000000
v -0.197003 -0.247929 -0.115427 200.000000 200.000000 200.000000
v 0.183400 -0.461727 -0.183811 200.000000 200.000000 200.000000
v 0.080255 -0.954274 -0.049659 200.000000 200.000000 200.000000
v 0.076955 -0.371459 -0.099078 200.000000 200.000000 200.000000
v 0.026955 0.394671 -0.065676 200.000000 200.000000 200.000000
v 0.148634 0.780510 0.002757 200.000000 200.000000 200.000000
v 0.065967 0.777415 0.014797 200.000000 200.000000 200.000000
v 0.045997 0.651215 -0.019553 200.000000 200.000000 200.000000
v 0.124032 -0.288611 -0.053708 200.000000 200.000000 200.000000
v -0.227907 0.254334 0.391072 200.000000 200.000000 200.000000
v -0.058537 -0.164887 -0.066595 200.000000 200.000000 200.000000
v -0.059542 0.262522 0.167143 200.000000 200.000000 200.000000
v -0.229085 -0.244024 -0.010179 200.000000 200.000000 200.000000
v 0.038381 0.612794 -0.038483 200.000000 200.000000 200.000000
v 0.270181 0.832045 -0.362326 200.000000 200.000000 200.000000
v 0.072002 0.591747 0.031925 200.000000 200.000000 200.000000
v -0.091805 0.200181 0.310055 200.000000 200.000000 200.000000
v -0.144672 -0.262000 0.026473 200.000000 200.000000 200.000000
v 0.167290 -0.391282 -0.200438 200.000000 200.000000 200.000000
v 0.087240 0.328531 0.170384 200.000000 200.000000 200.000000
v 0.160519 -0.628295 -0.022509 200.000000 200.000000 200.000000
v 0.128904 -0.266079 -0.046297 200.000000 200.000000 200.000000
v 0.129919 0.797547 -0.205091 200.000000 200.000000 200.000000
v 0.099231 0.508327 0.145595 200.000000 200.000000 200.000000
v -0.158468 0.014144 -0.088104 200.000000 200.000000 200.000000
v 0.144344 0.721592 -0.020925 200.000000 200.000000 200.000000
v 0.293324 0.332230 -0.305307 200.000000 200.000000 200.000000
v -0.001941 -0.995529 -0.138562 200.000000 200.000000 200.000000
v 0.186235 -0.972887 0.026180 200.000000 200.000000 200.000000
v 0.042516 0.255761 -0.064057 200.000000 200.000000 200.000000
v 0.301921 0.597160 -0.119434 200.000000 200.000000 200.000000
v -0.115294 0.036063 -0.013893 200.000000 200.000000 200.000000
v 0.345745 0.056548 -0.227872 200.000000 200.000000 200.000000
v 0.054973 0.172719 -0.105722 200.000000 200.000000 200.000000
v 0.239943 0.512294 0.086091 200.000000 200.000000 200.000000
v 0.203633 0.422680 0.098715 200.000000 200.000000 200.000000
v 0.165934 -0.865221 -0.094853 200.000000 200.000000 200.000000
v 0.019625 0.850549 -0.139015 200.000000 200.000000 200.000000
v 0.392645 0.578358 -0.316687 200.000000 200.000000 200.000000
v 0.246504 -0.676637 -0.088102 200.000000 200.000000 200.000000
v -0.102946 0.188539 0.295998 200.000000 200.000000 200.000000
v 0.145160 -0.006533 -0.240394 200.000000 200.000000 200.000000
v 0.298623 0.689651 -0.364447 200.000000 200.000000 200.000000
v 0.278679 0.612278 -0.271585 200.000000 200.000000 200.000000
v 0.130761 0.337639 0.117959 200.000000 200.000000 200.000000
v 0.275047 0.621742 -0.173789 200.000000 200.000000 200.000000
v 0.100270 0.447853 -0.226853 200.000000 200.000000 200.000000
v -0.039121 0.307818 0.292440 200.000000 200.000000 200.000000
v -0.127001 -0.408400 -0.005784 200.000000 200.000000 200.000000
v 0.001086 0.816515 -0.017862 200.000000 200.000000 200.000000
v 0.195185 0.835786 -0.123949 200.000000 200.000000 200.000000
v 0.063919 0.053878 -0.149646 200.000000 200.000000 200.000000
v -0.155655 0.310027 0.331167 200.000000 200.000000 200.000000
v 0.357821 0.349257 -0.169551 200.000000 200.000000 200.000000
v 0.120093 -0.639624 -0.125203 200.000000 200.000000 200.000000
v 0.133194 0.750802 -0.002242 200.000000 200.000000 200.000000
v 0.304867 0.069649 0.020099 200.000000 200.000000 200.000000
v 0.345278 0.290377 -0.166921 200.000000 200.000000 200.000000
v 0.283835 0.577304 0.021792 200.000000 200.000000 200.000000
v 0.116016 0.492301 0.146402 200.000000 200.000000 200.000000
v -0.340867 -0.073106 -0.103773 200.000000 200.000000 200.000000
v 0.335917 0.192928 -0.080946 200.000000 200.000000 200.000000
v -0.145792 -0.259030 -0.110772 200.000000 200.000000 200.000000
v 0.180588 0.260880 0.068828 200.000000 200.000000 200.000000
v 0.350080 0.556764 -0.379216 200.000000 200.000000 200.000000
v 0.211103 0.387738 -0.264459 200.000000 200.000000 200.000000
v 0.206195 -0.920852 -0.046780 200.000000 200.000000 200.000000
v 0.322748 0.596109 -0.130938 200.000000 200.000000 200.000000
v 0.089555 0.187457 -0.200284 200.000000 200.000000 200.000000
v 0.385746 0.578898 -0.369554 200.000000 200.000000 200.000000
v 0.338994 0.102796 -0.115935 200.000000 200.000000 200.000000
v 0.205983 0.748738 -0.097536 200.000000 200.000000 200.000000
v 0.282292 0.723579 -0.379791 200.000000 200.000000 200.000000
v -0.047657 0.406052 0.171858 200.000000 200.000000 200.000000
v 0.104486 0.228869 -0.236601 200.000000 200.000000 200.000000
v 0.356949 -0.066098 -0.121574 200.000000 200.000000 200.000000
v -0.151619 -0.160278 -0.019177 200.000000 200.000000 200.000000
v 0.283621 0.147348 0.037817 200.000000 200.000000 200.000000
v 0.190491 -0.146858 0.039422 200.000000 200.000000 200.000000
v 0.088791 0.296548 -0.200208 200.000000 200.000000 200.000000
v 0.390439 0.557982 -0.238967 200.000000 200.000000 200.000000
v 0.223147 0.264347 0.067302 200.000000 200.000000 200.000000
v -0.124539 -0.150168 -0.016907 200.000000 200.000000 200.000000
v 0.141294 -0.343135 -0.046547 200.000000 200.000000 200.000000
v 0.000535 -0.613075 0.048906 200.000000 200.000000 200.000000
v 0.046790 0.495888 -0.013936 200.000000 200.000000 200.000000
v 0.287833 0.128653 0.026811 200.000000 200.000000 200.000000
v -0.235063 0.179083 0.319208 200.000000 200.000000 200.000000
v -0.149369 0.211152 0.364178 200.000000 200.000000 200.000000
v -0.181755 -0.149789 -0.134343 200.000000 200.000000 200.000000
v -0.087828 -0.381524 0.044202 200.000000 200.000000 200.000000
v 0.017877 0.279230 0.144198 200.000000 200.000000 200.000000
v -0.321228 -0.091837 -0.155468 200.000000 200.000000 200.000000
v 0.160001 0.344868 -0.241602 200.000000 200.000000 200.000000
v 0.053685 0.797923 -0.184955 200.000000 200.000000 200.000000
v 0.257226 0.647537 -0.090957 200.000000 200.000000 200.000000
v -0.042588 -0.526993 -0.011329 200.000000 200.000000 200.000000
v -0.029804 -0.132566 0.025031 200.000000 200.000000 200.000000
v 0.189581 0.683184 -0.127745 200.000000 200.000000 200.000000
v 0.150276 0.464070 -0.232625 200.000000 200.000000 200.000000
v 0.348540 0.392565 -0.224623 200.000000 200.000000 200.000000
v 0.124433 0.598702 0.061581 200.000000 200.000000 200.000000
v -0.147318 -0.190244 0.005414 200.000000 200.000000 200.000000
v 0.085317 0.403901 0.175733 200.000000 200.000000 200.000000
v 0.092458 0.265270 0.055897 200.000000 200.000000 200.000000
v 0.092242 0.019658 0.135808 200.000000 200.000000 200.000000
v 0.118503 -0.715726 -0.055860 200.000000 200.000000 200.000000
v -0.333668 -0.140274 -0.093017 200.000000 200.000000 200.000000
v 0.358601 0.693140 -0.338133 200.000000 200.000000 200.000000
v 0.193473 0.596335 -0.201028 200.000000 200.000000 200.000000
v -0.008081 0.423066 0.062194 200.000000 200.000000 200.000000
v 0.169087 -0.095450 0.098795 200.000000 200.000000 200.000000
v 0.279822 0.613362 0.012220 200.000000 200.000000 200.000000
v -0.191326 0.013073 -0.079678 200.000000 200.000000 200.000000
v -0.002585 -0.628206 0.034398 200.000000 200.000000 200.000000
v 0.248410 -0.272497 -0.179409 200.000000 200.000000 200.000000
v 0.136896 -0.416413 -0.189459 200.000000 200.000000 200.000000
v 0.159286 0.794752 -0.152323 200.000000 200.000000 200.000000
v 0.235473 0.460485 -0.283117 200.000000 200.000000 200.000000
v 0.041410 -0.999361 -0.084547 200.000000 200.000000 200.000000
v -0.042883 0.007969 0.068385 200.000000 200.000000 200.000000
v 0.232377 0.786244 -0.362769 200.000000 200.000000 200.000000
v 0.033013 0.067320 -0.121941 200.000000 200.000000 200.000000
v 0.092453 0.700688 -0.002051 200.000000 200.000000 200.000000
v 0.193334 0.695375 -0.124035 200.000000 200.000000 200.000000
v 0.154578 -0.988521 -0.083748 200.000000 200.000000 200.000000
v 0.000644 0.248658 0.226721 200.000000 200.000000 200.000000
v -0.237363 -0.230872 -0.013158 200.000000 200.000000 200.000000
v -0.085862 0.208887 0.276823 200.000000 200.000000 200.000000
v 0.387605 0.523327 -0.241358 200.000000 200.000000 200.000000
v 0.234769 -0.548519 -0.104403 200.000000 200.000000 200.000000
v 0.202648 0.808670 -0.031408 200.000000 200.000000 200.000000
v 0.151396 -0.625067 -0.155365 200.000000 200.000000 200.000000
v 0.286006 0.129735 0.031684 200.000000 200.000000 200.000000
v 0.187883 0.841459 -0.145112 200.000000 200.000000 200.000000
v -0.049373 -0.362919 -0.051928 200.000000 200.000000 200.000000
v 0.056781 0.280096 0.024761 200.000000 200.000000 200.000000
v 0.329998 -0.086645 -0.128987 200.000000 200.000000 200.000000
v 0.087598 0.562518 0.022005 200.000000 200.000000 200.000000
v 0.137771 0.719474 -0.187695 200.000000 200.000000 200.000000
v 0.371366 0.539757 -0.121011 200.000000 200.000000 200.000000
v -0.268996 -0.211848 -0.097308 200.000000 200.000000 200.000000
v 0.108111 -0.611476 -0.089181 200.000000 200.000000 200.000000
v 0.297573 0.214579 -0.000024 200.000000 200.000000 200.000000
v 0.086665 -0.133136 0.065516 200.000000 200.000000 200.000000
v 0.104411 0.951740 -0.359279 200.000000 200.000000 200.000000
v 0.344441 0.299708 -0.183275 200.000000 200.000000 200.000000
v 0.163949 -0.150616 0.045472 200.000000 200.000000 200.000000
v 0.365904 0.421276 -0.151580 200.000000 200.000000 200.000000
v 0.386138 0.551428 -0.259693 200.000000 200.000000 200.000000
v -0.046908 0.233732 0.224382 200.000000 200.000000 200.000000
v 0.114907 -0.605964 -0.146874 200.000000 200.000000 200.000000
v 0.045266 0.653166 -0.018929 200.000000 200.000000 200.000000
v -0.075775 0.017920 -0.078906 200.000000 200.000000 200.000000
v -0.070869 0.316819 0.156658 200.000000 200.000000 200.000000
v 0.210064 -0.089088 0.088962 200.000000 200.000000 200.000000
v 0.056021 0.155453 0.008804 200.000000 200.000000 200.000000
v -0.078266 -0.144314 -0.095537 200.000000 200.000000 200.000000
v 0.294131 0.629581 -0.181634 200.000000 200.000000 200.000000
v 0.089454 0.423849 0.162132 200.000000 200.000000 200.000000
v 0.198472 -0.541624 -0.158159 200.000000 200.000000 200.000000
v 0.216682 0.171686 -0.283570 200.000000 200.000000 200.000000
v 0.103993 -0.621932 -0.081416 200.000000 200.000000 200.000000
v 0.192687 0.718565 -0.152948 200.000000 200.000000 200.000000
v 0.188855 0.916827 -0.335404 200.000000 200.000000 200.000000
v 0.040988 0.141499 0.046654 200.000000 200.000000 200.000000
v 0.173586 0.911282 -0.330592 200.000000 200.000000 200.000000
v 0.286301 0.637303 -0.195249 200.000000 200.000000 200.000000
v 0.056228 0.543062 0.115591 200.000000 200.000000 200.000000
v 0.109585 -0.268800 -0.058646 200.000000 200.000000 200.000000
v 0.311019 0.477162 -0.346228 200.000000 200.000000 200.000000
v 0.044192 -0.230874 -0.084913 200.000000 200.000000 200.000000
v 0.131939 0.152878 -0.246392 200.000000 200.000000 200.000000
v 0.267275 0.421826 0.049442 200.000000 200.000000 200.000000
v 0.277057 0.872336 -0.407734 200.000000 200.000000 200.000000
v -0.183278 0.164889 0.311447 200.000000 200.000000 200.000000
v -0.142205 -0.167668 -0.090597 200.000000 200.000000 200.000000
v -0.156538 -0.060747 0.026891 200.000000 200.000000 200.000000
v -0.162808 -0.244287 0.020010 200.000000 200.000000 200.000000
v 0.269373 -0.039462 0.060571 200.000000 200.000000 200.000000
v 0.356711 0.363795 -0.185799 200.000000 200.000000 200.000000
v 0.151388 0.260729 -0.264816 200.000000 200.000000 200.000000
v -0.141227 -0.170698 -0.022663 200.000000 200.000000 200.000000
v 0.208328 -0.003490 -0.263376 200.000000 200.000000 200.000000
v 0.230741 0.441622 -0.301236 200.000000 200.000000 200.000000
v 0.330071 0.655889 -0.285758 200.000000 200.000000 200.000000
v 0.298898 0.774694 -0.360583 200.000000 200.000000 200.000000
v 0.350513 0.001203 -0.088502 200.000000 200.000000 200.000000
v 0.004417 0.609751 -0.082873 200.000000 200.000000 200.000000
v -0.217759 0.199735 0.314902 200.000000 200.000000 200.000000
v 0.323988 0.724626 -0.488089 200.000000 200.000000 200.000000
v 0.169219 -0.544084 -0.161269 200.000000 200.000000 200.000000
v 0.287855 0.394475 0.011391 200.000000 200.000000 200.000000
v 0.140663 0.864302 -0.058256 200.000000 200.000000 200.000000
v 0.057859 0.212484 0.030601 200.000000 200.000000 200.000000
v 0.222360 0.641830 -0.147890 200.000000 200.000000 200.000000
v 0.188896 -0.179261 -0.037285 200.000000 200.000000 200.000000
v -0.188801 0.185913 0.307897 200.000000 200.000000 200.000000
v 0.244869 0.151474 0.066443 200.000000 200.000000 200.000000
v -0.274758 0.134054 0.445065 200.000000 200.000000 200.000000
v 0.033809 0.521374 0.125031 200.000000 200.000000 200.000000
v 0.293978 0.378516 -0.009913 200.000000 200.000000 200.000000
v 0.339358 0.643890 -0.246653 200.000000 200.000000 200.000000
v -0.001064 -0.465635 0.062214 200.000000 200.000000 200.000000
v 0.069371 0.123995 -0.190054 200.000000 200.000000 200.000000
v 0.155788 0.652762 0.047936 200.000000 200.000000 200.000000
v 0.096997 -0.115340 -0.182734 200.000000 200.000000 200.000000
v 0.309169 0.541848 -0.038783 200.000000 200.000000 200.000000
v 0.219919 -0.868330 -0.060669 200.000000 200.000000 200.000000
v 0.124688 0.535145 0.106483 200.000000 200.000000 200.000000
v 0.364903 0.431368 -0.188427 200.000000 200.000000 200.000000
v -0.137395 -0.375601 -0.047583 200.000000 200.000000 200.000000
v -0.176841 -0.204238 -0.123908 200.000000 200.000000 200.000000
v 0.116971 0.383926 0.142758 200.000000 200.000000 200.000000
v -0.232238 -0.083268 -0.006724 200.000000 200.000000 200.000000
v 0.093754 0.195221 -0.148612 200.000000 200.000000 200.000000
v -0.024978 0.737727 -0.085021 200.000000 200.000000 200.000000
v 0.048488 0.831955 -0.005338 200.000000 200.000000 200.000000
v -0.340841 -0.072951 -0.104629 200.000000 200.000000 200.000000
v 0.096692 -0.554540 -0.092623 200.000000 200.000000 200.000000
v -0.030858 -0.541052 0.061562 200.000000 200.000000 200.000000
v 0.075055 0.166343 0.056473 200.000000 200.000000 200.000000
v -0.014322 -0.154809 -0.069062 200.000000 200.000000 200.000000
v 0.037427 -0.109971 0.069832 200.000000 200.000000 200.000000
v 0.097589 0.444649 -0.227825 200.000000 200.000000 200.000000
v 0.155335 0.544655 -0.194414 200.000000 200.000000 200.000000
v 0.317181 0.635233 -0.216430 200.000000 200.000000 200.000000
v 0.369272 0.624981 -0.238563 200.000000 200.000000 200.000000
v 0.212729 0.014832 -0.286494 200.000000 200.000000 200.000000
v 0.066873 0.733481 -0.188825 200.000000 200.000000 200.000000
v 0.283300 0.691450 -0.384828 200.000000 200.000000 200.000000
v 0.094488 0.189980 -0.198998 200.000000 200.000000 200.000000
v 0.228259 0.664522 -0.079257 200.000000 200.000000 200.000000
v -0.022250 -0.127943 0.031679 200.000000 200.000000 200.000000
v 0.119658 -0.302552 -0.210559 200.000000 200.000000 200.000000
v 0.221749 -0.561538 -0.049382 200.000000 200.000000 200.000000
v 0.126664 0.135592 -0.241313 200.000000 200.000000 200.000000
v 0.163802 -0.362186 -0.207934 200.000000 200.000000 200.000000
v 0.192392 -0.482759 -0.041981 200.000000 200.000000 200.000000
v -0.143777 -0.021083 0.031420 200.000000 200.000000 200.000000
v -0.240920 -0.102324 -0.007658 200.000000 200.000000 200.000000
v 0.214610 0.095882 0.108702 200.000000 200.000000 200.000000
v 0.099119 -0.982997 -0.021831 200.000000 200.000000 200.000000
v 0.037880 0.276196 -0.129054 200.000000 200.000000 200.000000
v 0.144542 -0.892971 -0.070375 200.000000 200.000000 200.000000
v -0.145086 -0.325926 -0.080879 200.000000 200.000000 200.000000
v -0.214472 -0.069937 -0.163165 200.000000 200.000000 200.000000
v 0.127165 -0.563609 -0.043645 200.000000 200.000000 200.000000
v -0.121884 -0.100152 0.018300 200.000000 200.000000 200.000000
v 0.166194 0.842321 -0.024472 200.000000 200.000000 200.000000
v 0.075174 -0.963895 -0.048216 200.000000 200.000000 200.000000
v -0.006681 -0.615100 0.064137 200.000000 200.000000 200.000000
v 0.073409 0.631836 -0.165670 200.000000 200.000000 200.000000
v -0.067410 -0.049770 0.063148 200.000000 200.000000 200.000000
v -0.038277 -0.650943 0.038018 200.000000 200.000000 200.000000
v 0.364868 0.428095 -0.226531 200.000000 200.000000 200.000000
v 0.277619 0.484893 -0.336088 200.000000 200.000000 200.000000
v 0.153193 -0.178880 -0.231217 200.000000 200.000000 200.000000
v 0.094763 0.259735 0.046860 200.000000 200.000000 200.000000
v 0.095892 -0.992072 -0.029196 200.000000 200.000000 200.000000
v 0.101150 0.018985 -0.200658 200.000000 200.000000 200.000000
v -0.095293 -0.388399 -0.051219 200.000000 200.000000 200.000000
v 0.061970 -0.123594 -0.147854 200.000000 200.000000 200.000000
v 0.317928 -0.011725 -0.225167 200.000000 200.000000 200.000000
v 0.074841 0.168892 0.030453 200.000000 200.000000 200.000000
v 0.132483 -0.002481 0.137643 200.000000 200.000000 200.000000
v -0.031767 0.745282 -0.037484 200.000000 200.000000 200.000000
v 0.298011 0.250785 0.004847 200.000000 200.000000 200.000000
v 0.206124 0.490538 -0.270562 200.000000 200.000000 200.000000
v 0.336525 0.398799 -0.286361 200.000000 200.000000 200.000000
v 0.103613 -0.168919 -0.057777 200.000000 200.000000 200.000000
v -0.173286 0.301347 0.306362 200.000000 200.000000 200.000000
v -0.090139 0.032909 0.019731 200.000000 200.000000 200.000000
v 0.225818 -0.336061 -0.177866 200.000000 200.000000 200.000000
v 0.083745 0.789461 0.014034 200.000000 200.000000 200.000000
v 0.343554 0.357361 -0.095802 200.000000 200.000000 200.000000
v -0.001413 0.837284 -0.044373 200.000000 200.000000 200.000000
v 0.122975 0.887631 -0.365961 200.000000 200.000000 200.000000
v 0.218935 0.665639 -0.116525 200.000000 200.000000 200.000000
v 0.091949 0.893644 -0.352345 200.000000 200.000000 200.000000
v 0.050472 0.021938 0.115463 200.000000 200.000000 200.000000
v 0.070135 0.557374 0.061388 200.000000 200.000000 200.000000
v 0.106098 0.153457 0.102132 200.000000 200.000000 200.000000
v 0.073216 0.585214 -0.050854 200.000000 200.000000 200.000000
v 0.061700 0.481981 -0.148778 200.000000 200.000000 200.000000
v 0.255888 -0.006062 0.085777 200.000000 200.000000 200.000000
v -0.092827 -0.448474 -0.027318 200.000000 200.000000 200.000000
v 0.196171 -0.528714 -0.034258 200.000000 200.000000 200.000000
v 0.196875 0.638349 -0.055051 200.000000 200.000000 200.000000
v 0.165764 0.543862 0.089482 200.000000 200.000000 200.000000
v 0.011743 -0.561667 0.051859 200.000000 200.000000 200.000000
v -0.078961 0.224567 0.239613 200.000000 200.000000 200.000000
v -0.164932 -0.055750 0.024721 200.000000 200.000000 200.000000
v 0.086501 -0.006094 -0.159118 200.000000 200.000000 200.000000
v 0.180252 -0.164056 -0.237675 200.000000 200.000000 200.000000
v -0.228537 0.201084 0.319353 200.000000 200.000000 200.000000
v 0.380584 0.656833 -0.446363 200.000000 200.000000 200.000000
v 0.197837 -0.648191 -0.014716 200.000000 200.000000 200.000000
v 0.048544 -0.448637 0.004505 200.000000 200.000000 200.000000
v 0.344219 -0.005668 -0.225701 200.000000 200.000000 200.000000
v 0.000659 0.460792 0.166874 200.000000 200.000000 200.000000
v 0.346870 -0.064584 -0.055703 200.000000 200.000000 200.000000
v 0.184365 -0.462121 -0.182992 200.000000 200.000000 200.000000
v -0.268912 -0.012257 -0.079635 200.000000 200.000000 200.000000
v 0.101949 0.580118 -0.166006 200.000000 200.000000 200.000000
v -0.373794 0.159411 0.475413 200.000000 200.000000 200.000000
v 0.177897 -0.707412 -0.131730 200.000000 200.000000 200.000000
v -0.111693 -0.342982 0.039558 200.000000 200.000000 200.000000
v 0.055722 0.506034 0.145285 200.000000 200.000000 200.000000
v 0.292934 0.666602 -0.448882 200.000000 200.000000 200.000000
v 0.284962 0.297509 -0.001154 200.000000 200.000000 200.000000
v 0.054362 0.854457 -0.158006 200.000000 200.000000 200.000000
v -0.159961 0.273596 0.248001 200.000000 200.000000 200.000000
v 0.003913 -0.489089 0.068301 200.000000 200.000000 200.000000
v 0.396517 0.625676 -0.394569 200.000000 200.000000 200.000000
v 0.023701 0.582101 -0.105830 200.000000 200.000000 200.000000
v 0.345799 0.296999 -0.166492 200.000000 200.000000 200.000000
v 0.132364 0.837901 -0.013415 200.000000 200.000000 200.000000
v 0.189331 -0.686923 -0.006699 200.000000 200.000000 200.000000
v 0.068491 0.362100 -0.151058 200.000000 200.000000 200.000000
v -0.037834 -0.648763 0.020281 200.000000 200.000000 200.000000
v 0.117471 -0.928985 -0.020108 200.000000 200.000000 200.000000
v 0.076208 0.937473 -0.348366 200.000000 200.000000 200.000000
v 0.034335 0.722409 -0.004345 200.000000 200.000000 200.000000
v 0.349795 0.373595 -0.236528 200.000000 200.000000 200.000000
v 0.098415 0.434686 -0.209012 200.000000 200.000000 200.000000
v 0.275115 0.026586 -0.299307 200.000000 200.000000 200.000000
v -0.241394 0.252291 0.409801 200.000000 200.000000 200.000000
v 0.142519 0.224832 -0.252740 200.000000 200.000000 200.000000
v 0.011914 0.348418 -0.004980 200.000000 200.000000 200.000000
v -0.028986 -0.546910 -0.011698 200.000000 200.000000 200.000000
v 0.270629 0.272484 -0.302199 200.000000 200.000000 200.000000
v 0.166808 0.787511 -0.010168 200.000000 200.000000 200.000000
v 0.133211 -0.589034 -0.159252 200.000000 200.000000 200.000000
v -0.089646 -0.031986 -0.106345 200.000000 200.000000 200.000000
v 0.221927 -0.184106 -0.227682 200.000000 200.000000 200.000000
v 0.079135 -0.468344 -0.111803 200.000000 200.000000 200.000000
v 0.040063 -0.194290 -0.104773 200.000000 200.000000 200.000000
v -0.200968 -0.101779 -0.001192 200.000000 200.000000 200.000000
v 0.007747 -0.054698 -0.092507 200.000000 200.000000 200.000000
v 0.145949 0.729036 -0.189032 200.000000 200.000000 200.000000
v -0.137659 -0.182622 -0.011268 200.000000 200.000000 200.000000
v 0.051225 0.296948 0.091886 200.000000 200.000000 200.000000
v -0.289383 0.176774 0.364712 200.000000 200.000000 200.000000
v 0.256776 0.400765 -0.313047 200.000000 200.000000 200.000000
v 0.270201 0.581807 -0.287115 200.000000 200.000000 200.000000
v 0.179632 -0.687461 -0.136809 200.000000 200.000000 200.000000
v -0.007291 0.433296 0.074515 200.000000 200.000000 200.000000
v 0.078798 0.932147 -0.340109 200.000000 200.000000 200.000000
v 0.336222 0.751440 -0.367531 200.000000 200.000000 200.000000
v 0.329133 0.671296 -0.477846 200.000000 200.000000 200.000000
v 0.232993 0.023768 -0.293184 200.000000 200.000000 200.000000
v 0.255967 0.206641 -0.298301 200.000000 200.000000 200.000000
v 0.227710 0.571946 -0.257214 200.000000 200.000000 200.000000
v 0.115471 -0.135563 0.069644 200.000000 200.000000 200.000000
v 0.092943 -0.566323 -0.145456 200.000000 200.000000 200.000000
v 0.233287 0.310810 0.058460 200.000000 200.000000 200.000000
v 0.262572 0.311583 -0.303322 200.000000 200.000000 200.000000
v -0.010768 -0.640348 0.048729 200.000000 200.000000 200.000000
v -0.175026 -0.310366 0.012949 200.000000 200.000000 200.000000
v 0.364913 0.489404 -0.299569 200.000000 200.000000 200.000000
v 0.278928 0.522232 0.046416 200.000000 200.000000 200.000000
v 0.363602 0.614447 -0.203607 200.000000 200.000000 200.000000
v 0.279251 0.626821 -0.063880 200.000000 200.000000 200.000000
v -0.062829 0.046919 -0.024809 200.000000 200.000000 200.000000
v 0.194511 0.840810 -0.149002 200.000000 200.000000 200.000000
v 0.069058 0.590755 0.015518 200.000000 200.000000 200.000000
v 0.208146 -0.684285 -0.009284 200.000000 200.000000 200.000000
v 0.197440 0.632952 0.051620 200.000000 200.000000 200.000000
v 0.206658 0.933310 -0.372502 200.000000 200.000000 200.000000
v 0.018998 0.851554 -0.136324 200.000000 200.000000 200.000000
v 0.053860 0.525267 0.016061 200.000000 200.000000 200.000000
v -0.018379 -0.382913 0.001552 200.000000 200.000000 200.000000
v 0.105865 0.318458 -0.216703 200.000000 200.000000 200.000000
v 0.139080 -0.927707 -0.063618 200.000000 200.000000 200.000000
v 0.112924 0.307164 -0.225227 200.000000 200.000000 200.000000
v 0.267442 -0.177419 -0.192992 200.000000 200.000000 200.000000
v 0.202153 -0.902758 0.014886 200.000000 200.000000 200.000000
v 0.099662 0.957090 -0.353158 200.000000 200.000000 200.000000
v -0.177681 -0.287565 0.011243 200.000000 200.000000 200.000000
v 0.153789 -0.192168 -0.042630 200.000000 200.000000 200.000000
v 0.363966 0.778469 -0.462877 200.000000 200.000000 200.000000
v 0.334593 0.035173 -0.036683 200.000000 200.000000 200.000000
v -0.006889 -0.414067 -0.012015 200.000000 200.000000 200.000000
v 0.336049 0.297747 -0.118281 200.000000 200.000000 200.000000
v 0.000722 0.370076 0.234074 200.000000 200.000000 200.000000
v -0.245792 0.126432 0.389767 200.000000 200.000000 200.000000
v 0.010588 -0.485973 -0.013715 200.000000 200.000000 200.000000
v 0.045689 -0.132701 0.051230 200.000000 200.000000 200.000000
v -0.048703 0.043740 -0.037127 200.000000 200.000000 200.000000
v 0.294383 0.635038 -0.241025 200.000000 200.000000 200.000000
v 0.171249 -0.602491 -0.023021 200.000000 200.000000 200.000000
v 0.047231 0.264313 -0.155115 200.000000 200.000000 200.000000
v -0.367879 0.181281 0.490840 200.000000 200.000000 200.000000
v 0.014066 0.271347 0.240366 200.000000 200.000000 200.000000
v 0.322352 -0.022368 -0.280286 200.000000 200.000000 200.000000
v 0.205982 0.791160 -0.123916 200.000000 200.000000 200.000000
v 0.383662 0.748969 -0.464516 200.000000 200.000000 200.000000
v 0.094790 0.175830 0.056259 200.000000 200.000000 200.000000
v 0.121628 0.254802 -0.235811 200.000000 200.000000 200.000000
v 0.218274 -0.597004 -0.032463 200.000000 200.000000 200.000000
v 0.033617 0.446595 -0.079076 200.000000 200.000000 200.000000
v 0.116911 0.166785 -0.229415 200.000000 200.000000 200.000000
v 0.079760 0.766544 0.013033 200.000000 200.000000 200.000000
v 0.328229 0.286582 -0.038468 200.000000 200.000000 200.000000
v 0.025693 0.323455 -0.047208 200.000000 200.000000 200.000000
v -0.315608 0.166064 0.471362 200.000000 200.000000 200.000000
v 0.071801 0.044801 -0.177788 200.000000 200.000000 200.000000
v 0.053439 0.545367 0.072241 200.000000 200.000000 200.000000
v 0.111577 -0.461171 -0.050482 200.000000 200.000000 200.000000
v -0.160927 -0.320754 0.019340 200.000000 200.000000 200.000000
v 0.170125 0.563456 0.109007 200.000000 200.000000 200.000000
v 0.273013 0.529398 -0.337721 200.000000 200.000000 200.000000
v -0.066215 -0.395723 0.042817 200.000000 200.000000 200.000000
v 0.163206 0.004730 -0.231244 200.000000 200.000000 200.000000
v 0.078480 -0.374390 -0.085671 200.000000 200.000000 200.000000
v 0.233862 0.180938 -0.292117 200.000000 200.000000 200.000000
v 0.121834 0.587743 0.093510 200.000000 200.000000 200.000000
v 0.277156 0.695790 -0.408036 200.000000 200.000000 200.000000
v 0.281901 0.303060 0.006811 200.000000 200.000000 200.000000
v -0.167612 0.166544 0.310285 200.000000 200.000000 200.000000
v -0.081098 0.016010 -0.081568 200.000000 200.000000 200.000000
v -0.071683 0.392732 0.186066 200.000000 200.000000 200.000000
v 0.383937 0.512874 -0.125364 200.000000 200.000000 200.000000
v -0.009054 0.474716 0.148096 200.000000 200.000000 200.000000
v 0.339253 0.370635 -0.084714 200.000000 200.000000 200.000000
v -0.082838 -0.319881 -0.065627 200.000000 200.000000 200.000000
v 0.074074 0.434066 0.172771 200.000000 200.000000 200.000000
v -0.272245 0.236727 0.413501 200.000000 200.000000 200.000000
v -0.273458 -0.057346 -0.172325 200.000000 200.000000 200.000000
v 0.079450 0.588528 -0.041899 200.000000 200.000000 200.000000
v -0.086869 0.356184 0.177478 200.000000 200.000000 200.000000
v 0.102603 0.624065 -0.024575 200.000000 200.000000 200.000000
v 0.123321 0.856546 -0.164481 200.000000 200.000000 200.000000
v 0.015426 0.047183 0.089940 200.000000 200.000000 200.000000
v 0.098159 0.192143 0.073692 200.000000 200.000000 200.000000
v 0.392896 0.574048 -0.233453 200.000000 200.000000 200.000000
v 0.233877 -0.427952 -0.111613 200.000000 200.000000 200.000000
v -0.080242 -0.116126 -0.114105 200.000000 200.000000 200.000000
v -0.017478 0.046301 -0.028686 200.000000 200.000000 200.000000
v 0.026571 0.302821 0.212006 200.000000 200.000000 200.000000
v 0.304992 0.381144 -0.310950 200.000000 200.000000 200.000000
v 0.174091 -0.680011 -0.010123 200.000000 200.000000 200.000000
v 0.359228 0.628533 -0.429093 200.000000 200.000000 200.000000
v 0.238404 0.386490 -0.307426 200.000000 200.000000 200.000000
v 0.082178 -0.442133 -0.100165 200.000000 200.000000 200.000000
v -0.047853 -0.167167 -0.058056 200.000000 200.000000 200.000000
v 0.224575 -0.189965 -0.224938 200.000000 200.000000 200.000000
v 0.060807 -0.165381 -0.145653 200.000000 200.000000 200.000000
v 0.149540 0.366818 -0.245911 200.000000 200.000000 200.000000
v -0.098132 -0.283469 -0.080818 200.000000 200.000000 200.000000
v 0.002462 0.351712 0.252518 200.000000 200.000000 200.000000
v 0.346880 0.319136 -0.183746 200.000000 200.000000 200.000000
v 0.009737 0.394555 -0.016879 200.000000 200.000000 200.000000
v -0.121004 0.256468 0.352036 200.000000 200.000000 200.000000
v 0.042210 0.392739 -0.109175 200.000000 200.000000 200.000000
v 0.329410 0.242635 -0.165445 200.000000 200.000000 200.000000
v -0.289353 0.202691 0.461223 200.000000 200.000000 200.000000
v -0.274320 0.161079 0.357866 200.000000 200.000000 200.000000
v 0.047143 0.854859 -0.155016 200.000000 200.000000 200.000000
v 0.211654 0.583579 -0.179338 200.000000 200.000000 200.000000
v -0.116874 -0.045130 -0.121619 200.000000 200.000000 200.000000
v 0.047552 -0.023625 0.109598 200.000000 200.000000 200.000000
v -0.319624 0.224460 0.402135 200.000000 200.000000 200.000000
v 0.124242 0.125447 0.124173 200.000000 200.000000 200.000000
v 0.060565 0.581717 -0.042542 200.000000 200.000000 200.000000
v 0.055821 0.315637 -0.105789 200.000000 200.000000 200.000000
v 0.138595 -0.527199 -0.035430 200.000000 200.000000 200.000000
v 0.238293 -0.747016 -0.082435 200.000000 200.000000 200.000000
v -0.227401 -0.165922 0.006722 200.000000 200.000000 200.000000
v -0.253872 0.198553 0.448033 200.000000 200.000000 200.000000
v -0.014147 0.241996 0.205600 200.000000 200.000000 200.000000
v -0.368432 0.211165 0.464805 200.000000 200.000000 200.000000
v 0.209332 0.214131 -0.271154 200.000000 200.000000 200.000000
v 0.162743 -0.635159 -0.020957 200.000000 200.000000 200.000000
v -0.011754 0.780085 -0.120896 200.000000 200.000000 200.000000
v 0.286414 0.599229 -0.383831 200.000000 200.000000 200.000000
v 0.008571 0.852620 -0.074870 200.000000 200.000000 200.000000
v -0.193572 0.250438 0.394160 200.000000 200.000000 200.000000
v 0.026999 0.773536 0.020563 200.000000 200.000000 200.000000
v 0.119722 0.613785 -0.196422 200.000000 200.000000 200.000000
v 0.200783 0.843191 -0.096791 200.000000 200.000000 200.000000
v 0.133612 -0.815980 -0.088760 200.000000 200.000000 200.000000
v -0.098894 -0.410228 -0.039661 200.000000 200.000000 200.000000
v 0.340423 0.608785 -0.166673 200.000000 200.000000 200.000000
v -0.088260 -0.260329 -0.008297 200.000000 200.000000 200.000000
v -0.020997 0.809199 -0.137541 200.000000 200.000000 200.000000
v 0.281741 0.517847 0.036227 200.000000 200.000000 200.000000
v 0.018655 0.519870 0.098269 200.000000 200.000000 200.000000
v 0.092492 0.590659 0.087814 200.000000 200.000000 200.000000
v 0.173352 -0.886091 0.014819 200.000000 200.000000 200.000000
v 0.097652 0.122751 -0.215754 200.000000 200.000000 200.000000
v -0.006323 0.310477 -0.012813 200.000000 200.000000 200.000000
v 0.117892 -0.837396 -0.054571 200.000000 200.000000 200.000000
v 0.168887 -0.189808 -0.234397 200.000000 200.000000 200.000000
v 0.005617 0.446555 0.014311 200.000000 200.000000 200.000000
v 0.209360 0.520414 -0.258844 200.000000 200.000000 200.000000
v 0.204533 0.659733 -0.025302 200.000000 200.000000 200.000000
v 0.307377 0.535370 -0.031995 200.000000 200.000000 200.000000
v 0.172072 0.841596 -0.426844 200.000000 200.000000 200.000000
v -0.182825 -0.172632 -0.128585 200.000000 200.000000 200.000000
v 0.398077 0.640031 -0.401237 200.000000 200.000000 200.000000
v 0.084386 0.795488 -0.196059 200.000000 200.000000 200.000000
v 0.011675 0.611915 -0.111802 200.000000 200.000000 200.000000
v 0.042312 -0.149658 -0.073789 200.000000 200.000000 200.000000
v -0.128622 0.016911 -0.084005 200.000000 200.000000 200.000000
v 0.100128 -0.981621 -0.117214 200.000000 200.000000 200.000000
v -0.130979 -0.322351 -0.080872 200.000000 200.000000 200.000000
v 0.091770 -0.941303 -0.050855 200.000000 200.000000 200.000000
v 0.227508 -0.594427 -0.129351 200.000000 200.000000 200.000000
v 0.029082 0.109251 -0.128885 200.000000 200.000000 200.000000
v 0.058724 0.139302 -0.079120 200.000000 200.000000 200.000000
v 0.193874 0.146858 0.102993 200.000000 200.000000 200.000000
v 0.315887 0.029541 -0.277946 200.000000 200.000000 200.000000
v 0.015090 -0.547130 0.008622 200.000000 200.000000 200.000000
v 0.207133 0.342510 -0.294556 200.000000 200.000000 200.000000
v 0.017626 0.084198 -0.096395 200.000000 200.000000 200.000000
v -0.196380 -0.207329 0.016923 200.000000 200.000000 200.000000
v 0.270807 0.523155 0.060104 200.000000 200.000000 200.000000
v 0.140026 0.866491 -0.405608 200.000000 200.000000 200.000000
v 0.280176 0.080397 0.039865 200.000000 200.000000 200.000000
v 0.390253 0.657211 -0.330017 200.000000 200.000000 200.000000
v 0.139649 0.358827 -0.242521 200.000000 200.000000 200.000000
v 0.088792 -0.118680 0.081336 200.000000 200.000000 200.000000
v 0.200582 0.103189 0.116019 200.000000 200.000000 200.000000
v 0.257828 0.740260 -0.446602 200.000000 200.000000 200.000000
v 0.020603 0.766259 -0.171666 200.000000 200.000000 200.000000
v 0.143067 -0.999256 0.003631 200.000000 200.000000 200.000000
v 0.068840 -0.252525 -0.068866 200.000000 200.000000 200.000000
v 0.362249 0.666709 -0.458011 200.000000 200.000000 200.000000
v 0.241377 0.578990 0.074832 200.000000 200.000000 200.000000
v 0.111724 -0.246688 -0.051530 200.000000 200.000000 200.000000
v 0.224296 -0.513746 -0.137588 200.000000 200.000000 200.000000
v 0.229571 -0.821722 -0.066523 200.000000 200.000000 200.000000
v 0.152870 0.011959 -0.239090 200.000000 200.000000 200.000000
v 0.029570 0.120819 -0.004102 200.000000 200.000000 200.000000
v 0.060619 0.228000 0.046212 200.000000 200.000000 200.000000
v -0.149334 0.217746 0.254039 200.000000 200.000000 200.000000
v 0.365216 0.418678 -0.166238 200.000000 200.000000 200.000000
v 0.354693 0.479241 -0.059867 200.000000 200.000000 200.000000
v 0.107244 -0.563753 -0.062954 200.000000 200.000000 200.000000
v 0.284431 0.611136 -0.400670 200.000000 200.000000 200.000000
v -0.077938 0.213098 0.259949 200.000000 200.000000 200.000000
v 0.356074 0.479641 -0.063708 200.000000 200.000000 200.000000
v 0.014383 -0.117830 -0.103139 200.000000 200.000000 200.000000
v 0.394354 0.600428 -0.310665 200.000000 200.000000 200.000000
v 0.149583 0.517321 -0.222330 200.000000 200.000000 200.000000
v 0.245653 0.626932 0.041405 200.000000 200.000000 200.000000
v 0.280220 0.529214 0.051553 200.000000 200.000000 200.000000
v 0.302004 0.785289 -0.487224 200.000000 200.000000 200.000000
v 0.240670 -0.079532 -0.229375 200.000000 200.000000 200.000000
v 0.136832 -0.232193 -0.226685 200.000000 200.000000 200.000000
v -0.240174 -0.126960 -0.009160 200.000000 200.000000 200.000000
v 0.299534 0.796073 -0.483752 200.000000 200.000000 200.000000
v 0.141235 -0.912216 0.008788 200.000000 200.000000 200.000000
v 0.234800 -0.549640 -0.106616 200.000000 200.000000 200.000000
v 0.171626 0.094510 -0.263588 200.000000 200.000000 200.000000
v 0.186683 0.731046 -0.035678 200.000000 200.000000 200.000000
v -0.046139 -0.397572 -0.041829 200.000000 200.000000 200.000000
v 0.303193 0.640976 -0.206802 200.000000 200.000000 200.000000
v 0.187522 0.663639 0.005806 200.000000 200.000000 200.000000
v 0.145128 0.702146 -0.027835 200.000000 200.000000 200.000000
v 0.269615 0.556951 -0.324823 200.000000 200.000000 200.000000
v 0.377991 0.556382 -0.132219 200.000000 200.000000 200.000000
v 0.191658 -0.438641 -0.173634 200.000000 200.000000 200.000000
v -0.009774 0.670857 -0.062425 200.000000 200.000000 200.000000
v 0.245603 0.598779 0.063431 200.000000 200.000000 200.000000
v -0.304100 0.151980 0.373631 200.000000 200.000000 200.000000
v 0.196139 0.669362 -0.138617 200.000000 200.000000 200.000000
v 0.121236 -0.286156 -0.055061 200.000000 200.000000 200.000000
v -0.259935 -0.085732 -0.011917 200.000000 200.000000 200.000000
v -0.172258 0.303227 0.335023 200.000000 200.000000 200.000000
v 0.351198 0.592088 -0.411936 200.000000 200.000000 200.000000
v 0.141410 0.013752 0.138302 200.000000 200.000000 200.000000
v 0.090405 0.279210 0.093350 200.000000 200.000000 200.000000
v 0.065240 0.747106 0.011138 200.000000 200.000000 200.000000
v 0.051049 0.448209 -0.143412 200.000000 200.000000 200.000000
v 0.263275 0.395262 0.048845 200.000000 200.000000 200.000000
v 0.056363 0.286603 -0.154720 200.000000 200.000000 200.000000
v 0.241134 -0.762889 -0.046650 200.000000 200.000000 200.000000
v 0.262450 0.494350 -0.318550 200.000000 200.000000 200.000000
v 0.186956 0.815328 -0.118738 200.000000 200.000000 200.000000
v 0.024095 0.124254 -0.056568 200.000000 200.000000 200.000000
v -0.085991 0.238390 0.204384 200.000000 200.000000 200.000000
v 0.078282 0.145250 -0.202431 200.000000 200.000000 200.000000
v 0.057914 0.156424 -0.198453 200.000000 200.000000 200.000000
v 0.116025 -0.182274 -0.053067 200.000000 200.000000 200.000000
v 0.121694 0.575633 0.095958 200.000000 200.000000 200.000000
v 0.059149 0.547288 0.052339 200.000000 200.000000 200.000000
v 0.171940 -0.731269 -0.000847 200.000000 200.000000 200.000000
v -0.083212 -0.297084 -0.069720 200.000000 200.000000 200.000000
v -0.274178 0.125861 0.424395 200.000000 200.000000 200.000000
v 0.152377 0.459933 0.127907 200.000000 200.000000 200.000000
v 0.338186 0.178714 -0.169380 200.000000 200.000000 200.000000
v 0.029606 0.588286 -0.057347 200.000000 200.000000 200.000000
v -0.179021 0.019926 -0.050966 200.000000 200.000000 200.000000
v 0.004119 -0.987786 -0.116761 200.000000 200.000000 200.000000
v 0.122534 -0.001092 -0.225715 200.000000 200.000000 200.000000
v 0.193573 0.613807 0.065620 200.000000 200.000000 200.000000
v -0.106158 0.342511 0.275506 200.000000 200.000000 200.000000
v 0.151832 -0.757861 -0.002769 200.000000 200.000000 200.000000
v 0.006757 0.635416 -0.110435 200.000000 200.000000 200.000000
v 0.306991 0.812197 -0.472150 200.000000 200.000000 200.000000
v 0.370122 0.565429 -0.147393 200.000000 200.000000 200.000000
v 0.195220 -0.624982 -0.019358 200.000000 200.000000 200.000000
v -0.100107 -0.396272 -0.049248 200.000000 200.000000 200.000000
v 0.371968 0.536901 -0.341566 200.000000 200.000000 200.000000
v 0.241686 0.240044 0.078131 200.000000 200.000000 200.000000
v 0.352150 -0.024693 -0.134193 200.000000 200.000000 200.000000
v 0.157306 0.703691 -0.177531 200.000000 200.000000 200.000000
v 0.252065 0.810369 -0.352183 200.000000 200.000000 200.000000
v -0.377939 0.158535 0.471930 200.000000 200.000000 200.000000
v 0.171181 0.711759 -0.172641 200.000000 200.000000 200.000000
v -0.217912 -0.034524 -0.003349 200.000000 200.000000 200.000000
v 0.319021 0.215597 -0.270201 200.000000 200.000000 200.000000
v 0.089175 -0.280773 -0.058765 200.000000 200.000000 200.000000
v 0.300562 0.230441 -0.013469 200.000000 200.000000 200.000000
v 0.082819 0.023077 -0.182524 200.000000 200.000000 200.000000
v -0.362280 0.171229 0.419170 200.000000 200.000000 200.000000
v 0.347020 0.540867 -0.376777 200.000000 200.000000 200.000000
v 0.150780 0.069354 -0.258222 200.000000 200.000000 200.000000
v -0.017661 -0.140590 0.020999 200.000000 200.000000 200.000000
v 0.345574 0.230463 -0.166191 200.000000 200.000000 200.000000
v -0.064104 -0.325516 -0.052253 200.000000 200.000000 200.000000
v -0.017338 -0.152767 -0.072614 200.000000 200.000000 200.000000
v -0.026305 -0.352578 -0.021992 200.000000 200.000000 200.000000
v 0.012550 0.044736 -0.059419 200.000000 200.000000 200.000000
v 0.281960 0.614488 -0.292293 200.000000 200.000000 200.000000
v 0.280612 0.758831 -0.374971 200.000000 200.000000 200.000000
v -0.089089 0.348941 0.279039 200.000000 200.000000 200.000000
v 0.109843 0.359020 0.151241 200.000000 200.000000 200.000000
v 0.219384 0.581405 0.078234 200.000000 200.000000 200.000000
v 0.195672 -0.246670 -0.222589 200.000000 200.000000 200.000000
v 0.067147 0.027697 -0.161141 200.000000 200.000000 200.000000
v 0.110443 0.871838 -0.080206 200.000000 200.000000 200.000000
v -0.055009 -0.493069 -0.011438 200.000000 200.000000 200.000000
v 0.060474 0.826783 -0.193065 200.000000 200.000000 200.000000
v 0.349285 0.780621 -0.380319 200.000000 200.000000 200.000000
v 0.278841 0.615915 -0.159162 200.000000 200.000000 200.000000
v 0.317454 0.484245 -0.007088 200.000000 200.000000 200.000000
v 0.096901 0.598432 0.028773 200.000000 200.000000 200.000000
v 0.143430 0.697896 -0.177208 200.000000 200.000000 200.000000
v 0.346028 0.034591 -0.132998 200.000000 200.000000 200.000000
v 0.343884 0.173813 -0.141651 200.000000 200.000000 200.000000
v 0.306762 0.585885 -0.095442 200.000000 200.000000 200.000000
v -0.220564 0.144329 0.397868 200.000000 200.000000 200.000000
v 0.073024 0.593188 -0.045462 200.000000 200.000000 200.000000
v 0.164765 0.432851 -0.245284 200.000000 200.000000 200.000000
v 0.212370 -0.995384 -0.022090 200.000000 200.000000 200.000000
v 0.071721 0.842433 -0.010900 200.000000 200.000000 200.000000
v -0.050939 -0.135814 -0.097440 200.000000 200.000000 200.000000
v 0.035575 0.108523 -0.151890 200.000000 200.000000 200.000000
v 0.343548 0.073794 -0.219039 200.000000 200.000000 200.000000
v 0.204642 -0.935655 0.015623 200.000000 200.000000 200.000000
v 0.202723 0.602640 -0.201778 200.000000 200.000000 200.000000
v -0.242657 -0.201923 -0.009449 200.000000 200.000000 200.000000
v -0.055427 -0.314137 0.018531 200.000000 200.000000 200.000000
v 0.237891 0.652805 0.000085 200.000000 200.000000 200.000000
v 0.279259 0.631679 -0.402184 200.000000 200.000000 200.000000
v -0.003073 0.390411 0.221706 200.000000 200.000000 200.000000
v 0.098569 -0.154429 0.031342 200.000000 200.000000 200.000000
v -0.284051 -0.136849 -0.027214 200.000000 200.000000 200.000000
v -0.306681 0.124330 0.435525 200.000000 200.000000 200.000000
v 0.121037 0.090313 -0.228354 200.000000 200.000000 200.000000
v 0.203494 0.402179 0.098239 200.000000 200.000000 200.000000
v -0.019586 -0.526284 0.071367 200.000000 200.000000 200.000000
v 0.166611 0.335985 0.102500 200.000000 200.000000 200.000000
v -0.000793 -0.577522 -0.015109 200.000000 200.000000 200.000000
v 0.264766 0.510276 -0.319160 200.000000 200.000000 200.000000
v 0.386089 0.547719 -0.317484 200.000000 200.000000 200.000000
v 0.321229 0.633684 -0.187423 200.000000 200.000000 200.000000
v -0.314162 -0.107060 -0.157756 200.000000 200.000000 200.000000
v 0.164804 -0.907557 -0.070088 200.000000 200.000000 200.000000
v -0.109069 -0.365934 -0.057883 200.000000 200.000000 200.000000
v 0.259002 -0.054316 0.063541 200.000000 200.000000 200.000000
v 0.060468 0.146885 -0.063783 200.000000 200.000000 200.000000
v 0.304410 -0.102363 -0.164324 200.000000 200.000000 200.000000
v 0.106789 -0.256527 -0.203002 200.000000 200.000000 200.000000
v 0.086054 -0.098385 -0.166865 200.000000 200.000000 200.000000
v 0.072508 -0.173026 -0.160074 200.000000 200.000000 200.000000
v -0.098783 -0.265718 0.010520 200.000000 200.000000 200.000000
v 0.025542 0.313880 0.085798 200.000000 200.000000 200.000000
v -0.287131 0.191121 0.360736 200.000000 200.000000 200.000000
v 0.246543 -0.694794 -0.055711 200.000000 200.000000 200.000000
v -0.065768 0.396295 0.171085 200.000000 200.000000 200.000000
v -0.020165 -0.548894 0.074364 200.000000 200.000000 200.000000
v 0.255194 -0.092342 0.042397 200.000000 200.000000 200.000000
v 0.171915 -0.655378 -0.015367 200.000000 200.000000 200.000000
v 0.182105 0.667614 -0.001145 200.000000 200.000000 200.000000
v -0.010619 0.047755 -0.024878 200.000000 200.000000 200.000000
v 0.187454 0.622461 0.020369 200.000000 200.000000 200.000000
v 0.389239 0.663209 -0.347767 200.000000 200.000000 200.000000
v 0.169014 0.588863 -0.205463 200.000000 200.000000 200.000000
v 0.001545 0.319644 0.236651 200.000000 200.000000 200.000000
v 0.138822 0.597084 0.023833 200.000000 200.000000 200.000000
v 0.194123 0.513656 -0.242706 200.000000 200.000000 200.000000
v 0.171605 -0.071653 -0.232296 200.000000 200.000000 200.000000
v 0.200377 -0.334085 -0.201767 200.000000 200.000000 200.000000
v -0.100520 -0.247368 -0.068627 200.000000 200.000000 200.000000
v 0.322549 0.103658 -0.258776 200.000000 200.000000 200.000000
v 0.038163 0.310052 -0.085406 200.000000 200.000000 200.000000
v 0.159861 -0.568330 -0.169372 200.000000 200.000000 200.000000
v 0.018805 -0.981015 -0.100606 200.000000 200.000000 200.000000
v 0.062682 0.553237 0.079153 200.000000 200.000000 200.000000
v 0.228030 0.585418 -0.190630 200.000000 200.000000 200.000000
v 0.075684 -0.275622 -0.160646 200.000000 200.000000 200.000000
v 0.246309 0.179237 0.066267 200.000000 200.000000 200.000000
v -0.309638 -0.175244 -0.102795 200.000000 200.000000 200.000000
v 0.078919 0.953188 -0.289735 200.000000 200.000000 200.000000
v 0.017409 -0.560947 0.018333 200.000000 200.000000 200.000000
v 0.301340 0.162774 0.003505 200.000000 200.000000 200.000000
v 0.116791 -0.999704 -0.060068 200.000000 200.000000 200.000000
v -0.284277 0.126311 0.438133 200.000000 200.000000 200.000000
v 0.122276 0.952005 -0.374537 200.000000 200.000000 200.000000
v 0.210640 0.212750 0.087333 200.000000 200.000000 200.000000
v 0.288464 0.593908 -0.365426 200.000000 200.000000 200.000000
v 0.114738 0.320951 0.113404 200.000000 200.000000 200.000000
v -0.035425 -0.367933 -0.038368 200.000000 200.000000 200.000000
v 0.141970 0.083141 0.137329 200.000000 200.000000 200.000000
v 0.030332 0.256614 -0.014238 200.000000 200.000000 200.000000
v -0.386733 0.188690 0.479521 200.000000 200.000000 200.000000
v 0.178902 -0.242988 -0.034063 200.000000 200.000000 200.000000
v 0.116369 -0.231251 -0.213918 200.000000 200.000000 200.000000
v -0.270056 -0.097223 -0.023785 200.000000 200.000000 200.000000
v 0.216223 0.822224 -0.075636 200.000000 200.000000 200.000000
v 0.105425 0.477679 0.154958 200.000000 200.000000 200.000000
v 0.033820 0.263202 0.020236 200.000000 200.000000 200.000000
v 0.154435 0.049939 0.136362 200.000000 200.000000 200.000000
v 0.346861 0.378019 -0.146197 200.000000 200.000000 200.000000
v 0.313691 0.842143 -0.408243 200.000000 200.000000 200.000000
v -0.258190 0.206311 0.340517 200.000000 200.000000 200.000000
v 0.000138 0.316349 0.009975 200.000000 200.000000 200.000000
v 0.012011 -0.598609 0.025475 200.000000 200.000000 200.000000
v 0.242663 0.185493 -0.296206 200.000000 200.000000 200.000000
v 0.115474 -0.850424 -0.053724 200.000000 200.000000 200.000000
v -0.095892 0.242693 0.316601 200.000000 200.000000 200.000000
v -0.228339 0.144948 0.409358 200.000000 200.000000 200.000000
v 0.301373 0.840212 -0.385200 200.000000 200.000000 200.000000
v 0.334155 0.804476 -0.386419 200.000000 200.000000 200.000000
v -0.131561 -0.231915 0.015110 200.000000 200.000000 200.000000
v 0.045800 0.069060 0.079142 200.000000 200.000000 200.000000
v -0.166026 0.271830 0.250989 200.000000 200.000000 200.000000
v 0.042066 0.511875 0.012552 200.000000 200.000000 200.000000
v -0.009522 0.049728 0.049519 200.000000 200.000000 200.000000
v 0.240714 0.908552 -0.379028 200.000000 200.000000 200.000000
v -0.071647 0.367985 0.169138 200.000000 200.000000 200.000000
v -0.001218 -0.630789 0.028814 200.000000 200.000000 200.000000
v 0.170337 -0.136452 0.064575 200.000000 200.000000 200.000000
v -0.006863 -0.659972 0.013430 200.000000 200.000000 200.000000
v -0.000315 0.367967 0.245938 200.000000 200.000000 200.000000
v 0.267491 0.548124 -0.314903 200.000000 200.000000 200.000000
v 0.150392 0.005366 -0.246021 200.000000 200.000000 200.000000
v 0.340736 0.105429 -0.104177 200.000000 200.000000 200.000000
v -0.117984 0.319106 0.215509 200.000000 200.000000 200.000000
v 0.396831 0.701418 -0.429249 200.000000 200.000000 200.000000
v 0.341188 0.081093 -0.235520 200.000000 200.000000 200.000000
v 0.183958 -0.605035 -0.154794 200.000000 200.000000 200.000000
v 0.295341 -0.200496 -0.097610 200.000000 200.000000 200.000000
v 0.178085 0.166297 -0.262028 200.000000 200.000000 200.000000
v 0.090126 0.159357 -0.148582 200.000000 200.000000 200.000000
v 0.118091 -0.650460 -0.118569 200.000000 200.000000 200.000000
v 0.279115 0.619240 -0.000616 200.000000 200.000000 200.000000
v 0.151306 0.784193 -0.204190 200.000000 200.000000 200.000000
v 0.366319 0.544578 -0.357772 200.000000 200.000000 200.000000
v 0.055831 -0.002584 -0.146496 200.000000 200.000000 200.000000
v 0.014656 0.320947 0.232211 200.000000 200.000000 200.000000
v 0.213442 0.359271 -0.298381 200.000000 200.000000 200.000000
v 0.331573 0.427489 -0.052446 200.000000 200.000000 200.000000
v 0.263595 0.524967 -0.318133 200.000000 200.000000 200.000000
v 0.371661 0.768836 -0.405729 200.000000 200.000000 200.000000
v 0.239155 -0.689158 -0.035130 200.000000 200.000000 200.000000
v 0.121098 0.923458 -0.300823 200.000000 200.000000 200.000000
v 0.269017 0.238789 0.024443 200.000000 200.000000 200.000000
v -0.136165 -0.401305 -0.018524 200.000000 200.000000 200.000000
v -0.274098 -0.145250 -0.159231 200.000000 200.000000 200.000000
v 0.270920 0.748612 -0.466805 200.000000 200.000000 200.000000
v 0.328797 0.137845 -0.260556 200.000000 200.000000 200.000000
v 0.221128 0.401275 -0.276346 200.000000 200.000000 200.000000
v 0.062031 -0.033888 -0.119178 200.000000 200.000000 200.000000
v 0.076907 -0.448668 -0.116713 200.000000 200.000000 200.000000
v 0.019952 0.407729 -0.051268 200.000000 200.000000 200.000000
v 0.071461 0.362342 0.192794 200.000000 200.000000 200.000000
v 0.230201 0.608197 -0.236889 200.000000 200.000000 200.000000
v -0.266985 -0.033898 -0.155051 200.000000 200.000000 200.000000
v 0.114644 -0.007555 -0.202835 200.000000 200.000000 200.000000
v 0.015463 -0.046286 -0.086093 200.000000 200.000000 200.000000
v 0.088328 -0.264981 -0.177295 200.000000 200.000000 200.000000
v 0.174253 0.412929 0.117678 200.000000 200.000000 200.000000
v 0.162650 0.793194 -0.181361 200.000000 200.000000 200.000000
v 0.228870 -0.254239 -0.207228 200.000000 200.000000 200.000000
v -0.018612 0.798271 -0.024856 200.000000 200.000000 200.000000
v -0.021371 0.755946 -0.082415 200.000000 200.000000 200.000000
v 0.189827 0.875256 -0.443058 200.000000 200.000000 200.000000
v 0.089770 -0.420653 -0.177249 200.000000 200.000000 200.000000
v -0.095868 -0.296211 -0.079713 200.000000 200.000000 200.000000
v 0.326080 0.282456 -0.047917 200.000000 200.000000 200.000000
v -0.134591 -0.212802 -0.097421 200.000000 200.000000 200.000000
v 0.190508 0.375374 0.103620 200.000000 200.000000 200.000000
v 0.103248 0.948825 -0.352022 200.000000 200.000000 200.000000
v 0.270187 0.425637 0.046624 200.000000 200.000000 200.000000
v 0.063712 0.473882 -0.166295 200.000000 200.000000 200.000000
v -0.132538 -0.024238 0.037954 200.000000 200.000000 200.000000
v -0.380754 0.206362 0.415468 200.000000 200.000000 200.000000
v 0.242489 -0.088496 -0.228273 200.000000 200.000000 200.000000
v -0.011064 -0.533232 0.076853 200.000000 200.000000 200.000000
v 0.195408 0.034121 0.123414 200.000000 200.000000 200.000000
v 0.111011 -0.596894 -0.056944 200.000000 200.000000 200.000000
v 0.093159 -0.445846 -0.179257 200.000000 200.000000 200.000000
v 0.150869 0.259462 0.101879 200.000000 200.000000 200.000000
v 0.191943 0.078610 -0.274532 200.000000 200.000000 200.000000
v -0.070280 0.015933 -0.078904 200.000000 200.000000 200.000000
v 0.066341 -0.078470 0.102554 200.000000 200.000000 200.000000
v -0.094650 -0.029300 -0.106900 200.000000 200.000000 200.000000
v 0.299118 0.091775 0.024281 200.000000 200.000000 200.000000
v 0.047147 0.925195 -0.303341 200.000000 200.000000 200.000000
v 0.108479 0.649906 -0.018247 200.000000 200.000000 200.000000
v 0.059838 0.882127 -0.118422 200.000000 200.000000 200.000000
v 0.273023 0.234082 0.021980 200.000000 200.000000 200.000000
v 0.240207 -0.108427 -0.228907 200.000000 200.000000 200.000000
v 0.087220 0.130609 -0.198372 200.000000 200.000000 200.000000
v 0.118254 -0.842108 -0.016378 200.000000 200.000000 200.000000
v 0.334477 -0.034686 -0.025011 200.000000 200.000000 200.000000
v 0.336717 0.189405 -0.086802 200.000000 200.000000 200.000000
v 0.272205 -0.067783 0.040364 200.000000 200.000000 200.000000
v 0.235578 0.369422 0.074947 200.000000 200.000000 200.000000
v 0.128080 -0.397031 -0.048933 200.000000 200.000000 200.000000
v 0.172666 -0.133028 -0.235204 200.000000 200.000000 200.000000
v 0.080500 0.686136 -0.183998 200.000000 200.000000 200.000000
v -0.014860 -0.390601 -0.008166 200.000000 200.000000 200.000000
v 0.040278 0.174740 -0.054196 200.000000 200.000000 200.000000
v 0.279704 0.611188 -0.292586 200.000000 200.000000 200.000000
v 0.038697 0.040474 -0.123066 200.000000 200.000000 200.000000
v 0.190054 -0.233421 -0.034190 200.000000 200.000000 200.000000
v 0.152903 0.116719 -0.252838 200.000000 200.000000 200.000000
v -0.295808 0.215569 0.451164 200.000000 200.000000 200.000000
v 0.172951 0.594305 -0.212512 200.000000 200.000000 200.000000
v -0.299638 -0.183466 -0.065169 200.000000 200.000000 200.000000
v 0.104922 0.566693 -0.162839 200.000000 200.000000 200.000000
v -0.058425 -0.438764 -0.034636 200.000000 200.000000 200.000000
v -0.084620 -0.262530 -0.016540 200.000000 200.000000 200.000000
v 0.066608 0.492198 -0.100760 200.000000 200.000000 200.000000
v -0.061535 -0.107963 0.034099 200.000000 200.000000 200.000000
v -0.022984 0.361264 0.072686 200.000000 200.000000 200.000000
v 0.000781 0.839722 -0.133038 200.000000 200.000000 200.000000
v 0.200745 0.663847 -0.149488 200.000000 200.000000 200.000000
v 0.017483 0.592185 -0.068070 200.000000 200.000000 200.000000
v 0.371179 0.466425 -0.235494 200.000000 200.000000 200.000000
v -0.163411 0.207972 0.379069 200.000000 200.000000 200.000000
v 0.151222 -0.166700 -0.033863 200.000000 200.000000 200.000000
v 0.357861 0.635325 -0.245644 200.000000 200.000000 200.000000
v 0.211262 0.591608 0.071929 200.000000 200.000000 200.000000
v -0.315328 -0.161418 -0.069405 200.000000 200.000000 200.000000
v -0.099666 0.011027 -0.085924 200.000000 200.000000 200.000000
v 0.377061 0.663428 -0.320406 200.000000 200.000000 200.000000
v 0.084782 0.030118 -0.189639 200.000000 200.000000 200.000000
v 0.257249 0.235329 0.046641 200.000000 200.000000 200.000000
v 0.189628 -0.356803 -0.198060 200.000000 200.000000 200.000000
v -0.038507 0.239606 0.198540 200.000000 200.000000 200.000000
v 0.092278 -0.137814 0.061707 200.000000 200.000000 200.000000
v 0.373801 0.469053 -0.186547 200.000000 200.000000 200.000000
v 0.219578 -0.380591 -0.172658 200.000000 200.000000 200.000000
v 0.016882 0.391889 -0.036466 200.000000 200.000000 200.000000
v 0.014588 -0.045230 -0.086072 200.000000 200.000000 200.000000
v 0.264834 0.120908 -0.292735 200.000000 200.000000 200.000000
v 0.240659 -0.770473 -0.044682 200.000000 200.000000 200.000000
v 0.163967 -0.336211 -0.213325 200.000000 200.000000 200.000000
v 0.026652 0.692756 -0.161892 200.000000 200.000000 200.000000
v -0.326306 0.210175 0.454841 200.000000 200.000000 200.000000
v 0.349592 0.336687 -0.201291 200.000000 200.000000 200.000000
v -0.243897 -0.257068 -0.048461 200.000000 200.000000 200.000000
v -0.030355 -0.161346 -0.065329 200.000000 200.000000 200.000000
v 0.231244 0.181810 0.069748 200.000000 200.000000 200.000000
v -0.233061 0.177137 0.319473 200.000000 200.000000 200.000000
v 0.198093 0.675827 -0.118697 200.000000 200.000000 200.000000
v 0.017728 0.106407 -0.005749 200.000000 200.000000 200.000000
v 0.286750 0.674946 -0.438359 200.000000 200.000000 200.000000
v 0.169285 0.613046 0.083088 200.000000 200.000000 200.000000
v 0.325482 -0.021959 -0.185129 200.000000 200.000000 200.000000
v -0.018301 0.713333 -0.117605 200.000000 200.000000 200.000000
v -0.304065 -0.030674 -0.111021 200.000000 200.000000 200.000000
v 0.088130 0.224136 0.052969 200.000000 200.000000 200.000000
v 0.034889 -0.054651 -0.101792 200.000000 200.000000 200.000000
v 0.072229 -0.999452 -0.069896 200.000000 200.000000 200.000000
v -0.088017 -0.367890 -0.063138 200.000000 200.000000 200.000000
v 0.265742 0.639529 -0.096099 200.000000 200.000000 200.000000
v 0.169070 0.329227 -0.261026 200.000000 200.000000 200.000000
v 0.149140 0.623563 0.081254 200.000000 200.000000 200.000000
v 0.188056 0.181097 0.087996 200.000000 200.000000 200.000000
v 0.227492 -0.315954 -0.041638 200.000000 200.000000 200.000000
v 0.343379 -0.078871 -0.090293 200.000000 200.000000 200.000000
v 0.125151 0.391366 0.133378 200.000000 200.000000 200.000000
v 0.081795 0.513275 -0.110015 200.000000 200.000000 200.000000
v 0.003519 -0.131490 -0.091981 200.000000 200.000000 200.000000
v 0.188036 0.795618 -0.023286 200.000000 200.000000 200.000000
v 0.228580 0.793682 -0.359995 200.000000 200.000000 200.000000
v -0.098095 -0.170276 -0.045541 200.000000 200.000000 200.000000
v 0.371815 0.508435 -0.086430 200.000000 200.000000 200.000000
v 0.196809 -0.535346 -0.160393 200.000000 200.000000 200.000000
v 0.271485 0.323052 -0.306908 200.000000 200.000000 200.000000
v -0.123917 -0.110420 -0.127223 200.000000 200.000000 200.000000
v 0.101998 0.321201 -0.190338 200.000000 200.000000 200.000000
v 0.292115 0.200670 0.005697 200.000000 200.000000 200.000000
v -0.067237 -0.290835 -0.024713 200.000000 200.000000 200.000000
v 0.338589 0.497202 -0.033773 200.000000 200.000000 200.000000
v -0.023378 -0.410039 -0.025307 200.000000 200.000000 200.000000
v 0.013665 0.592209 -0.094144 200.000000 200.000000 200.000000
v 0.216945 0.798537 -0.111105 200.000000 200.000000 200.000000
v 0.116018 0.251846 0.064654 200.000000 200.000000 200.000000
v 0.349277 0.022594 -0.109555 200.000000 200.000000 200.000000
v -0.136555 0.311644 0.236945 200.000000 200.000000 200.000000
v -0.135096 0.335257 0.280173 200.000000 200.000000 200.000000
v -0.186480 -0.137433 -0.009968 200.000000 200.000000 200.000000
v 0.179890 -0.570356 -0.025086 200.000000 200.000000 200.000000
v 0.235583 -0.107931 0.050734 200.000000 200.000000 200.000000
v 0.334082 -0.104001 -0.108487 200.000000 200.000000 200.000000
v 0.113254 0.964502 -0.367417 200.000000 200.000000 200.000000
v -0.186463 0.284834 0.356490 200.000000 200.000000 200.000000
v 0.283945 0.005984 -0.224852 200.000000 200.000000 200.000000
v 0.069518 -0.361953 -0.150179 200.000000 200.000000 200.000000
v 0.071402 -0.281128 -0.153218 200.000000 200.000000 200.000000
v 0.160684 0.615027 0.018673 200.000000 200.000000 200.000000
v 0.204094 0.746327 -0.073421 200.000000 200.000000 200.000000
v 0.198825 -0.200837 -0.232241 200.000000 200.000000 200.000000
v 0.072888 0.817376 0.009449 200.000000 200.000000 200.000000
v 0.377209 0.585896 -0.166417 200.000000 200.000000 200.000000
v -0.131040 0.337652 0.254537 200.000000 200.000000 200.000000
v 0.254933 0.886378 -0.426008 200.000000 200.000000 200.000000
v -0.140923 -0.101507 0.010828 200.000000 200.000000 200.000000
v 0.000585 -0.052004 0.085967 200.000000 200.000000 200.000000
v -0.086386 -0.255431 -0.033428 200.000000 200.000000 200.000000
v -0.058819 0.272106 0.167264 200.000000 200.000000 200.000000
v 0.233864 0.026725 0.102857 200.000000 200.000000 200.000000
v 0.025000 0.078086 -0.116547 200.000000 200.000000 200.000000
v 0.140648 0.057891 0.136972 200.000000 200.000000 200.000000
v 0.058247 0.037593 0.118489 200.000000 200.000000 200.000000
v 0.029317 0.828379 -0.010442 200.000000 200.000000 200.000000
v 0.133838 0.596228 0.050769 200.000000 200.000000 200.000000
v 0.300836 0.002202 -0.232600 200.000000 200.000000 200.000000
v -0.029337 -0.503662 0.061924 200.000000 200.000000 200.000000
v 0.006648 0.289620 0.129318 200.000000 200.000000 200.000000
v 0.276408 0.005624 -0.301340 200.000000 200.000000 200.000000
v 0.134852 -0.045540 -0.199122 200.000000 200.000000 200.000000
v 0.105030 0.318994 -0.203215 200.000000 200.000000 200.000000
v 0.299409 0.634157 -0.225793 200.000000 200.000000 200.000000
v 0.147224 -0.720761 -0.122850 200.000000 200.000000 200.000000
v 0.122797 0.594304 0.023462 200.000000 200.000000 200.000000
v 0.333226 -0.036958 -0.249320 200.000000 200.000000 200.000000
v 0.119684 -0.815373 -0.059969 200.000000 200.000000 200.000000
v 0.298363 0.839121 -0.381865 200.000000 200.000000 200.000000
v 0.047296 -0.138045 0.045387 200.000000 200.000000 200.000000
v 0.154690 -0.303157 -0.220582 200.000000 200.000000 200.000000
v 0.184094 -0.024260 -0.232853 200.000000 200.000000 200.000000
v 0.245124 0.380009 0.066309 200.000000 200.000000 200.000000
v 0.128784 0.433553 -0.226382 200.000000 200.000000 200.000000
v 0.076415 -0.457407 -0.119368 200.000000 200.000000 200.000000
v 0.327230 0.619439 -0.172814 200.000000 200.000000 200.000000
v 0.257227 0.100719 -0.289377 200.000000 200.000000 200.000000
v -0.072034 0.041984 -0.043033 200.000000 200.000000 200.000000
v -0.145593 -0.107207 0.006913 200.000000 200.000000 200.000000
v 0.349859 0.417585 -0.269528 200.000000 200.000000 200.000000
v 0.176580 0.364955 0.107563 200.000000 200.000000 200.000000
v 0.353370 0.402405 -0.252160 200.000000 200.000000 200.000000
v 0.136173 -0.451347 -0.170825 200.000000 200.000000 200.000000
v 0.310379 0.550914 -0.044577 200.000000 200.000000 200.000000
v 0.214297 0.116047 0.107895 200.000000 200.000000 200.000000
v 0.031571 -0.407905 0.043877 200.000000 200.000000 200.000000
v 0.167519 0.655488 -0.176145 200.000000 200.000000 200.000000
v 0.133766 0.522683 -0.186585 200.000000 200.000000 200.000000
v 0.091374 0.943686 -0.350837 200.000000 200.000000 200.000000
v 0.051260 -0.175610 -0.076408 200.000000 200.000000 200.000000
v -0.337264 0.125083 0.446499 200.000000 200.000000 200.000000
v -0.065721 -0.474212 0.019930 200.000000 200.000000 200.000000
v 0.114751 -0.999899 -0.068375 200.000000 200.000000 200.000000
v 0.140762 -0.868111 -0.086037 200.000000 200.000000 200.000000
v 0.364764 0.715643 -0.362770 200.000000 200.000000 200.000000
v 0.086431 0.590110 0.078195 200.000000 200.000000 200.000000
v 0.042710 0.458691 -0.099628 200.000000 200.000000 200.000000
v 0.065960 0.033424 -0.160279 200.000000 200.000000 200.000000
v 0.322918 -0.067690 -0.146728 200.000000 200.000000 200.000000
v 0.002987 0.291827 -0.043885 200.000000 200.000000 200.000000
v 0.078745 -0.354666 -0.172135 200.000000 200.000000 200.000000
v 0.241409 -0.621569 -0.106111 200.000000 200.000000 200.000000
v 0.035943 0.102439 -0.149432 200.000000 200.000000 200.000000
v 0.077047 0.133964 -0.197178 200.000000 200.000000 200.000000
v 0.105587 -0.607383 -0.132836 200.000000 200.000000 200.000000
v 0.185682 -0.442358 -0.035139 200.000000 200.000000 200.000000
v 0.240228 0.263737 0.055620 200.000000 200.000000 200.000000
v 0.243221 0.235689 -0.291224 200.000000 200.000000 200.000000
v 0.074722 0.184658 -0.125655 200.000000 200.000000 200.000000
v 0.195536 -0.468606 -0.170818 200.000000 200.000000 200.000000
v 0.235884 0.897874 -0.357665 200.000000 200.000000 200.000000
v 0.116300 -0.078315 -0.188774 200.000000 200.000000 200.000000
v -0.298002 0.123841 0.412814 200.000000 200.000000 200.000000
v 0.224049 -0.408113 -0.055673 200.000000 200.000000 200.000000
v -0.057543 -0.507987 0.001418 200.000000 200.000000 200.000000
v 0.264343 0.382000 0.041903 200.000000 200.000000 200.000000
v 0.194441 -0.135280 -0.240484 200.000000 200.000000 200.000000
v -0.178264 0.239091 0.259608 200.000000 200.000000 200.000000
v 0.077765 0.471130 0.168687 200.000000 200.000000 200.000000
v 0.283902 -0.007244 -0.278669 200.000000 200.000000 200.000000
v 0.373773 0.739395 -0.389016 200.000000 200.000000 200.000000
v 0.081934 -0.060031 0.114712 200.000000 200.000000 200.000000
v 0.026504 -0.984633 -0.118840 200.000000 200.000000 200.000000
v 0.122951 -0.997029 -0.125444 200.000000 200.000000 200.000000
v 0.246396 -0.092084 0.059037 200.000000 200.000000 200.000000
v -0.012574 -0.658919 0.024896 200.000000 200.000000 200.000000
v 0.098142 0.282292 0.085661 200.000000 200.000000 200.000000
v 0.014563 0.366148 0.216549 200.000000 200.000000 200.000000
v 0.177160 0.021210 0.131205 200.000000 200.000000 200.000000
v 0.307431 0.681347 -0.328646 200.000000 200.000000 200.000000
v 0.031634 0.763048 -0.003357 200.000000 200.000000 200.000000
v -0.186635 0.272121 0.376823 200.000000 200.000000 200.000000
v 0.240725 -0.400760 -0.085825 200.000000 200.000000 200.000000
v 0.282536 0.723218 -0.456009 200.000000 200.000000 200.000000
v 0.014118 -0.133693 -0.090086 200.000000 200.000000 200.000000
v 0.282587 0.483424 -0.336432 200.000000 200.000000 200.000000
v 0.217141 0.647360 -0.009466 200.000000 200.000000 200.000000
v 0.156215 -0.517771 -0.030670 200.000000 200.000000 200.000000
v 0.339294 0.223317 -0.211095 200.000000 200.000000 200.000000
v 0.093723 0.178004 0.047203 200.000000 200.000000 200.000000
v 0.188639 0.732822 -0.160157 200.000000 200.000000 200.000000
v 0.146214 -0.654037 -0.023477 200.000000 200.000000 200.000000
v 0.137725 0.304921 0.104083 200.000000 200.000000 200.000000
v 0.081398 -0.130437 0.066905 200.000000 200.000000 200.000000
v 0.168445 -0.031416 0.130087 200.000000 200.000000 200.000000
v -0.154415 -0.032546 0.030448 200.000000 200.000000 200.000000
v 0.342304 0.131188 -0.113704 200.000000 200.000000 200.000000
v 0.296837 0.210324 -0.002036 200.000000 200.000000 200.000000
v 0.174624 0.813767 -0.140354 200.000000 200.000000 200.000000
v 0.200399 0.541044 -0.242129 200.000000 200.000000 200.000000
v 0.022866 0.030101 -0.069447 200.000000 200.000000 200.000000
v 0.132906 -0.691177 -0.027809 200.000000 200.000000 200.000000
v -0.067237 0.395732 0.187880 200.000000 200.000000 200.000000
v 0.062644 0.457336 -0.172393 200.000000 200.000000 200.000000
v 0.149748 0.846052 -0.383339 200.000000 200.000000 200.000000
v -0.071206 0.005691 0.054764 200.000000 200.000000 200.000000
v 0.158823 -0.108239 -0.230230 200.000000 200.000000 200.000000
v 0.020402 -0.510732 0.042990 200.000000 200.000000 200.000000
v 0.235336 0.589550 -0.193963 200.000000 200.000000 200.000000
v -0.018478 -0.412788 0.044347 200.000000 200.000000 200.000000
v 0.087790 -0.237699 -0.064048 200.000000 200.000000 200.000000
v 0.147391 0.426378 0.125844 200.000000 200.000000 200.000000
v 0.280105 0.368381 0.008798 200.000000 200.000000 200.000000
v 0.011861 -0.468448 -0.015134 200.000000 200.000000 200.000000
v 0.122775 0.257953 -0.239038 200.000000 200.000000 200.000000
v -0.294919 -0.175636 -0.052937 200.000000 200.000000 200.000000
v 0.087262 0.278404 0.094953 200.000000 200.000000 200.000000
v 0.187279 0.877322 -0.441085 200.000000 200.000000 200.000000
v 0.044135 0.037162 -0.126439 200.000000 200.000000 200.000000
v 0.122343 -0.895490 -0.057227 200.000000 200.000000 200.000000
v 0.269571 -0.219468 -0.062086 200.000000 200.000000 200.000000
v 0.285728 0.448936 -0.326886 200.000000 200.000000 200.000000
v -0.000292 0.792567 -0.144427 200.000000 200.000000 200.000000
v 0.116369 0.261005 0.096712 200.000000 200.000000 200.000000
v 0.144031 0.435552 0.128707 200.000000 200.000000 200.000000
v -0.268565 0.193548 0.336563 200.000000 200.000000 200.000000
v 0.060784 0.614596 -0.164590 200.000000 200.000000 200.000000
v 0.021259 0.862748 -0.099166 200.000000 200.000000 200.000000
v 0.133397 0.258022 -0.218176 200.000000 200.000000 200.000000
v 0.142296 0.908860 -0.376706 200.000000 200.000000 200.000000
v 0.274652 -0.246196 -0.095464 200.000000 200.000000 200.000000
v 0.209990 0.377138 -0.267938 200.000000 200.000000 200.000000
v 0.100196 0.871429 -0.063709 200.000000 200.000000 200.000000
v 0.293523 0.596864 -0.058534 200.000000 200.000000 200.000000
v 0.158025 0.936971 -0.405469 200.000000 200.000000 200.000000
v 0.114790 -0.288867 -0.058339 200.000000 200.000000 200.000000
v -0.263221 -0.009529 -0.100663 200.000000 200.000000 200.000000
v -0.154696 0.231980 0.250577 200.000000 200.000000 200.000000
v 0.305489 0.159627 -0.005001 200.000000 200.000000 200.000000
v 0.307947 0.116190 -0.001162 200.000000 200.000000 200.000000
v 0.200054 -0.317300 -0.035740 200.000000 200.000000 200.000000
v 0.081562 0.088613 0.113757 200.000000 200.000000 200.000000
v 0.174767 0.054998 0.130549 200.000000 200.000000 200.000000
v 0.116647 0.844163 -0.185421 200.000000 200.000000 200.000000
v -0.186124 -0.300380 0.007992 200.000000 200.000000 200.000000
v 0.123446 -0.159000 0.020526 200.000000 200.000000 200.000000
v 0.093136 -0.302813 -0.055942 200.000000 200.000000 200.000000
v 0.201941 -0.738110 -0.119945 200.000000 200.000000 200.000000
v -0.028601 -0.609924 0.001156 200.000000 200.000000 200.000000
v 0.148071 0.399707 -0.241439 200.000000 200.000000 200.000000
v 0.037768 -0.109236 0.070581 200.000000 200.000000 200.000000
v 0.339732 0.071253 -0.071834 200.000000 200.000000 200.000000
v -0.134179 -0.216775 0.010578 200.000000 200.000000 200.000000
v 0.092323 0.569639 0.045583 200.000000 200.000000 200.000000
v 0.250933 0.354942 0.051655 200.000000 200.000000 200.000000
v 0.289448 0.198837 0.013758 200.000000 200.000000 200.000000
v 0.112922 0.369828 -0.211737 200.000000 200.000000 200.000000
v 0.049910 0.534170 0.033131 200.000000 200.000000 200.000000
v 0.160949 -0.246012 -0.229451 200.000000 200.000000 200.000000
v 0.090891 0.592584 -0.012635 200.000000 200.000000 200.000000
v 0.006880 0.267510 0.158561 200.000000 200.000000 200.000000
v 0.217707 0.790707 -0.399232 200.000000 200.000000 200.000000
v 0.080872 0.003536 0.127320 200.000000 200.000000 200.000000
v 0.057184 0.221543 -0.017660 200.000000 200.000000 200.000000
v 0.157821 0.922534 -0.327156 200.000000 200.000000 200.000000
v 0.293165 0.853612 -0.384068 200.000000 200.000000 200.000000
v 0.324177 -0.147589 -0.094174 200.000000 200.000000 200.000000
v 0.125565 -0.333901 -0.209201 200.000000 200.000000 200.000000
v 0.294683 0.179554 0.010507 200.000000 200.000000 200.000000
v 0.400818 0.600446 -0.363147 200.000000 200.000000 200.000000
v 0.196532 -0.186446 -0.036879 200.000000 200.000000 200.000000
v 0.071132 -0.009337 -0.125526 200.000000 200.000000 200.000000
v 0.083303 0.888718 -0.340857 200.000000 200.000000 200.000000
v 0.277822 -0.157166 -0.184984 200.000000 200.000000 200.000000
v -0.031660 -0.137742 -0.092174 200.000000 200.000000 200.000000
v 0.022343 0.512717 0.118097 200.000000 200.000000 200.000000
v 0.184200 -0.547361 -0.025717 200.000000 200.000000 200.000000
v 0.229361 -0.157453 -0.231340 200.000000 200.000000 200.000000
v -0.318282 -0.167819 -0.094915 200.000000 200.000000 200.000000
v 0.249275 0.878449 -0.438811 200.000000 200.000000 200.000000
v 0.358042 0.504861 -0.056194 200.000000 200.000000 200.000000
v 0.032758 0.015138 0.105430 200.000000 200.000000 200.000000
v 0.292808 -0.022280 -0.297909 200.000000 200.000000 200.000000
v 0.034846 0.246625 0.014195 200.000000 200.000000 200.000000
v 0.225896 0.479538 -0.271227 200.000000 200.000000 200.000000
v 0.093593 -0.007471 -0.156559 200.000000 200.000000 200.000000
v 0.122382 0.120007 0.122856 200.000000 200.000000 200.000000
v 0.080055 -0.160605 -0.006965 200.000000 200.000000 200.000000
v -0.106219 -0.030747 -0.110515 200.000000 200.000000 200.000000
v 0.381311 0.525006 -0.279195 200.000000 200.000000 200.000000
v 0.152822 0.406134 -0.247637 200.000000 200.000000 200.000000
v 0.062059 0.211542 -0.020792 200.000000 200.000000 200.000000
v 0.207693 0.618281 0.056011 200.000000 200.000000 200.000000
v -0.062126 -0.018697 -0.090395 200.000000 200.000000 200.000000
v -0.024686 -0.108620 0.046475 200.000000 200.000000 200.000000
v 0.062871 -0.139048 -0.149625 200.000000 200.000000 200.000000
v 0.153195 -0.647507 -0.142868 200.000000 200.000000 200.000000
v 0.269112 0.877249 -0.383167 200.000000 200.000000 200.000000
v 0.086133 0.918928 -0.282248 200.000000 200.000000 200.000000
v 0.189464 -0.829364 0.015175 200.000000 200.000000 200.000000
v 0.159592 0.839419 -0.385101 200.000000 200.000000 200.000000
v 0.145379 0.567345 0.096390 200.000000 200.000000 200.000000
v 0.230673 0.440289 0.081269 200.000000 200.000000 200.000000
v -0.013420 -0.385242 0.010528 200.000000 200.000000 200.000000
v -0.081548 -0.090257 0.038785 200.000000 200.000000 200.000000
v 0.342590 0.107513 -0.093910 200.000000 200.000000 200.000000
v 0.219296 0.875197 -0.336682 200.000000 200.000000 200.000000
v 0.194788 -0.568900 -0.154195 200.000000 200.000000 200.000000
v 0.014891 0.270281 0.237801 200.000000 200.000000 200.000000
v 0.163363 -0.102207 0.095885 200.000000 200.000000 200.000000
v -0.235837 0.224544 0.418561 200.000000 200.000000 200.000000
v 0.356349 -0.060841 -0.136402 200.000000 200.000000 200.000000
v 0.295616 0.010724 -0.295800 200.000000 200.000000 200.000000
v 0.104035 -0.992337 -0.136877 200.000000 200.000000 200.000000
v 0.068946 0.545481 -0.029943 200.000000 200.000000 200.000000
v 0.380894 0.646167 -0.314788 200.000000 200.000000 200.000000
v 0.121799 0.712860 -0.007333 200.000000 200.000000 200.000000
v 0.389281 0.572973 -0.255820 200.000000 200.000000 200.000000
v -0.167749 0.186423 0.293689 200.000000 200.000000 200.000000
v 0.403495 0.608115 -0.361635 200.000000 200.000000 200.000000
v 0.050833 0.657176 -0.014369 200.000000 200.000000 200.000000
v 0.044062 0.756938 0.003421 200.000000 200.000000 200.000000
v -0.297745 -0.026466 -0.089611 200.000000 200.000000 200.000000
v 0.125474 -0.726790 -0.103416 200.000000 200.000000 200.000000
v 0.119805 -0.726787 -0.090606 200.000000 200.000000 200.000000
v 0.075880 -0.994686 -0.146946 200.000000 200.000000 200.000000
v -0.234686 -0.265039 -0.031753 200.000000 200.000000 200.000000
v -0.032524 -0.027167 0.076824 200.000000 200.000000 200.000000
v 0.221956 -0.434479 -0.056619 200.000000 200.000000 200.000000
v -0.052208 -0.062467 -0.102847 200.000000 200.000000 200.000000
v 0.348872 0.338109 -0.182983 200.000000 200.000000 200.000000
v -0.375025 0.127585 0.433776 200.000000 200.000000 200.000000
v 0.322586 0.144261 -0.267781 200.000000 200.000000 200.000000
v 0.209432 -0.028312 -0.235497 200.000000 200.000000 200.000000
v 0.226752 0.351874 0.077591 200.000000 200.000000 200.000000
v -0.006992 0.424783 0.058318 200.000000 200.000000 200.000000
v 0.091030 -0.999746 -0.134624 200.000000 200.000000 200.000000
v 0.222709 -0.253238 -0.211036 200.000000 200.000000 200.000000
v 0.316758 0.652778 -0.292533 200.000000 200.000000 200.000000
v 0.137203 0.522514 0.104176 200.000000 200.000000 200.000000
v 0.314175 0.009388 -0.254392 200.000000 200.000000 200.000000
v -0.005903 0.413664 0.037818 200.000000 200.000000 200.000000
v 0.141683 0.889915 -0.369799 200.000000 200.000000 200.000000
v 0.136270 -0.730432 -0.017210 200.000000 200.000000 200.000000
v 0.224526 -0.585716 -0.040578 200.000000 200.000000 200.000000
v -0.068468 0.227748 0.285060 200.000000 200.000000 200.000000
v 0.243509 -0.379431 -0.121799 200.000000 200.000000 200.000000
v 0.238991 0.422492 0.072795 200.000000 200.000000 200.000000
v 0.308870 0.086399 -0.016077 200.000000 200.000000 200.000000
v -0.023874 0.775571 -0.098527 200.000000 200.000000 200.000000
v 0.250237 0.452270 -0.314773 200.000000 200.000000 200.000000
v 0.045270 0.489124 -0.021653 200.000000 200.000000 200.000000
v 0.349674 -0.033004 -0.197481 200.000000 200.000000 200.000000
v 0.333996 0.611008 -0.150763 200.000000 200.000000 200.000000
v -0.041123 -0.436906 -0.030852 200.000000 200.000000 200.000000
v -0.147376 0.165615 0.330854 200.000000 200.000000 200.000000
v 0.135804 -0.780745 -0.007791 200.000000 200.000000 200.000000
v 0.282006 0.087393 0.033793 200.000000 200.000000 200.000000
v 0.255278 0.447905 0.060193 200.000000 200.000000 200.000000
v 0.074848 0.556311 0.021674 200.000000 200.000000 200.000000
v 0.063951 0.298179 0.125080 200.000000 200.000000 200.000000
v 0.108592 -0.268569 -0.203776 200.000000 200.000000 200.000000
v 0.324110 0.031485 -0.269810 200.000000 200.000000 200.000000
v -0.240378 0.147273 0.352765 200.000000 200.000000 200.000000
v 0.161358 -0.777929 -0.111214 200.000000 200.000000 200.000000
v -0.178681 0.176141 0.374667 200.000000 200.000000 200.000000
v 0.093389 -0.945262 -0.040072 200.000000 200.000000 200.000000
v 0.206673 0.486679 0.084014 200.000000 200.000000 200.000000
v 0.396469 0.543487 -0.160745 200.000000 200.000000 200.000000
v -0.103411 0.353148 0.201801 200.000000 200.000000 200.000000
v -0.036784 -0.413594 -0.034312 200.000000 200.000000 200.000000
v -0.193973 -0.319722 -0.021317 200.000000 200.000000 200.000000
v 0.292839 0.270480 -0.000800 200.000000 200.000000 200.000000
v -0.284693 -0.026949 -0.137977 200.000000 200.000000 200.000000
v 0.235443 0.464094 0.073794 200.000000 200.000000 200.000000
v 0.223835 -0.706149 -0.014809 200.000000 200.000000 200.000000
v 0.296291 0.630570 -0.424941 200.000000 200.000000 200.000000
v 0.297910 0.673161 -0.392932 200.000000 200.000000 200.000000
v 0.088605 -0.008213 -0.173464 200.000000 200.000000 200.000000
v -0.343379 -0.117398 -0.104384 200.000000 200.000000 200.000000
v 0.063122 0.205151 -0.144490 200.000000 200.000000 200.000000
v -0.104671 -0.158789 -0.023828 200.000000 200.000000 200.000000
v -0.031427 -0.372234 -0.017471 200.000000 200.000000 200.000000
v 0.287659 0.605567 -0.402666 200.000000 200.000000 200.000000
v 0.185262 0.738228 -0.034722 200.000000 200.000000 200.000000
v 0.349392 0.457370 -0.067524 200.000000 200.000000 200.000000
v -0.029087 -0.384037 -0.019935 200.000000 200.000000 200.000000
v 0.269826 -0.267464 -0.082357 200.000000 200.000000 200.000000
v 0.042616 0.147792 -0.005755 200.000000 200.000000 200.000000
v 0.141974 -0.842206 -0.091003 200.000000 200.000000 200.000000
v -0.090473 0.262926 0.319642 200.000000 200.000000 200.000000
v 0.103641 0.928397 -0.278249 200.000000 200.000000 200.000000
v 0.121076 -0.899569 -0.013639 200.000000 200.000000 200.000000
v 0.372609 0.568122 -0.377469 200.000000 200.000000 200.000000
v 0.244458 0.001606 -0.231270 200.000000 200.000000 200.000000
v 0.161911 0.313760 -0.251809 200.000000 200.000000 200.000000
v 0.335792 -0.036787 -0.243057 200.000000 200.000000 200.000000
v 0.070596 0.233411 0.046156 200.000000 200.000000 200.000000
v -0.256243 0.249879 0.364471 200.000000 200.000000 200.000000
v 0.169701 0.339852 0.102566 200.000000 200.000000 200.000000
v 0.049985 -0.999927 -0.132311 200.000000 200.000000 200.000000
v 0.203193 -0.241097 -0.221272 200.000000 200.000000 200.000000
v 0.233415 0.905027 -0.416979 200.000000 200.000000 200.000000
v 0.126270 0.530726 0.111621 200.000000 200.000000 200.000000
v -0.069363 -0.359318 -0.062265 200.000000 200.000000 200.000000
v -0.309514 -0.034906 -0.089435 200.000000 200.000000 200.000000
v -0.162628 0.308604 0.298958 200.000000 200.000000 200.000000
v -0.040008 -0.354188 -0.044845 200.000000 200.000000 200.000000
v 0.119577 0.030499 0.136766 200.000000 200.000000 200.000000
v 0.297561 0.172687 0.015289 200.000000 200.000000 200.000000
v 0.392572 0.650181 -0.334813 200.000000 200.000000 200.000000
v 0.042883 -0.999905 -0.133182 200.000000 200.000000 200.000000
v 0.037900 0.808349 -0.192041 200.000000 200.000000 200.000000
v 0.301159 0.061715 0.035628 200.000000 200.000000 200.000000
v 0.341179 0.323783 -0.234497 200.000000 200.000000 200.000000
v 0.059550 0.101702 -0.176020 200.000000 200.000000 200.000000
v 0.043526 -0.062445 -0.120500 200.000000 200.000000 200.000000
v 0.100987 -0.384527 -0.173435 200.000000 200.000000 200.000000
v 0.234468 -0.257056 -0.202494 200.000000 200.000000 200.000000
v 0.015119 -0.540003 0.045907 200.000000 200.000000 200.000000
v 0.307417 0.196178 -0.285330 200.000000 200.000000 200.000000
v 0.247693 0.153611 0.065834 200.000000 200.000000 200.000000
v 0.211114 0.635596 0.051769 200.000000 200.000000 200.000000
v -0.124190 -0.071756 -0.131376 200.000000 200.000000 200.000000
v 0.097116 -0.549357 -0.086783 200.000000 200.000000 200.000000
v -0.272441 -0.051051 -0.030371 200.000000 200.000000 200.000000
v 0.346154 0.007327 -0.218785 200.000000 200.000000 200.000000
v 0.060930 0.488172 -0.064827 200.000000 200.000000 200.000000
v -0.199435 0.256120 0.388277 200.000000 200.000000 200.000000
v 0.030922 0.865582 -0.081403 200.000000 200.000000 200.000000
v 0.163114 0.317702 -0.273325 200.000000 200.000000 200.000000
v 0.084511 0.156779 -0.134586 200.000000 200.000000 200.000000
v -0.098481 0.001177 0.041607 200.000000 200.000000 200.000000
v 0.089143 0.665387 -0.010145 200.000000 200.000000 200.000000
v 0.075846 0.772311 0.016655 200.000000 200.000000 200.000000
v 0.053329 0.492880 -0.027909 200.000000 200.000000 200.000000
v -0.132648 -0.369959 -0.051129 200.000000 200.000000 200.000000
v -0.131460 0.019993 0.009281 200.000000 200.000000 200.000000
v 0.313799 0.485873 -0.005353 200.000000 200.000000 200.000000
v 0.145904 -0.560079 -0.172263 200.000000 200.000000 200.000000
v -0.197037 -0.315202 -0.022464 200.000000 200.000000 200.000000
v 0.236507 -0.282874 -0.048003 200.000000 200.000000 200.000000
v 0.291161 0.452461 -0.328366 200.000000 200.000000 200.000000
v -0.057310 -0.054128 0.065441 200.000000 200.000000 200.000000
v 0.342054 0.402847 -0.095411 200.000000 200.000000 200.000000
v 0.111038 0.798629 0.011651 200.000000 200.000000 200.000000
v -0.054239 0.386743 0.239421 200.000000 200.000000 200.000000
v -0.035612 0.776462 -0.133253 200.000000 200.000000 200.000000
v -0.222296 0.237781 0.302530 200.000000 200.000000 200.000000
v 0.339127 0.209643 -0.197661 200.000000 200.000000 200.000000
v 0.115470 0.614195 0.092727 200.000000 200.000000 200.000000
v 0.263886 -0.139158 -0.009001 200.000000 200.000000 200.000000
v 0.256737 -0.207877 -0.050285 200.000000 200.000000 200.000000
v 0.265742 0.732050 -0.396761 200.000000 200.000000 200.000000
v -0.231082 0.237471 0.310682 200.000000 200.000000 200.000000
v 0.009576 0.289724 0.251274 200.000000 200.000000 200.000000
v 0.117828 -0.028486 0.130801 200.000000 200.000000 200.000000
v 0.017634 0.765903 0.015747 200.000000 200.000000 200.000000
v 0.335028 0.266853 -0.244720 200.000000 200.000000 200.000000
v 0.054103 -0.273665 -0.085413 200.000000 200.000000 200.000000
v 0.032796 -0.475240 0.002782 200.000000 200.000000 200.000000
v 0.198807 -0.187679 -0.036694 200.000000 200.000000 200.000000
v 0.051666 0.368127 -0.120358 200.000000 200.000000 200.000000
v 0.182164 0.838060 -0.174595 200.000000 200.000000 200.000000
v 0.287548 0.316805 0.010746 200.000000 200.000000 200.000000
v 0.285393 0.610433 -0.005791 200.000000 200.000000 200.000000
v 0.069731 0.532258 0.132762 200.000000 200.000000 200.000000
v 0.150020 0.058714 0.136852 200.000000 200.000000 200.000000
v 0.238094 0.107793 -0.286095 200.000000 200.000000 200.000000
v 0.073553 -0.471226 -0.130745 200.000000 200.000000 200.000000
v 0.293005 -0.005387 -0.279193 200.000000 200.000000 200.000000
v -0.239065 -0.001384 -0.066702 200.000000 200.000000 200.000000
v 0.205110 0.235975 0.106646 200.000000 200.000000 200.000000
v 0.138236 -0.063086 -0.207193 200.000000 200.000000 200.000000
v 0.202875 0.200138 -0.270218 200.000000 200.000000 200.000000
v -0.002060 -0.135901 0.030937 200.000000 200.000000 200.000000
v 0.205470 0.684124 -0.048523 200.000000 200.000000 200.000000
v -0.037186 -0.583928 0.028866 200.000000 200.000000 200.000000
v 0.170929 -0.075359 -0.232359 200.000000 200.000000 200.000000
v -0.253827 -0.054738 -0.017640 200.000000 200.000000 200.000000
v 0.227951 -0.741469 -0.015392 200.000000 200.000000 200.000000
v -0.239357 -0.259946 -0.035099 200.000000 200.000000 200.000000
v 0.047532 0.408638 -0.132347 200.000000 200.000000 200.000000
v 0.301283 0.734242 -0.367518 200.000000 200.000000 200.000000
v 0.183375 -0.281553 -0.032971 200.000000 200.000000 200.000000
v 0.192072 -0.024762 0.123667 200.000000 200.000000 200.000000
v 0.034628 0.569048 -0.094890 200.000000 200.000000 200.000000
v 0.341247 0.116493 -0.176964 200.000000 200.000000 200.000000
v 0.244596 0.274644 -0.292390 200.000000 200.000000 200.000000
v 0.356142 0.683127 -0.325463 200.000000 200.000000 200.000000
v -0.208638 0.144550 0.341933 200.000000 200.000000 200.000000
v 0.391652 0.583004 -0.239328 200.000000 200.000000 200.000000
v 0.374203 0.468098 -0.200165 200.000000 200.000000 200.000000
v 0.248299 -0.372486 -0.085463 200.000000 200.000000 200.000000
v 0.292635 0.040998 0.044718 200.000000 200.000000 200.000000
v -0.022271 0.759099 -0.088687 200.000000 200.000000 200.000000
v 0.201131 0.913207 -0.339357 200.000000 200.000000 200.000000
v 0.337350 0.252510 -0.208697 200.000000 200.000000 200.000000
v -0.188925 0.153256 0.367015 200.000000 200.000000 200.000000
v 0.072169 0.592291 0.039991 200.000000 200.000000 200.000000
v -0.231264 0.000722 -0.059465 200.000000 200.000000 200.000000
v 0.223502 -0.137473 0.016299 200.000000 200.000000 200.000000
v -0.196911 -0.296280 -0.074187 200.000000 200.000000 200.000000
v 0.405281 0.665797 -0.389508 200.000000 200.000000 200.000000
v 0.118564 -0.288126 -0.211545 200.000000 200.000000 200.000000
v -0.049433 0.012764 -0.073471 200.000000 200.000000 200.000000
v 0.244502 0.077164 -0.290317 200.000000 200.000000 200.000000
v 0.061694 -0.240078 -0.132710 200.000000 200.000000 200.000000
v 0.190313 -0.892310 0.016509 200.000000 200.000000 200.000000
v 0.086752 0.147297 -0.204221 200.000000 200.000000 200.000000
v 0.302376 0.354391 -0.305222 200.000000 200.000000 200.000000
v 0.184744 -0.926549 0.015732 200.000000 200.000000 200.000000
v -0.347775 0.214644 0.453339 200.000000 200.000000 200.000000
v 0.336120 0.203533 -0.141102 200.000000 200.000000 200.000000
v -0.003772 0.438080 0.184100 200.000000 200.000000 200.000000
v 0.227377 -0.761948 -0.012918 200.000000 200.000000 200.000000
v 0.035407 0.464940 -0.069279 200.000000 200.000000 200.000000
v 0.143241 -0.248531 -0.045259 200.000000 200.000000 200.000000
v 0.104242 0.650556 -0.168234 200.000000 200.000000 200.000000
v 0.260937 0.334548 0.045714 200.000000 200.000000 200.000000
v 0.336531 0.060330 -0.047044 200.000000 200.000000 200.000000
v 0.351349 0.037046 -0.097718 200.000000 200.000000 200.000000
v -0.049801 -0.501399 -0.012239 200.000000 200.000000 200.000000
v 0.129668 0.643740 0.081586 200.000000 200.000000 200.000000
v -0.199547 -0.221978 0.013492 200.000000 200.000000 200.000000
v 0.142594 0.401482 -0.226196 200.000000 200.000000 200.000000
v -0.286695 0.244371 0.391367 200.000000 200.000000 200.000000
v 0.062683 -0.152242 0.027312 200.000000 200.000000 200.000000
v 0.001586 -0.138872 -0.085828 200.000000 200.000000 200.000000
v 0.320792 -0.134282 -0.048052 200.000000 200.000000 200.000000
v 0.194538 -0.418708 -0.174656 200.000000 200.000000 200.000000
v 0.093694 -0.478873 -0.078176 200.000000 200.000000 200.000000
v 0.339819 0.367832 -0.254582 200.000000 200.000000 200.000000
v -0.358576 0.177725 0.407915 200.000000 200.000000 200.000000
v 0.000048 0.287572 -0.028168 200.000000 200.000000 200.000000
v 0.085711 0.736082 -0.190321 200.000000 200.000000 200.000000
v -0.105579 -0.124833 0.009727 200.000000 200.000000 200.000000
v 0.044462 0.141021 -0.169302 200.000000 200.000000 200.000000
v 0.150895 -0.713810 -0.126536 200.000000 200.000000 200.000000
v 0.126183 0.672479 -0.019534 200.000000 200.000000 200.000000
v 0.029322 0.283423 0.147597 200.000000 200.000000 200.000000
v 0.118409 0.866592 -0.141594 200.000000 200.000000 200.000000
v -0.168931 0.284384 0.262992 200.000000 200.000000 200.000000
v 0.367297 0.694811 -0.354514 200.000000 200.000000 200.000000
v 0.081916 -0.483928 -0.170648 200.000000 200.000000 200.000000
v 0.069973 -0.238087 -0.151246 200.000000 200.000000 200.000000
v 0.175597 0.739386 -0.025204 200.000000 200.000000 200.000000
v 0.233203 0.047640 0.100449 200.000000 200.000000 200.000000
v 0.211121 -0.200683 -0.033610 200.000000 200.000000 200.000000
v 0.080804 0.636490 -0.017435 200.000000 200.000000 200.000000
v 0.381584 0.700695 -0.466942 200.000000 200.000000 200.000000
v 0.341930 0.351136 -0.252261 200.000000 200.000000 200.000000
v -0.144801 0.018556 -0.081682 200.000000 200.000000 200.000000
v -0.018886 0.827983 -0.110833 200.000000 200.000000 200.000000
v -0.083971 -0.150580 -0.091262 200.000000 200.000000 200.000000
v 0.278720 -0.093395 -0.198929 200.000000 200.000000 200.000000
v 0.246157 0.463192 0.066751 200.000000 200.000000 200.000000
v 0.038109 0.140302 0.042752 200.000000 200.000000 200.000000
v -0.173409 -0.144346 -0.012486 200.000000 200.000000 200.000000
v 0.086632 -0.404962 -0.070605 200.000000 200.000000 200.000000
v 0.195345 -0.499165 -0.045056 200.000000 200.000000 200.000000
v 0.189617 0.724935 -0.042746 200.000000 200.000000 200.000000
v 0.110799 0.975705 -0.361091 200.000000 200.000000 200.000000
v 0.083240 0.274766 0.085544 200.000000 200.000000 200.000000
v 0.394710 0.697470 -0.369454 200.000000 200.000000 200.000000
v 0.043052 -0.971265 -0.092771 200.000000 200.000000 200.000000
v 0.001435 0.316702 0.265457 200.000000 200.000000 200.000000
v 0.334072 -0.100647 -0.104899 200.000000 200.000000 200.000000
v 0.186029 0.668214 -0.059998 200.000000 200.000000 200.000000
v -0.312851 0.229327 0.408342 200.000000 200.000000 200.000000
v -0.307650 -0.115269 -0.048940 200.000000 200.000000 200.000000
v 0.003329 0.415843 0.189985 200.000000 200.000000 200.000000
v -0.211209 -0.207239 -0.131391 200.000000 200.000000 200.000000
v -0.097989 0.003259 -0.090799 200.000000 200.000000 200.000000
v 0.021304 0.863076 -0.109589 200.000000 200.000000 200.000000
v 0.164573 -0.072758 0.114686 200.000000 200.000000 200.000000
v 0.351502 0.374600 -0.167094 200.000000 200.000000 200.000000
v 0.211223 0.881991 -0.446597 200.000000 200.000000 200.000000
v 0.300813 -0.187467 -0.140717 200.000000 200.000000 200.000000
v 0.139975 0.768080 -0.001607 200.000000 200.000000 200.000000
v 0.338680 0.076075 -0.175867 200.000000 200.000000 200.000000
v 0.135104 0.866450 -0.375983 200.000000 200.000000 200.000000
v -0.000433 0.415880 0.198304 200.000000 200.000000 200.000000
v 0.346687 -0.054688 -0.056394 200.000000 200.000000 200.000000
v 0.286603 0.141907 0.032997 200.000000 200.000000 200.000000
v 0.199264 0.625531 -0.185592 200.000000 200.000000 200.000000
v 0.067061 0.845248 -0.175723 200.000000 200.000000 200.000000
v 0.353613 -0.042469 -0.156309 200.000000 200.000000 200.000000
v 0.051608 0.485967 -0.039753 200.000000 200.000000 200.000000
v 0.022312 0.781502 -0.177189 200.000000 200.000000 200.000000
v 0.190912 0.733739 -0.155797 200.000000 200.000000 200.000000
v 0.309915 -0.103531 -0.148036 200.000000 200.000000 200.000000
v 0.318987 0.507290 -0.366660 200.000000 200.000000 200.000000
v 0.180820 -0.526699 -0.025188 200.000000 200.000000 200.000000
v 0.211565 -0.793115 0.001900 200.000000 200.000000 200.000000
v 0.056098 -0.135160 0.052275 200.000000 200.000000 200.000000
v 0.257181 0.614806 -0.157941 200.000000 200.000000 200.000000
v -0.193441 -0.171386 -0.134829 200.000000 200.000000 200.000000
v 0.199610 0.418015 0.100730 200.000000 200.000000 200.000000
v 0.374361 0.526034 -0.300589 200.000000 200.000000 200.000000
v 0.135652 -0.460149 -0.168840 200.000000 200.000000 200.000000
v -0.018070 0.774100 -0.107125 200.000000 200.000000 200.000000
v -0.165813 0.164724 0.351500 200.000000 200.000000 200.000000
v 0.215171 0.507876 -0.270589 200.000000 200.000000 200.000000
v -0.011527 0.243555 0.188746 200.000000 200.000000 200.000000
v 0.346981 0.341169 -0.212299 200.000000 200.000000 200.000000
v 0.076728 0.713913 -0.181356 200.000000 200.000000 200.000000
v 0.004363 0.638114 -0.096506 200.000000 200.000000 200.000000
v 0.397339 0.586913 -0.359562 200.000000 200.000000 200.000000
v 0.165084 0.033955 -0.265483 200.000000 200.000000 200.000000
v 0.214334 -0.599634 -0.029668 200.000000 200.000000 200.000000
v 0.054736 0.245718 0.034471 200.000000 200.000000 200.000000
v 0.063856 0.160667 0.030522 200.000000 200.000000 200.000000
v 0.290630 0.270537 0.000528 200.000000 200.000000 200.000000
v 0.394700 0.545128 -0.228784 200.000000 200.000000 200.000000
v -0.035489 -0.592563 0.015753 200.000000 200.000000 200.000000
v 0.097077 0.213280 -0.171270 200.000000 200.000000 200.000000
v 0.362927 0.465576 -0.267358 200.000000 200.000000 200.000000
v 0.284070 0.690201 -0.438313 200.000000 200.000000 200.000000
v 0.187466 -0.998942 -0.042497 200.000000 200.000000 200.000000
v 0.350201 -0.011184 -0.110760 200.000000 200.000000 200.000000
v -0.362633 0.163246 0.490031 200.000000 200.000000 200.000000
v 0.287367 -0.136882 -0.189787 200.000000 200.000000 200.000000
v 0.194502 0.643546 0.016836 200.000000 200.000000 200.000000
v -0.367349 0.209133 0.494060 200.000000 200.000000 200.000000
v -0.135019 -0.176309 -0.051959 200.000000 200.000000 200.000000
v -0.001096 -0.096215 -0.102532 200.000000 200.000000 200.000000
v 0.374324 0.772395 -0.446679 200.000000 200.000000 200.000000
v 0.018504 0.308666 0.012878 200.000000 200.000000 200.000000
v 0.138168 0.502056 -0.212718 200.000000 200.000000 200.000000
v 0.322385 0.126819 -0.040751 200.000000 200.000000 200.000000
v 0.113930 0.666803 -0.018087 200.000000 200.000000 200.000000
v 0.152517 -0.107728 0.094279 200.000000 200.000000 200.000000
v -0.017186 0.047662 0.033113 200.000000 200.000000 200.000000
v -0.108293 -0.250234 0.009360 200.000000 200.000000 200.000000
v 0.075964 0.103972 0.102118 200.000000 200.000000 200.000000
v 0.306870 -0.189960 -0.100089 200.000000 200.000000 200.000000
v 0.235690 -0.545910 -0.085307 200.000000 200.000000 200.000000
v 0.247960 -0.376406 -0.093756 200.000000 200.000000 200.000000
v 0.240915 0.845247 -0.463393 200.000000 200.000000 200.000000
v 0.040062 0.524976 0.036884 200.000000 200.000000 200.000000
v 0.340073 0.310262 -0.076201 200.000000 200.000000 200.000000
v 0.014146 -0.603370 0.000963 200.000000 200.000000 200.000000
v 0.182552 0.672248 -0.056842 200.000000 200.000000 200.000000
v 0.098617 0.510937 -0.158296 200.000000 200.000000 200.000000
v -0.052808 -0.434499 -0.036398 200.000000 200.000000 200.000000
v 0.124481 -0.752943 -0.093351 200.000000 200.000000 200.000000
v 0.055609 0.936752 -0.332640 200.000000 200.000000 200.000000
v 0.212417 -0.664383 -0.014878 200.000000 200.000000 200.000000
v -0.162043 -0.366643 -0.028300 200.000000 200.000000 200.000000
v 0.263082 0.193541 0.061093 200.000000 200.000000 200.000000
v 0.060351 0.160613 0.004327 200.000000 200.000000 200.000000
v 0.198182 0.347651 -0.293717 200.000000 200.000000 200.000000
v -0.004140 0.351131 0.051829 200.000000 200.000000 200.000000
v 0.163163 0.596871 0.060396 200.000000 200.000000 200.000000
v 0.328171 0.196511 -0.227331 200.000000 200.000000 200.000000
v -0.007659 0.478321 0.089725 200.000000 200.000000 200.000000
v -0.088970 -0.070806 0.047196 200.000000 200.000000 200.000000
v 0.388533 0.545477 -0.246406 200.000000 200.000000 200.000000
v -0.077489 -0.039281 0.061612 200.000000 200.000000 200.000000
v -0.002024 0.341202 0.013448 200.000000 200.000000 200.000000
v -0.222258 -0.032296 -0.149333 200.000000 200.000000 200.000000
v -0.023276 0.789953 -0.151517 200.000000 200.000000 200.000000
v -0.160372 -0.128193 -0.005595 200.000000 200.000000 200.000000
v 0.335458 0.294916 -0.068802 200.000000 200.000000 200.000000
v 0.351249 0.399447 -0.225516 200.000000 200.000000 200.000000
v 0.063690 -0.095488 0.091060 200.000000 200.000000 200.000000
v 0.211499 -0.220479 -0.223077 200.000000 200.000000 200.000000
v 0.076789 0.720756 -0.187722 200.000000 200.000000 200.000000
v 0.341448 0.290042 -0.155997 200.000000 200.000000 200.000000
v 0.370236 0.454142 -0.157874 200.000000 200.000000 200.000000
v -0.082410 -0.149165 -0.005702 200.000000 200.000000 200.000000
v 0.341776 0.183781 -0.185837 200.000000 200.000000 200.000000
v 0.339083 -0.040534 -0.152213 200.000000 200.000000 200.000000
v -0.009086 0.013876 0.075860 200.000000 200.000000 200.000000
v 0.332441 0.022251 -0.029924 200.000000 200.000000 200.000000
v 0.262355 -0.314183 -0.118030 200.000000 200.000000 200.000000
v 0.307050 0.008272 -0.251746 200.000000 200.000000 200.000000
v -0.206387 -0.000936 -0.023126 200.000000 200.000000 200.000000
v 0.104965 -0.555254 -0.066348 200.000000 200.000000 200.000000
v 0.244236 -0.122070 0.019023 200.000000 200.000000 200.000000
v 0.028654 0.467327 -0.046778 200.000000 200.000000 200.000000
v -0.322249 -0.061504 -0.144878 200.000000 200.000000 200.000000
v 0.311860 0.387742 -0.035591 200.000000 200.000000 200.000000
v 0.128117 0.944896 -0.377621 200.000000 200.000000 200.000000
v 0.239993 -0.356190 -0.147460 200.000000 200.000000 200.000000
v 0.369184 0.768368 -0.402792 200.000000 200.000000 200.000000
v 0.128953 -0.162777 -0.218987 200.000000 200.000000 200.000000
v 0.205264 0.054879 0.114282 200.000000 200.000000 200.000000
v 0.194926 -0.490150 -0.043564 200.000000 200.000000 200.000000
v 0.280556 0.029849 -0.298064 200.000000 200.000000 200.000000
v -0.229238 -0.245090 -0.095774 200.000000 200.000000 200.000000
v 0.128282 -0.851336 -0.080578 200.000000 200.000000 200.000000
v 0.076790 -0.235289 -0.162253 200.000000 200.000000 200.000000
v 0.087565 -0.536883 -0.159423 200.000000 200.000000 200.000000
v 0.007929 0.045484 -0.049148 200.000000 200.000000 200.000000
v 0.020542 0.052115 0.092687 200.000000 200.000000 200.000000
v -0.154674 -0.299709 -0.087562 200.000000 200.000000 200.000000
v 0.119394 0.601348 0.068729 200.000000 200.000000 200.000000
v 0.117930 -0.659087 -0.049811 200.000000 200.000000 200.000000
v 0.334767 0.301181 -0.097668 200.000000 200.000000 200.000000
v 0.180572 -0.701260 -0.004895 200.000000 200.000000 200.000000
v 0.233485 -0.429689 -0.113977 200.000000 200.000000 200.000000
v 0.298490 0.298760 -0.015772 200.000000 200.000000 200.000000
v 0.302760 -0.070419 0.006155 200.000000 200.000000 200.000000
v -0.101277 -0.338588 -0.075290 200.000000 200.000000 200.000000
v 0.329749 0.183938 -0.104405 200.000000 200.000000 200.000000
v 0.277190 0.841117 -0.368617 200.000000 200.000000 200.000000
v 0.016356 -0.420748 0.051904 200.000000 200.000000 200.000000
v 0.056986 0.159386 -0.192962 200.000000 200.000000 200.000000
v 0.389874 0.613617 -0.298032 200.000000 200.000000 200.000000
v 0.252950 -0.138067 -0.001983 200.000000 200.000000 200.000000
v 0.191273 -0.784136 0.007408 200.000000 200.000000 200.000000
v -0.082356 -0.344609 -0.068379 200.000000 200.000000 200.000000
v 0.331931 0.315449 -0.045458 200.000000 200.000000 200.000000
v 0.173352 0.285857 0.085345 200.000000 200.000000 200.000000
v 0.070753 -0.362638 -0.126658 200.000000 200.000000 200.000000
v 0.044456 -0.149651 -0.069712 200.000000 200.000000 200.000000
v 0.278480 0.861246 -0.370399 200.000000 200.000000 200.000000
v 0.087572 -0.400314 -0.067158 200.000000 200.000000 200.000000
v 0.006321 0.496603 0.091640 200.000000 200.000000 200.000000
v 0.080703 0.317602 0.147282 200.000000 200.000000 200.000000
v 0.341431 0.442075 -0.066478 200.000000 200.000000 200.000000
v 0.180767 -0.509771 -0.027829 200.000000 200.000000 200.000000
v 0.170287 0.118319 -0.261237 200.000000 200.000000 200.000000
v 0.149422 -0.107935 0.094657 200.000000 200.000000 200.000000
v 0.270864 0.518948 -0.337869 200.000000 200.000000 200.000000
v -0.250033 -0.071653 -0.174583 200.000000 200.000000 200.000000
v -0.107445 -0.409675 -0.037388 200.000000 200.000000 200.000000
v 0.201883 0.632950 -0.045596 200.000000 200.000000 200.000000
v -0.077952 -0.168953 -0.052824 200.000000 200.000000 200.000000
v 0.331988 0.303260 -0.259028 200.000000 200.000000 200.000000
v 0.053700 -0.214499 -0.118964 200.000000 200.000000 200.000000
v 0.171257 0.220973 0.094148 200.000000 200.000000 200.000000
v -0.085922 -0.320441 -0.067052 200.000000 200.000000 200.000000
v 0.291120 0.639262 -0.388243 200.000000 200.000000 200.000000
v -0.011829 0.814166 -0.028512 200.000000 200.000000 200.000000
v 0.102617 0.892597 -0.351290 200.000000 200.000000 200.000000
v -0.076540 0.324906 0.156287 200.000000 200.000000 200.000000
v 0.201230 0.024187 -0.280362 200.000000 200.000000 200.000000
v 0.176990 0.131844 0.118265 200.000000 200.000000 200.000000
v 0.056629 0.213928 -0.139620 200.000000 200.000000 200.000000
v 0.180367 -0.496979 -0.175057 200.000000 200.000000 200.000000
v -0.381763 0.136765 0.447538 200.000000 200.000000 200.000000
v 0.262944 -0.005043 -0.264041 200.000000 200.000000 200.000000
v -0.371051 0.165095 0.484500 200.000000 200.000000 200.000000
v -0.355806 0.215075 0.450040 200.000000 200.000000 200.000000
v -0.068375 -0.330494 0.034603 200.000000 200.000000 200.000000
v 0.324343 -0.061705 -0.146574 200.000000 200.000000 200.000000
v -0.070479 0.217442 0.257057 200.000000 200.000000 200.000000
v -0.003033 0.403098 0.021707 200.000000 200.000000 200.000000
v 0.005859 0.289676 -0.050438 200.000000 200.000000 200.000000
v 0.004152 -0.569857 0.073698 200.000000 200.000000 200.000000
v 0.352448 -0.039336 -0.089269 200.000000 200.000000 200.000000
v 0.015431 0.284463 0.133390 200.000000 200.000000 200.000000
v -0.011862 -0.592349 -0.014952 200.000000 200.000000 200.000000
v 0.114781 -0.210774 -0.211430 200.000000 200.000000 200.000000
v -0.155351 0.223003 0.376798 200.000000 200.000000 200.000000
v 0.220652 -0.440822 -0.057082 200.000000 200.000000 200.000000
v -0.009358 0.380371 0.239297 200.000000 200.000000 200.000000
v -0.177115 -0.011367 0.010128 200.000000 200.000000 200.000000
v 0.163283 -0.157991 0.026453 200.000000 200.000000 200.000000
v 0.020463 0.076803 0.065488 200.000000 200.000000 200.000000
v 0.216103 0.107960 0.106930 200.000000 200.000000 200.000000
v 0.164464 0.632796 -0.032345 200.000000 200.000000 200.000000
v 0.156570 0.862150 -0.055532 200.000000 200.000000 200.000000
v 0.117758 0.153506 -0.239820 200.000000 200.000000 200.000000
v -0.216516 0.208976 0.304769 200.000000 200.000000 200.000000
v 0.068263 0.595662 0.030284 200.000000 200.000000 200.000000
v 0.123790 0.925314 -0.303553 200.000000 200.000000 200.000000
v 0.098451 -0.949186 -0.080227 200.000000 200.000000 200.000000
v -0.197026 -0.313527 -0.053433 200.000000 200.000000 200.000000
v -0.037991 -0.574182 0.011637 200.000000 200.000000 200.000000
v 0.345141 0.258179 -0.195927 200.000000 200.000000 200.000000
v -0.000175 0.840101 -0.051056 200.000000 200.000000 200.000000
v -0.293757 0.169939 0.467278 200.000000 200.000000 200.000000
v 0.199090 -0.862893 -0.083570 200.000000 200.000000 200.000000
v -0.117449 -0.015467 -0.108194 200.000000 200.000000 200.000000
v 0.066117 0.871181 -0.062370 200.000000 200.000000 200.000000
v 0.331361 0.443475 -0.311630 200.000000 200.000000 200.000000
v -0.036958 0.745759 -0.038266 200.000000 200.000000 200.000000
v 0.042147 0.225556 0.019910 200.000000 200.000000 200.000000
v 0.215714 0.477174 -0.270836 200.000000 200.000000 200.000000
v -0.224280 -0.253217 -0.091375 200.000000 200.000000 200.000000
v 0.395259 0.699469 -0.371959 200.000000 200.000000 200.000000
v 0.090310 -0.359126 -0.055384 200.000000 200.000000 200.000000
v 0.301968 0.337347 -0.008805 200.000000 200.000000 200.000000
v 0.216086 -0.361470 -0.040610 200.000000 200.000000 200.000000
v 0.227356 -0.438834 -0.083828 200.000000 200.000000 200.000000
v 0.207734 0.091413 0.113117 200.000000 200.000000 200.000000
v 0.326263 0.276532 -0.072126 200.000000 200.000000 200.000000
v 0.190166 -0.940002 0.017845 200.000000 200.000000 200.000000
v -0.258464 -0.217852 -0.100588 200.000000 200.000000 200.000000
v 0.300366 0.634080 -0.271923 200.000000 200.000000 200.000000
v 0.401723 0.597225 -0.359001 200.000000 200.000000 200.000000
v 0.114355 0.621973 -0.001452 200.000000 200.000000 200.000000
v 0.293125 -0.022900 0.030356 200.000000 200.000000 200.000000
v 0.069203 -0.247305 -0.069207 200.000000 200.000000 200.000000
v -0.280719 -0.020861 -0.125770 200.000000 200.000000 200.000000
v -0.126622 0.285872 0.349282 200.000000 200.000000 200.000000
v -0.004264 0.311014 0.102327 200.000000 200.000000 200.000000
v 0.038206 0.785232 -0.180478 200.000000 200.000000 200.000000
v 0.028214 0.367009 -0.058010 200.000000 200.000000 200.000000
v 0.173408 0.477336 0.112100 200.000000 200.000000 200.000000
v 0.212206 0.886235 -0.445100 200.000000 200.000000 200.000000
v -0.133054 -0.217601 0.010274 200.000000 200.000000 200.000000
v 0.071352 -0.403813 -0.156544 200.000000 200.000000 200.000000
v 0.173775 0.938132 -0.385487 200.000000 200.000000 200.000000
v 0.007235 0.801248 -0.168605 200.000000 200.000000 200.000000
v 0.298406 -0.001000 -0.297182 200.000000 200.000000 200.000000
v -0.212172 0.157871 0.324610 200.000000 200.000000 200.000000
v -0.299035 -0.029125 -0.081187 200.000000 200.000000 200.000000
v -0.054861 0.375492 0.249306 200.000000 200.000000 200.000000
v 0.184672 0.707830 -0.049341 200.000000 200.000000 200.000000
v 0.217782 0.866843 -0.336675 200.000000 200.000000 200.000000
v 0.111686 -0.666548 -0.079682 200.000000 200.000000 200.000000
v 0.187899 0.753361 -0.036937 200.000000 200.000000 200.000000
v 0.128169 0.699017 -0.024195 200.000000 200.000000 200.000000
v 0.023971 0.005158 -0.060893 200.000000 200.000000 200.000000
v 0.353581 0.391551 -0.218058 200.000000 200.000000 200.000000
v 0.066068 -0.257503 -0.141056 200.000000 200.000000 200.000000
v 0.204330 0.625986 0.059770 200.000000 200.000000 200.000000
v 0.275965 0.610438 0.033164 200.000000 200.000000 200.000000
v -0.047567 0.765480 -0.081077 200.000000 200.000000 200.000000
v 0.187241 -0.590351 -0.023069 200.000000 200.000000 200.000000
v -0.005193 0.243199 0.192665 200.000000 200.000000 200.000000
v 0.151034 -0.480436 -0.026206 200.000000 200.000000 200.000000
v -0.379092 0.162398 0.417675 200.000000 200.000000 200.000000
v -0.003418 0.463542 0.165036 200.000000 200.000000 200.000000
v -0.253164 -0.227689 -0.093242 200.000000 200.000000 200.000000
v 0.067789 0.779985 -0.189364 200.000000 200.000000 200.000000
v 0.236742 -0.564329 -0.110979 200.000000 200.000000 200.000000
v 0.317584 0.638222 -0.236635 200.000000 200.000000 200.000000
v 0.237351 0.873812 -0.450779 200.000000 200.000000 200.000000
v 0.242690 0.887877 -0.354353 200.000000 200.000000 200.000000
v 0.327472 0.160581 -0.253302 200.000000 200.000000 200.000000
v 0.341830 0.586089 -0.132234 200.000000 200.000000 200.000000
v -0.035148 0.018972 0.071768 200.000000 200.000000 200.000000
v 0.317717 -0.172821 -0.086929 200.000000 200.000000 200.000000
v 0.135390 0.599542 0.018436 200.000000 200.000000 200.000000
v 0.074325 0.640813 -0.016448 200.000000 200.000000 200.000000
v 0.205607 0.803525 -0.412431 200.000000 200.000000 200.000000
v 0.180670 -0.999561 0.002999 200.000000 200.000000 200.000000
v 0.230656 -0.102405 -0.231499 200.000000 200.000000 200.000000
v 0.046185 0.835634 -0.008755 200.000000 200.000000 200.000000
v 0.130407 -0.771049 -0.019001 200.000000 200.000000 200.000000
v -0.199355 0.001152 -0.019255 200.000000 200.000000 200.000000
v 0.200986 0.807504 -0.386224 200.000000 200.000000 200.000000
v -0.127015 -0.100053 -0.131975 200.000000 200.000000 200.000000
v 0.336055 0.229936 -0.070781 200.000000 200.000000 200.000000
v 0.154868 -0.561755 -0.028042 200.000000 200.000000 200.000000
v 0.166435 -0.753196 -0.119294 200.000000 200.000000 200.000000
v 0.200008 -0.580738 -0.026594 200.000000 200.000000 200.000000
v -0.219746 -0.282993 -0.026128 200.000000 200.000000 200.000000
v 0.021325 0.507767 0.062143 200.000000 200.000000 200.000000
v 0.294285 0.122712 -0.003177 200.000000 200.000000 200.000000
v 0.059416 0.677957 -0.006192 200.000000 200.000000 200.000000
v 0.199275 -0.368219 -0.191110 200.000000 200.000000 200.000000
v 0.118937 -0.721315 -0.059116 200.000000 200.000000 200.000000
v 0.345202 0.297587 -0.166582 200.000000 200.000000 200.000000
v 0.240760 0.616358 -0.210105 200.000000 200.000000 200.000000
v 0.319791 0.362395 -0.295354 200.000000 200.000000 200.000000
v 0.137360 -0.303583 -0.048307 200.000000 200.000000 200.000000
v -0.071005 -0.444346 0.030800 200.000000 200.000000 200.000000
v 0.134122 -0.432925 -0.033613 200.000000 200.000000 200.000000
v 0.209829 -0.240658 -0.218978 200.000000 200.000000 200.000000
v 0.161243 0.652242 0.041812 200.000000 200.000000 200.000000
v 0.105265 0.303079 0.105854 200.000000 200.000000 200.000000
v -0.021036 -0.400397 0.034662 200.000000 200.000000 200.000000
v -0.099487 -0.113058 -0.119855 200.000000 200.000000 200.000000
v 0.031658 0.421181 -0.087237 200.000000 200.000000 200.000000
v 0.011196 -0.509853 0.068830 200.000000 200.000000 200.000000
v 0.171463 0.541384 -0.215006 200.000000 200.000000 200.000000
v 0.077121 0.596955 0.067534 200.000000 200.000000 200.000000
v 0.014230 0.374367 -0.020127 200.000000 200.000000 200.000000
v 0.121764 0.890961 -0.385603 200.000000 200.000000 200.000000
v 0.294358 -0.146024 -0.178952 200.000000 200.000000 200.000000
v -0.016183 0.257636 0.156025 200.000000 200.000000 200.000000
v 0.048223 0.785874 0.011574 200.000000 200.000000 200.000000
v 0.177913 0.472406 -0.239634 200.000000 200.000000 200.000000
v 0.088570 0.356688 -0.172467 200.000000 200.000000 200.000000
v -0.169949 0.188767 0.375311 200.000000 200.000000 200.000000
v -0.030029 0.325839 0.289106 200.000000 200.000000 200.000000
v 0.152232 -0.925803 -0.066029 200.000000 200.000000 200.000000
v 0.365664 0.662614 -0.309799 200.000000 200.000000 200.000000
v 0.188746 0.006343 0.128442 200.000000 200.000000 200.000000
v 0.186916 0.260043 0.071405 200.000000 200.000000 200.000000
v 0.221783 0.796716 -0.425950 200.000000 200.000000 200.000000
v 0.072380 0.091420 0.109215 200.000000 200.000000 200.000000
v -0.108175 -0.055868 -0.121261 200.000000 200.000000 200.000000
v -0.025334 -0.126051 0.032275 200.000000 200.000000 200.000000
v 0.330966 0.645907 -0.458073 200.000000 200.000000 200.000000
v 0.233634 -0.833427 -0.052004 200.000000 200.000000 200.000000
v -0.110155 -0.071612 -0.119364 200.000000 200.000000 200.000000
v 0.212475 0.176133 -0.281975 200.000000 200.000000 200.000000
v -0.148435 -0.317140 0.025617 200.000000 200.000000 200.000000
v 0.267429 -0.056351 0.050142 200.000000 200.000000 200.000000
v 0.244532 0.818811 -0.351474 200.000000 200.000000 200.000000
v 0.313538 0.237530 -0.040246 200.000000 200.000000 200.000000
v -0.217947 0.208197 0.418702 200.000000 200.000000 200.000000
v 0.254951 -0.324121 -0.135688 200.000000 200.000000 200.000000
v -0.326007 -0.090999 -0.063471 200.000000 200.000000 200.000000
v 0.153122 0.551941 0.096006 200.000000 200.000000 200.000000
v 0.249483 0.438256 0.065170 200.000000 200.000000 200.000000
v -0.045801 0.271051 0.159712 200.000000 200.000000 200.000000
v 0.203931 0.665712 -0.106850 200.000000 200.000000 200.000000
v 0.119389 -0.524810 -0.048440 200.000000 200.000000 200.000000
v 0.339163 0.411822 -0.281965 200.000000 200.000000 200.000000
v 0.315926 0.631532 -0.182622 200.000000 200.000000 200.000000
v 0.229365 -0.391753 -0.057047 200.000000 200.000000 200.000000
v 0.196230 0.854001 -0.447137 200.000000 200.000000 200.000000
v 0.336312 0.236384 -0.097513 200.000000 200.000000 200.000000
v 0.191315 0.881573 -0.328058 200.000000 200.000000 200.000000
v 0.061454 0.509461 0.146626 200.000000 200.000000 200.000000
v 0.279151 0.620682 -0.308883 200.000000 200.000000 200.000000
v 0.315725 0.110470 -0.264746 200.000000 200.000000 200.000000
v 0.118841 -0.166775 -0.210879 200.000000 200.000000 200.000000
v 0.384888 0.709950 -0.389783 200.000000 200.000000 200.000000
v 0.132972 -0.755202 -0.015501 200.000000 200.000000 200.000000
v 0.288646 0.143022 0.029469 200.000000 200.000000 200.000000
v 0.239577 -0.360065 -0.146067 200.000000 200.000000 200.000000
v -0.058273 0.387683 0.237129 200.000000 200.000000 200.000000
v -0.291183 0.181843 0.364612 200.000000 200.000000 200.000000
v 0.330581 0.560551 -0.401047 200.000000 200.000000 200.000000
v 0.088657 -0.352617 -0.176511 200.000000 200.000000 200.000000
v 0.385417 0.534014 -0.251824 200.000000 200.000000 200.000000
v 0.120699 0.483726 -0.215779 200.000000 200.000000 200.000000
v 0.061088 -0.090779 -0.140359 200.000000 200.000000 200.000000
v 0.332583 0.076074 -0.248241 200.000000 200.000000 200.000000
v 0.286019 0.837381 -0.371909 200.000000 200.000000 200.000000
v 0.146661 -0.068124 -0.217138 200.000000 200.000000 200.000000
v 0.016089 0.019816 -0.060221 200.000000 200.000000 200.000000
v 0.378902 0.544844 -0.308582 200.000000 200.000000 200.000000
v 0.283620 0.044739 -0.297915 200.000000 200.000000 200.000000
v 0.296815 0.662978 -0.338714 200.000000 200.000000 200.000000
v 0.121196 -0.510047 -0.045681 200.000000 200.000000 200.000000
v 0.139505 -0.017924 -0.195470 200.000000 200.000000 200.000000
v 0.219984 -0.573385 -0.039838 200.000000 200.000000 200.000000
v -0.220433 -0.183706 0.009871 200.000000 200.000000 200.000000
v 0.150491 0.507913 0.103634 200.000000 200.000000 200.000000
v 0.163052 0.746074 -0.015137 200.000000 200.000000 200.000000
v 0.064540 0.687624 -0.004733 200.000000 200.000000 200.000000
v 0.278346 0.161733 0.038137 200.000000 200.000000 200.000000
v 0.378634 0.641153 -0.434533 200.000000 200.000000 200.000000
v 0.290525 0.605476 -0.132456 200.000000 200.000000 200.000000
v 0.264758 0.348691 0.032926 200.000000 200.000000 200.000000
v 0.266303 0.055313 0.063806 200.000000 200.000000 200.000000
v -0.026831 -0.669070 0.011518 200.000000 200.000000 200.000000
v 0.217110 0.799758 -0.105256 200.000000 200.000000 200.000000
v 0.325416 0.279377 -0.051553 200.000000 200.000000 200.000000
v -0.285498 0.144784 0.373137 200.000000 200.000000 200.000000
v 0.198900 -0.828599 -0.094911 200.000000 200.000000 200.000000
v 0.002309 0.848017 -0.075858 200.000000 200.000000 200.000000
v 0.077593 -0.540737 -0.133786 200.000000 200.000000 200.000000
v 0.024315 -0.002446 -0.064018 200.000000 200.000000 200.000000
v -0.134810 0.170601 0.308261 200.000000 200.000000 200.000000
v 0.211664 -0.647620 -0.139128 200.000000 200.000000 200.000000
v -0.031729 0.406882 0.078560 200.000000 200.000000 200.000000
v 0.189732 0.003596 -0.245645 200.000000 200.000000 200.000000
v 0.035237 -0.126747 0.053791 200.000000 200.000000 200.000000
v 0.076661 0.756454 0.010929 200.000000 200.000000 200.000000
v 0.209033 0.418764 -0.262949 200.000000 200.000000 200.000000
v 0.066492 0.316393 -0.126761 200.000000 200.000000 200.000000
v 0.243369 0.496087 -0.284727 200.000000 200.000000 200.000000
v -0.031573 -0.091564 0.056403 200.000000 200.000000 200.000000
v 0.157065 -0.995638 0.020799 200.000000 200.000000 200.000000
v 0.175547 0.606026 0.033573 200.000000 200.000000 200.000000
v 0.025609 0.805781 -0.184412 200.000000 200.000000 200.000000
v 0.170971 0.825926 -0.409798 200.000000 200.000000 200.000000
v 0.340841 0.094024 -0.116334 200.000000 200.000000 200.000000
v 0.229059 -0.575256 -0.053377 200.000000 200.000000 200.000000
v -0.001559 -0.164181 -0.017073 200.000000 200.000000 200.000000
v -0.265990 -0.012197 -0.111666 200.000000 200.000000 200.000000
v 0.235279 -0.837223 -0.026893 200.000000 200.000000 200.000000
v 0.141667 0.729156 -0.003525 200.000000 200.000000 200.000000
v 0.014364 0.282827 0.134672 200.000000 200.000000 200.000000
v -0.239191 0.133062 0.400266 200.000000 200.000000 200.000000
v 0.228814 -0.719341 -0.018679 200.000000 200.000000 200.000000
v 0.289251 0.150359 0.027813 200.000000 200.000000 200.000000
v 0.313266 0.008629 -0.280352 200.000000 200.000000 200.000000
v -0.273221 -0.113610 -0.172433 200.000000 200.000000 200.000000
v 0.045691 -0.462321 0.039937 200.000000 200.000000 200.000000
v 0.061358 0.017299 -0.143363 200.000000 200.000000 200.000000
v 0.055415 0.212424 0.021889 200.000000 200.000000 200.000000
v 0.103500 -0.292512 -0.057160 200.000000 200.000000 200.000000
v 0.056474 0.485571 -0.060651 200.000000 200.000000 200.000000
v 0.022446 0.336555 -0.031739 200.000000 200.000000 200.000000
v 0.353286 0.387260 -0.174583 200.000000 200.000000 200.000000
v 0.395197 0.725217 -0.418772 200.000000 200.000000 200.000000
v 0.214004 0.532374 0.100459 200.000000 200.000000 200.000000
v 0.304751 0.331070 -0.008679 200.000000 200.000000 200.000000
v 0.073293 0.301763 0.096903 200.000000 200.000000 200.000000
v -0.278342 -0.147715 -0.154765 200.000000 200.000000 200.000000
v 0.229206 -0.264169 -0.204062 200.000000 200.000000 200.000000
v 0.102468 0.927920 -0.360322 200.000000 200.000000 200.000000
v 0.018126 0.483323 0.018615 200.000000 200.000000 200.000000
v 0.392367 0.574949 -0.237555 200.000000 200.000000 200.000000
v 0.054674 -0.196265 -0.074279 200.000000 200.000000 200.000000
v -0.084974 -0.299174 0.022195 200.000000 200.000000 200.000000
v 0.273637 0.752109 -0.380478 200.000000 200.000000 200.000000
v 0.069755 -0.254234 -0.068512 200.000000 200.000000 200.000000
v 0.212450 -0.780094 -0.104738 200.000000 200.000000 200.000000
v 0.013893 -0.164603 -0.026290 200.000000 200.000000 200.000000
v 0.279794 0.442825 0.038218 200.000000 200.000000 200.000000
v 0.103023 0.243538 0.043563 200.000000 200.000000 200.000000
v -0.337575 0.170692 0.388906 200.000000 200.000000 200.000000
v -0.207380 -0.143922 -0.154029 200.000000 200.000000 200.000000
v 0.137596 0.662993 -0.164940 200.000000 200.000000 200.000000
v 0.170483 -0.355334 -0.206374 200.000000 200.000000 200.000000
v -0.374879 0.155638 0.425885 200.000000 200.000000 200.000000
v 0.008717 0.307192 0.114065 200.000000 200.000000 200.000000
v 0.311738 0.095230 -0.017558 200.000000 200.000000 200.000000
v 0.196351 0.564379 0.109803 200.000000 200.000000 200.000000
v 0.132843 0.493583 -0.223966 200.000000 200.000000 200.000000
v 0.127913 0.252291 -0.214095 200.000000 200.000000 200.000000
v -0.171206 -0.351466 -0.011627 200.000000 200.000000 200.000000
v -0.006724 0.376955 0.039150 200.000000 200.000000 200.000000
v 0.331675 0.816394 -0.411157 200.000000 200.000000 200.000000
v 0.265296 0.159423 -0.295839 200.000000 200.000000 200.000000
v 0.221508 0.597170 -0.239317 200.000000 200.000000 200.000000
v 0.217950 0.803950 -0.099008 200.000000 200.000000 200.000000
v -0.243950 -0.208810 -0.012720 200.000000 200.000000 200.000000
v 0.404515 0.687639 -0.402050 200.000000 200.000000 200.000000
v 0.308863 0.621980 -0.160282 200.000000 200.000000 200.000000
v -0.015223 0.739182 -0.048578 200.000000 200.000000 200.000000
v 0.151301 0.689756 -0.173294 200.000000 200.000000 200.000000
v -0.202032 -0.123979 -0.009168 200.000000 200.000000 200.000000
v -0.140035 -0.172607 -0.061121 200.000000 200.000000 200.000000
v 0.121359 -0.872324 -0.048662 200.000000 200.000000 200.000000
v 0.122748 -0.458343 -0.041908 200.000000 200.000000 200.000000
v 0.022916 0.781673 -0.177489 200.000000 200.000000 200.000000
v 0.354232 0.575899 -0.390784 200.000000 200.000000 200.000000
v 0.278098 0.563114 0.064143 200.000000 200.000000 200.000000
v -0.160384 0.007576 0.005153 200.000000 200.000000 200.000000
v 0.213718 0.770222 -0.109893 200.000000 200.000000 200.000000
v 0.111282 -0.317544 -0.201054 200.000000 200.000000 200.000000
v 0.331366 0.738893 -0.496823 200.000000 200.000000 200.000000
v 0.204402 0.644239 0.009203 200.000000 200.000000 200.000000
v 0.108445 -0.420531 -0.047384 200.000000 200.000000 200.000000
v -0.297244 -0.059451 -0.040153 200.000000 200.000000 200.000000
v -0.299483 0.127166 0.390305 200.000000 200.000000 200.000000
v -0.325104 -0.048876 -0.096741 200.000000 200.000000 200.000000
v 0.048491 0.182578 -0.047238 200.000000 200.000000 200.000000
v 0.101018 0.947959 -0.274991 200.000000 200.000000 200.000000
v 0.004891 0.604051 -0.083557 200.000000 200.000000 200.000000
v 0.053959 0.773546 -0.189059 200.000000 200.000000 200.000000
v -0.351467 0.158844 0.491128 200.000000 200.000000 200.000000
v 0.095624 0.484114 0.154226 200.000000 200.000000 200.000000
v 0.130938 0.893124 -0.403905 200.000000 200.000000 200.000000
v -0.007835 0.648498 -0.083380 200.000000 200.000000 200.000000
v 0.030712 -0.058287 -0.098559 200.000000 200.000000 200.000000
v -0.230646 -0.096022 -0.166757 200.000000 200.000000 200.000000
v 0.061416 0.668872 -0.170936 200.000000 200.000000 200.000000
v 0.140969 0.271140 0.077244 200.000000 200.000000 200.000000
v 0.225809 -0.699910 -0.115754 200.000000 200.000000 200.000000
v -0.204536 0.264797 0.290654 200.000000 200.000000 200.000000
v 0.203871 0.632775 0.033380 200.000000 200.000000 200.000000
v -0.008217 0.309469 0.110264 200.000000 200.000000 200.000000
v 0.128094 0.330610 0.117150 200.000000 200.000000 200.000000
v 0.355030 0.351202 -0.162333 200.000000 200.000000 200.000000
v 0.212200 -0.860187 -0.074245 200.000000 200.000000 200.000000
v 0.297547 0.801414 -0.363108 200.000000 200.000000 200.000000
v 0.319154 0.087907 -0.265857 200.000000 200.000000 200.000000
v 0.102444 -0.957494 -0.019757 200.000000 200.000000 200.000000
v -0.058294 -0.128029 0.019812 200.000000 200.000000 200.000000
v 0.014175 -0.103856 0.065370 200.000000 200.000000 200.000000
v 0.081701 -0.523247 -0.157428 200.000000 200.000000 200.000000
v 0.338014 0.606813 -0.148645 200.000000 200.000000 200.000000
v 0.124062 -0.126734 -0.209045 200.000000 200.000000 200.000000
v -0.314150 0.163782 0.470438 200.000000 200.000000 200.000000
v 0.244154 0.635091 0.037294 200.000000 200.000000 200.000000
v 0.237300 -0.360670 -0.149669 200.000000 200.000000 200.000000
v 0.164165 -0.287236 -0.222337 200.000000 200.000000 200.000000
v -0.304526 0.239825 0.406295 200.000000 200.000000 200.000000
v 0.087704 0.319748 -0.164341 200.000000 200.000000 200.000000
v -0.052202 -0.321782 -0.043082 200.000000 200.000000 200.000000
v 0.058692 0.574173 -0.024391 200.000000 200.000000 200.000000
v 0.227065 -0.590658 -0.041741 200.000000 200.000000 200.000000
v 0.066808 0.445887 -0.183299 200.000000 200.000000 200.000000
v 0.187308 -0.386370 -0.189043 200.000000 200.000000 200.000000
v 0.306121 -0.005801 -0.284949 200.000000 200.000000 200.000000
v 0.168317 -0.049113 -0.228503 200.000000 200.000000 200.000000
v 0.159107 0.771346 -0.189616 200.000000 200.000000 200.000000
v 0.168153 0.221435 0.087978 200.000000 200.000000 200.000000
v 0.306443 0.793283 -0.365181 200.000000 200.000000 200.000000
v 0.126866 0.469973 -0.225484 200.000000 200.000000 200.000000
v 0.016519 0.282379 0.004916 200.000000 200.000000 200.000000
v -0.030036 0.391617 0.222925 200.000000 200.000000 200.000000
v 0.081163 -0.320670 -0.063119 200.000000 200.000000 200.000000
v -0.027595 -0.539304 0.065475 200.000000 200.000000 200.000000
v 0.020319 0.316836 0.229751 200.000000 200.000000 200.000000
v 0.104737 0.528543 -0.149911 200.000000 200.000000 200.000000
v 0.202704 0.695878 -0.090347 200.000000 200.000000 200.000000
v 0.043763 0.587886 -0.048994 200.000000 200.000000 200.000000
v 0.245948 -0.347121 -0.063864 200.000000 200.000000 200.000000
v 0.206818 0.823141 -0.449500 200.000000 200.000000 200.000000
v -0.071010 0.383368 0.231472 200.000000 200.000000 200.000000
v 0.286575 0.551936 0.056571 200.000000 200.000000 200.000000
v 0.380254 0.566587 -0.154433 200.000000 200.000000 200.000000
v 0.343467 0.326370 -0.207468 200.000000 200.000000 200.000000
v 0.193922 0.492907 0.089575 200.000000 200.000000 200.000000
v -0.065170 -0.334246 -0.051795 200.000000 200.000000 200.000000
v -0.193889 -0.247352 0.012962 200.000000 200.000000 200.000000
v 0.210229 -0.423598 -0.162323 200.000000 200.000000 200.000000
v 0.205869 0.382024 -0.260392 200.000000 200.000000 200.000000
v 0.185170 -0.745789 -0.120894 200.000000 200.000000 200.000000
v 0.092900 0.350993 -0.176193 200.000000 200.000000 200.000000
v 0.146200 -0.073602 -0.217661 200.000000 200.000000 200.000000
v 0.214217 -0.960382 -0.005122 200.000000 200.000000 200.000000
v 0.264804 0.857908 -0.356179 200.000000 200.000000 200.000000
v 0.247578 -0.375353 -0.108936 200.000000 200.000000 200.000000
v 0.310704 0.100757 -0.271486 200.000000 200.000000 200.000000
v 0.048660 -0.126171 0.059462 200.000000 200.000000 200.000000
v 0.205303 0.807856 -0.044948 200.000000 200.000000 200.000000
v -0.297640 -0.165556 -0.050714 200.000000 200.000000 200.000000
v -0.247584 0.260409 0.348567 200.000000 200.000000 200.000000
v 0.389584 0.513156 -0.184923 200.000000 200.000000 200.000000
v 0.130237 -0.766994 -0.019943 200.000000 200.000000 200.000000
v 0.169238 0.766341 -0.014637 200.000000 200.000000 200.000000
v 0.031859 0.266499 -0.088448 200.000000 200.000000 200.000000
v 0.243952 0.446666 -0.312092 200.000000 200.000000 200.000000
v 0.071572 0.341653 -0.144300 200.000000 200.000000 200.000000
v 0.105272 0.982892 -0.354823 200.000000 200.000000 200.000000
v 0.089935 0.242331 -0.187179 200.000000 200.000000 200.000000
v 0.310777 0.565931 -0.041875 200.000000 200.000000 200.000000
v 0.230381 -0.820504 -0.013523 200.000000 200.000000 200.000000
v -0.038858 0.795867 -0.068625 200.000000 200.000000 200.000000
v 0.354482 0.429905 -0.261087 200.000000 200.000000 200.000000
v -0.343232 0.129586 0.473483 200.000000 200.000000 200.000000
v 0.077740 0.365221 0.190298 200.000000 200.000000 200.000000
v 0.188870 -0.273259 -0.032777 200.000000 200.000000 200.000000
v -0.202497 -0.242532 -0.118389 200.000000 200.000000 200.000000
v 0.179961 0.884733 -0.435500 200.000000 200.000000 200.000000
v -0.116649 -0.037892 -0.118128 200.000000 200.000000 200.000000
v 0.276097 0.632563 -0.038724 200.000000 200.000000 200.000000
v 0.272589 0.579879 -0.310310 200.000000 200.000000 200.000000
v 0.178136 -0.718911 -0.128560 200.000000 200.000000 200.000000
v 0.348259 0.432498 -0.282692 200.000000 200.000000 200.000000
v -0.393731 0.148325 0.441312 200.000000 200.000000 200.000000
v -0.146211 -0.291862 -0.095924 200.000000 200.000000 200.000000
v 0.262802 0.096228 0.060550 200.000000 200.000000 200.000000
v -0.172904 -0.247686 0.017382 200.000000 200.000000 200.000000
v 0.054348 0.932681 -0.332714 200.000000 200.000000 200.000000
v -0.013500 0.441198 0.129256 200.000000 200.000000 200.000000
v -0.357368 0.191126 0.403709 200.000000 200.000000 200.000000
v 0.282110 0.702734 -0.436332 200.000000 200.000000 200.000000
v 0.054320 0.780287 0.010812 200.000000 200.000000 200.000000
v -0.323348 0.126137 0.441336 200.000000 200.000000 200.000000
v 0.180065 0.294094 -0.283943 200.000000 200.000000 200.000000
v 0.136464 0.581077 -0.172990 200.000000 200.000000 200.000000
v -0.125789 0.221395 0.348293 200.000000 200.000000 200.000000
v -0.065535 0.395213 0.161630 200.000000 200.000000 200.000000
v -0.139605 0.203438 0.352253 200.000000 200.000000 200.000000
v 0.109128 -0.913668 -0.041064 200.000000 200.000000 200.000000
v -0.222260 0.221745 0.417496 200.000000 200.000000 200.000000
v 0.035440 0.381595 -0.086311 200.000000 200.000000 200.000000
v 0.236937 -0.402278 -0.112131 200.000000 200.000000 200.000000
v -0.097347 -0.016659 0.050507 200.000000 200.000000 200.000000
v 0.027326 0.777973 -0.177783 200.000000 200.000000 200.000000
v -0.088749 -0.271119 -0.064188 200.000000 200.000000 200.000000
v 0.127178 -0.999363 -0.032683 200.000000 200.000000 200.000000
v -0.085302 -0.148344 -0.005428 200.000000 200.000000 200.000000
v 0.073741 0.236279 0.044129 200.000000 200.000000 200.000000
v 0.322118 0.037947 -0.270090 200.000000 200.000000 200.000000
v 0.024518 -0.011254 -0.062909 200.000000 200.000000 200.000000
v 0.093387 -0.344674 -0.055655 200.000000 200.000000 200.000000
v 0.164530 0.755205 -0.013168 200.000000 200.000000 200.000000
v -0.153199 0.190138 0.355369 200.000000 200.000000 200.000000
v 0.025801 0.268296 0.016196 200.000000 200.000000 200.000000
v 0.397062 0.715525 -0.438125 200.000000 200.000000 200.000000
v 0.162082 0.488608 0.114202 200.000000 200.000000 200.000000
v 0.141440 0.579271 0.087894 200.000000 200.000000 200.000000
v -0.168820 0.267241 0.375931 200.000000 200.000000 200.000000
v 0.316401 0.358414 -0.296708 200.000000 200.000000 200.000000
v 0.093759 0.044059 -0.207172 200.000000 200.000000 200.000000
v 0.206032 0.713076 -0.086675 200.000000 200.000000 200.000000
v -0.065458 -0.474310 0.020349 200.000000 200.000000 200.000000
v 0.324333 0.057393 -0.018764 200.000000 200.000000 200.000000
v -0.152255 -0.378864 -0.015037 200.000000 200.000000 200.000000
v 0.325880 -0.091197 -0.132669 200.000000 200.000000 200.000000
v 0.141070 0.598710 0.021645 200.000000 200.000000 200.000000
v -0.177530 -0.186075 -0.124837 200.000000 200.000000 200.000000
v 0.087437 0.311730 0.108455 200.000000 200.000000 200.000000
v -0.212716 -0.230294 -0.125248 200.000000 200.000000 200.000000
v -0.115600 -0.212066 -0.062288 200.000000 200.000000 200.000000
v 0.193404 0.648234 -0.169572 200.000000 200.000000 200.000000
v 0.206994 0.283509 -0.283152 200.000000 200.000000 200.000000
v -0.011916 -0.156876 -0.065266 200.000000 200.000000 200.000000
v -0.232656 -0.265932 -0.067821 200.000000 200.000000 200.000000
v 0.125983 -0.208153 -0.050567 200.000000 200.000000 200.000000
v -0.067450 -0.301267 -0.052398 200.000000 200.000000 200.000000
v 0.328107 0.198345 -0.078785 200.000000 200.000000 200.000000
v 0.346708 0.211978 -0.154803 200.000000 200.000000 200.000000
v 0.326588 0.025848 -0.016341 200.000000 200.000000 200.000000
v 0.266615 0.625882 -0.238735 200.000000 200.000000 200.000000
v 0.342918 0.335238 -0.083854 200.000000 200.000000 200.000000
v 0.364536 0.647502 -0.281461 200.000000 200.000000 200.000000
v -0.244346 0.157729 0.421751 200.000000 200.000000 200.000000
v 0.304027 0.452668 0.011668 200.000000 200.000000 200.000000
v 0.225023 0.254952 0.085585 200.000000 200.000000 200.000000
v 0.033153 -0.112038 -0.107915 200.000000 200.000000 200.000000
v -0.038855 -0.568899 0.037328 200.000000 200.000000 200.000000
v -0.290154 -0.199867 -0.086046 200.000000 200.000000 200.000000
v -0.249329 -0.237270 -0.028656 200.000000 200.000000 200.000000
v 0.003609 0.843812 -0.130263 200.000000 200.000000 200.000000
v -0.027256 0.429539 0.147758 200.000000 200.000000 200.000000
v 0.066786 0.712193 -0.002988 200.000000 200.000000 200.000000
v -0.036469 0.327375 0.284862 200.000000 200.000000 200.000000
v 0.100740 0.132706 -0.214261 200.000000 200.000000 200.000000
v 0.058154 0.158444 -0.000734 200.000000 200.000000 200.000000
v 0.234156 0.457838 -0.281865 200.000000 200.000000 200.000000
v 0.202074 0.158909 0.097133 200.000000 200.000000 200.000000
v 0.332318 0.414186 -0.060393 200.000000 200.000000 200.000000
v 0.215047 0.798114 -0.402742 200.000000 200.000000 200.000000
v 0.138302 -0.397889 -0.199385 200.000000 200.000000 200.000000
v 0.244945 0.648949 0.019452 200.000000 200.000000 200.000000
v 0.280670 -0.090037 0.021529 200.000000 200.000000 200.000000
v 0.040025 0.246205 -0.026941 200.000000 200.000000 200.000000
v 0.210786 -0.464658 -0.152446 200.000000 200.000000 200.000000
v 0.151973 0.533336 0.090878 200.000000 200.000000 200.000000
v 0.042877 0.290280 0.021436 200.000000 200.000000 200.000000
v 0.316155 0.599831 -0.435003 200.000000 200.000000 200.000000
v 0.150681 0.819072 0.002056 200.000000 200.000000 200.000000
v -0.032838 -0.160445 -0.010844 200.000000 200.000000 200.000000
v 0.060421 0.208959 0.011479 200.000000 200.000000 200.000000
v 0.051470 0.291852 0.159514 200.000000 200.000000 200.000000
v 0.006148 0.407087 0.193848 200.000000 200.000000 200.000000
v 0.120910 0.247911 -0.209232 200.000000 200.000000 200.000000
v 0.216739 0.836334 -0.344226 200.000000 200.000000 200.000000
v 0.299059 0.600269 -0.128537 200.000000 200.000000 200.000000
v 0.320158 0.008357 -0.240976 200.000000 200.000000 200.000000
v 0.226710 0.569655 -0.257164 200.000000 200.000000 200.000000
v 0.023812 0.117757 -0.087121 200.000000 200.000000 200.000000
v 0.123626 0.636758 -0.029495 200.000000 200.000000 200.000000
v 0.282773 -0.042108 -0.198474 200.000000 200.000000 200.000000
v 0.174577 -0.520680 -0.163877 200.000000 200.000000 200.000000
v 0.119587 0.537070 0.110837 200.000000 200.000000 200.000000
v 0.125619 -0.999658 -0.091859 200.000000 200.000000 200.000000
v 0.246311 -0.367030 -0.073448 200.000000 200.000000 200.000000
v 0.314590 0.223214 -0.280753 200.000000 200.000000 200.000000
v 0.118235 0.300028 0.104054 200.000000 200.000000 200.000000
v -0.040188 -0.628327 0.028574 200.000000 200.000000 200.000000
v 0.069742 -0.357667 -0.135151 200.000000 200.000000 200.000000
v -0.127231 -0.268626 -0.100477 200.000000 200.000000 200.000000
v 0.334830 -0.071599 -0.114957 200.000000 200.000000 200.000000
v 0.224535 0.075023 0.098725 200.000000 200.000000 200.000000
v -0.109684 0.315136 0.321532 200.000000 200.000000 200.000000
v 0.162217 -0.957853 -0.068559 200.000000 200.000000 200.000000
v 0.063287 0.386281 0.193255 200.000000 200.000000 200.000000
v 0.008936 -0.041980 -0.086901 200.000000 200.000000 200.000000
v 0.371194 0.465139 -0.165845 200.000000 200.000000 200.000000
v 0.334310 0.279031 -0.247082 200.000000 200.000000 200.000000
v 0.098075 -0.557455 -0.084676 200.000000 200.000000 200.000000
v 0.274693 0.570810 -0.315751 200.000000 200.000000 200.000000
v 0.054689 0.577188 -0.130207 200.000000 200.000000 200.000000
v 0.186634 0.832474 -0.038544 200.000000 200.000000 200.000000
v 0.219614 0.434656 -0.269437 200.000000 200.000000 200.000000
v 0.176863 0.684656 -0.045860 200.000000 200.000000 200.000000
v 0.355498 0.679575 -0.320034 200.000000 200.000000 200.000000
v 0.132849 0.239216 -0.213088 200.000000 200.000000 200.000000
v 0.131133 0.933893 -0.378320 200.000000 200.000000 200.000000
v 0.140026 0.858808 -0.124264 200.000000 200.000000 200.000000
v 0.279908 0.866921 -0.393700 200.000000 200.000000 200.000000
v -0.077028 0.368085 0.177488 200.000000 200.000000 200.000000
v -0.005740 0.376751 0.035948 200.000000 200.000000 200.000000
v 0.108688 -0.529139 -0.059081 200.000000 200.000000 200.000000
v 0.177003 0.551783 -0.225205 200.000000 200.000000 200.000000
v -0.021831 -0.030692 0.080758 200.000000 200.000000 200.000000
v 0.137977 -0.165342 -0.047338 200.000000 200.000000 200.000000
v 0.135924 -0.198149 -0.226025 200.000000 200.000000 200.000000
v -0.016098 0.270298 0.269635 200.000000 200.000000 200.000000
v 0.120200 -0.764674 -0.064104 200.000000 200.000000 200.000000
v -0.343397 0.156298 0.485359 200.000000 200.000000 200.000000
v 0.132163 0.858737 -0.151284 200.000000 200.000000 200.000000
v 0.330363 0.397480 -0.068624 200.000000 200.000000 200.000000
v 0.124064 -0.505214 -0.177931 200.000000 200.000000 200.000000
v 0.028871 0.275152 0.012280 200.000000 200.000000 200.000000
v 0.347032 0.347663 -0.150566 200.000000 200.000000 200.000000
v 0.223933 -0.404565 -0.158015 200.000000 200.000000 200.000000
v 0.327523 0.271593 -0.257678 200.000000 200.000000 200.000000
v 0.314547 0.679702 -0.318389 200.000000 200.000000 200.000000
v -0.110576 -0.311017 -0.081399 200.000000 200.000000 200.000000
v 0.118479 -0.726545 -0.070680 200.000000 200.000000 200.000000
v 0.194867 -0.737482 0.001307 200.000000 200.000000 200.000000
v -0.357940 0.136881 0.478146 200.000000 200.000000 200.000000
v 0.166388 0.455491 -0.235136 200.000000 200.000000 200.000000
v 0.134058 -0.268558 -0.222010 200.000000 200.000000 200.000000
v 0.277553 0.492516 0.020663 200.000000 200.000000 200.000000
v 0.272061 0.404859 -0.316472 200.000000 200.000000 200.000000
v 0.232521 -0.102028 -0.231233 200.000000 200.000000 200.000000
v 0.352023 0.633920 -0.448578 200.000000 200.000000 200.000000
v 0.150732 -0.999412 -0.020146 200.000000 200.000000 200.000000
v 0.057546 -0.263583 -0.075496 200.000000 200.000000 200.000000
v 0.113721 0.056372 -0.228477 200.000000 200.000000 200.000000
v -0.040416 -0.044528 -0.093869 200.000000 200.000000 200.000000
v 0.229764 -0.442874 -0.131024 200.000000 200.000000 200.000000
v 0.247407 -0.367196 -0.122204 200.000000 200.000000 200.000000
v 0.027952 0.373616 0.214968 200.000000 200.000000 200.000000
v 0.166753 -0.331913 -0.213448 200.000000 200.000000 200.000000
v -0.165599 -0.034036 -0.134456 200.000000 200.000000 200.000000
v 0.169071 0.442501 -0.244535 200.000000 200.000000 200.000000
v 0.080113 0.601029 0.036853 200.000000 200.000000 200.000000
v 0.086856 0.878379 -0.104141 200.000000 200.000000 200.000000
v 0.351894 0.424108 -0.100978 200.000000 200.000000 200.000000
v 0.189191 -0.547075 -0.026038 200.000000 200.000000 200.000000
v 0.090597 -0.241325 -0.063324 200.000000 200.000000 200.000000
v 0.036642 -0.182498 -0.105264 200.000000 200.000000 200.000000
v 0.017411 0.056224 -0.091188 200.000000 200.000000 200.000000
v 0.118958 0.902731 -0.360707 200.000000 200.000000 200.000000
v 0.088498 -0.345241 -0.056946 200.000000 200.000000 200.000000
v 0.083768 -0.344834 -0.061062 200.000000 200.000000 200.000000
v -0.278938 -0.108109 -0.173700 200.000000 200.000000 200.000000
v 0.390659 0.704887 -0.399199 200.000000 200.000000 200.000000
v 0.054520 0.729230 -0.179955 200.000000 200.000000 200.000000
v 0.156609 -0.584133 -0.165027 200.000000 200.000000 200.000000
v 0.317649 0.243851 -0.270149 200.000000 200.000000 200.000000
v 0.012145 0.837879 -0.149577 200.000000 200.000000 200.000000
v -0.316353 -0.065099 -0.063341 200.000000 200.000000 200.000000
v -0.023514 0.384274 0.238440 200.000000 200.000000 200.000000
v 0.201007 -0.600612 -0.024376 200.000000 200.000000 200.000000
v -0.202782 -0.281429 -0.000312 200.000000 200.000000 200.000000
v 0.233047 -0.424797 -0.119131 200.000000 200.000000 200.000000
v 0.306999 0.390588 -0.025182 200.000000 200.000000 200.000000
v -0.117680 -0.360310 0.034305 200.000000 200.000000 200.000000
v 0.015527 0.623180 -0.052485 200.000000 200.000000 200.000000
v 0.163323 -0.489455 -0.171161 200.000000 200.000000 200.000000
v 0.041986 0.304429 0.107033 200.000000 200.000000 200.000000
v 0.002798 0.787243 -0.141730 200.000000 200.000000 200.000000
v -0.025143 0.234226 0.266123 200.000000 200.000000 200.000000
v 0.170936 0.057880 0.131583 200.000000 200.000000 200.000000
v 0.266396 0.863142 -0.446114 200.000000 200.000000 200.000000
v 0.018577 0.270543 -0.044883 200.000000 200.000000 200.000000
v 0.281706 0.170473 -0.293609 200.000000 200.000000 200.000000
v 0.009899 -0.502600 -0.009401 200.000000 200.000000 200.000000
v 0.339533 0.130980 -0.126685 200.000000 200.000000 200.000000
v 0.104687 0.761435 0.005668 200.000000 200.000000 200.000000
v 0.084951 -0.169810 -0.063648 200.000000 200.000000 200.000000
v -0.127216 0.032277 -0.015142 200.000000 200.000000 200.000000
v 0.195824 0.675117 -0.015695 200.000000 200.000000 200.000000
v 0.385759 0.614760 -0.406778 200.000000 200.000000 200.000000
v 0.175980 0.230396 0.087702 200.000000 200.000000 200.000000
v 0.262248 -0.311750 -0.090489 200.000000 200.000000 200.000000
v 0.013256 0.405796 -0.031675 200.000000 200.000000 200.000000
v -0.147562 -0.157933 -0.031679 200.000000 200.000000 200.000000
v -0.162937 0.225487 0.256432 200.000000 200.000000 200.000000
v 0.281058 0.697999 -0.432096 200.000000 200.000000 200.000000
v 0.205512 -0.073574 0.097821 200.000000 200.000000 200.000000
v 0.265805 -0.202002 -0.183549 200.000000 200.000000 200.000000
v 0.018241 -0.142579 -0.082282 200.000000 200.000000 200.000000
v 0.111106 0.892944 -0.331541 200.000000 200.000000 200.000000
v -0.014015 0.052338 0.001494 200.000000 200.000000 200.000000
v 0.380365 0.523459 -0.261476 200.000000 200.000000 200.000000
v 0.228043 0.082064 0.096471 200.000000 200.000000 200.000000
v 0.221525 0.640215 0.022436 200.000000 200.000000 200.000000
v 0.276474 0.121486 0.046199 200.000000 200.000000 200.000000
v 0.130186 -0.680286 -0.032042 200.000000 200.000000 200.000000
v 0.031750 -0.074644 -0.099477 200.000000 200.000000 200.000000
v 0.164933 0.308393 -0.244561 200.000000 200.000000 200.000000
v 0.043693 0.332932 -0.081317 200.000000 200.000000 200.000000
v -0.302122 0.240759 0.411708 200.000000 200.000000 200.000000
v -0.042685 -0.548044 0.039562 200.000000 200.000000 200.000000
v -0.240770 -0.216279 -0.011993 200.000000 200.000000 200.000000
v 0.060663 0.824030 0.003301 200.000000 200.000000 200.000000
v 0.233639 -0.410271 -0.116568 200.000000 200.000000 200.000000
v 0.052350 0.304913 -0.112668 200.000000 200.000000 200.000000
v 0.099304 -0.008837 -0.191040 200.000000 200.000000 200.000000
v -0.120373 0.333296 0.228854 200.000000 200.000000 200.000000
v 0.292672 0.117886 0.009027 200.000000 200.000000 200.000000
v 0.024247 0.864478 -0.098817 200.000000 200.000000 200.000000
v 0.285297 0.338479 0.011716 200.000000 200.000000 200.000000
v -0.232793 -0.260145 -0.075973 200.000000 200.000000 200.000000
v 0.246328 0.799348 -0.470370 200.000000 200.000000 200.000000
v 0.137027 -0.160397 -0.010110 200.000000 200.000000 200.000000
v 0.153225 -0.999469 -0.015288 200.000000 200.000000 200.000000
v 0.337135 0.484595 -0.027937 200.000000 200.000000 200.000000
v 0.034045 0.239794 -0.086980 200.000000 200.000000 200.000000
v 0.105087 -0.039984 -0.167550 200.000000 200.000000 200.000000
v -0.265359 0.180554 0.340814 200.000000 200.000000 200.000000
v 0.226664 0.036759 -0.288603 200.000000 200.000000 200.000000
v 0.264374 0.204903 0.064444 200.000000 200.000000 200.000000
v 0.206169 -0.707818 -0.126825 200.000000 200.000000 200.000000
v -0.246062 0.196612 0.326983 200.000000 200.000000 200.000000
v 0.080216 -0.000539 0.125627 200.000000 200.000000 200.000000
v 0.317244 -0.017892 -0.287730 200.000000 200.000000 200.000000
v 0.361701 0.467911 -0.095840 200.000000 200.000000 200.000000
v 0.270302 0.473037 -0.327660 200.000000 200.000000 200.000000
v 0.211733 0.404386 -0.264821 200.000000 200.000000 200.000000
v 0.384984 0.748536 -0.408788 200.000000 200.000000 200.000000
v 0.210435 0.762853 -0.106828 200.000000 200.000000 200.000000
v 0.143220 -0.372623 -0.040204 200.000000 200.000000 200.000000
v 0.199599 0.687447 -0.091525 200.000000 200.000000 200.000000
v 0.313892 -0.124967 -0.132861 200.000000 200.000000 200.000000
v 0.332619 0.183573 -0.216033 200.000000 200.000000 200.000000
v 0.334290 0.270266 -0.226332 200.000000 200.000000 200.000000
v 0.215595 -0.188122 -0.042312 200.000000 200.000000 200.000000
v 0.256515 0.369184 -0.307466 200.000000 200.000000 200.000000
v 0.332247 0.224949 -0.091489 200.000000 200.000000 200.000000
v -0.011799 0.347286 0.275406 200.000000 200.000000 200.000000
v -0.041515 0.794766 -0.075739 200.000000 200.000000 200.000000
v 0.007801 0.789938 -0.000599 200.000000 200.000000 200.000000
v 0.071285 -0.007767 -0.169248 200.000000 200.000000 200.000000
v 0.206587 -0.636173 -0.019403 200.000000 200.000000 200.000000
v -0.098525 0.355729 0.230885 200.000000 200.000000 200.000000
v -0.055727 -0.345703 0.039320 200.000000 200.000000 200.000000
v 0.247200 -0.643503 -0.059953 200.000000 200.000000 200.000000
v 0.062290 0.880840 -0.127898 200.000000 200.000000 200.000000
v 0.151771 -0.860916 0.016496 200.000000 200.000000 200.000000
v 0.308582 0.468206 -0.339648 200.000000 200.000000 200.000000
v 0.038276 0.299724 0.196060 200.000000 200.000000 200.000000
v 0.078843 0.115681 0.093648 200.000000 200.000000 200.000000
v 0.284831 -0.179272 -0.160528 200.000000 200.000000 200.000000
v 0.199738 0.223967 -0.268328 200.000000 200.000000 200.000000
v 0.098874 0.862336 -0.031940 200.000000 200.000000 200.000000
v -0.063351 0.014975 0.050499 200.000000 200.000000 200.000000
v 0.289778 0.567416 0.042921 200.000000 200.000000 200.000000
v -0.163703 -0.363934 -0.018251 200.000000 200.000000 200.000000
v 0.308569 0.013078 -0.290464 200.000000 200.000000 200.000000
v -0.035999 -0.654757 0.043264 200.000000 200.000000 200.000000
v 0.048662 0.721865 -0.002664 200.000000 200.000000 200.000000
v 0.275689 -0.005862 -0.302915 200.000000 200.000000 200.000000
v 0.215010 -0.458734 -0.152431 200.000000 200.000000 200.000000
v 0.029869 -0.999859 -0.133046 200.000000 200.000000 200.000000
v 0.020372 -0.089691 -0.101255 200.000000 200.000000 200.000000
v 0.048082 0.645609 -0.165667 200.000000 200.000000 200.000000
v 0.340839 0.068707 -0.165965 200.000000 200.000000 200.000000
v 0.394105 0.751325 -0.436820 200.000000 200.000000 200.000000
v -0.168346 -0.009980 -0.117914 200.000000 200.000000 200.000000
v 0.140095 0.274749 -0.262924 200.000000 200.000000 200.000000
v 0.237612 -0.415557 -0.093315 200.000000 200.000000 200.000000
v 0.113405 0.396418 0.145626 200.000000 200.000000 200.000000
v 0.056673 -0.256930 -0.102105 200.000000 200.000000 200.000000
v 0.229557 -0.468029 -0.098722 200.000000 200.000000 200.000000
v 0.273904 -0.175715 -0.038949 200.000000 200.000000 200.000000
v 0.227520 0.145302 0.079585 200.000000 200.000000 200.000000
v 0.260246 0.584188 -0.262802 200.000000 200.000000 200.000000
v -0.037761 -0.151517 0.002352 200.000000 200.000000 200.000000
v -0.196952 -0.009375 -0.005079 200.000000 200.000000 200.000000
v 0.279916 0.230671 -0.300095 200.000000 200.000000 200.000000
v 0.136982 -0.630189 -0.031840 200.000000 200.000000 200.000000
v 0.169936 0.904962 -0.328813 200.000000 200.000000 200.000000
v 0.185840 -0.447539 -0.179991 200.000000 200.000000 200.000000
v 0.117896 0.728353 -0.003505 200.000000 200.000000 200.000000
v -0.005714 0.726555 -0.028684 200.000000 200.000000 200.000000
v 0.071603 0.156493 -0.085459 200.000000 200.000000 200.000000
v -0.217521 0.136311 0.363149 200.000000 200.000000 200.000000
v 0.296289 0.023561 -0.295411 200.000000 200.000000 200.000000
v -0.034616 -0.622890 0.051517 200.000000 200.000000 200.000000
v 0.304778 0.843812 -0.434788 200.000000 200.000000 200.000000
v 0.121051 -0.267645 -0.215345 200.000000 200.000000 200.000000
v 0.137533 -0.427291 -0.038626 200.000000 200.000000 200.000000
v 0.118751 0.455692 0.150042 200.000000 200.000000 200.000000
v 0.044590 0.473050 -0.091945 200.000000 200.000000 200.000000
v 0.220714 -0.750633 -0.108894 200.000000 200.000000 200.000000
v 0.178489 -0.007039 -0.271514 200.000000 200.000000 200.000000
v 0.105405 0.552896 -0.156114 200.000000 200.000000 200.000000
v -0.014253 -0.547905 -0.014275 200.000000 200.000000 200.000000
v -0.237318 0.242531 0.319564 200.000000 200.000000 200.000000
v 0.349969 -0.054988 -0.068823 200.000000 200.000000 200.000000
v 0.306843 0.150939 -0.010455 200.000000 200.000000 200.000000
v 0.307027 0.648936 -0.295395 200.000000 200.000000 200.000000
v 0.010269 0.315648 0.232691 200.000000 200.000000 200.000000
v -0.020784 0.047693 0.027994 200.000000 200.000000 200.000000
v 0.394812 0.638601 -0.323662 200.000000 200.000000 200.000000
v 0.094123 0.059471 -0.210992 200.000000 200.000000 200.000000
v 0.168387 0.054280 -0.269669 200.000000 200.000000 200.000000
v 0.147684 0.605258 -0.212551 200.000000 200.000000 200.000000
v -0.275621 -0.205524 -0.046742 200.000000 200.000000 200.000000
v 0.066303 0.141188 -0.060669 200.000000 200.000000 200.000000
v 0.211485 0.670277 -0.044560 200.000000 200.000000 200.000000
v 0.314682 -0.009322 0.001997 200.000000 200.000000 200.000000
v 0.165585 0.077645 -0.267246 200.000000 200.000000 200.000000
v 0.299626 0.219072 -0.290775 200.000000 200.000000 200.000000
v -0.268226 0.122163 0.384934 200.000000 200.000000 200.000000
v 0.274404 0.174590 0.027520 200.000000 200.000000 200.000000
v 0.065835 0.595886 0.003616 200.000000 200.000000 200.000000
v 0.404582 0.684003 -0.404364 200.000000 200.000000 200.000000
v 0.008185 0.736234 -0.150970 200.000000 200.000000 200.000000
v 0.072092 -0.447449 -0.146695 200.000000 200.000000 200.000000
v 0.114939 -0.926474 -0.056187 200.000000 200.000000 200.000000
v 0.014560 0.275008 0.153807 200.000000 200.000000 200.000000
v 0.267676 0.548698 -0.315732 200.000000 200.000000 200.000000
v -0.239918 -0.161569 0.000535 200.000000 200.000000 200.000000
v 0.229870 0.606672 -0.211819 200.000000 200.000000 200.000000
v -0.335866 -0.132335 -0.089509 200.000000 200.000000 200.000000
v 0.317222 0.174171 -0.276370 200.000000 200.000000 200.000000
v -0.102445 -0.244426 -0.002173 200.000000 200.000000 200.000000
v 0.159790 -0.903255 -0.071170 200.000000 200.000000 200.000000
v 0.157471 0.216878 0.088599 200.000000 200.000000 200.000000
v 0.291433 -0.031418 -0.190639 200.000000 200.000000 200.000000
v -0.090284 0.331575 0.302904 200.000000 200.000000 200.000000
v 0.248834 -0.358316 -0.126674 200.000000 200.000000 200.000000
v -0.205304 0.227468 0.407726 200.000000 200.000000 200.000000
v 0.132170 0.022151 -0.234882 200.000000 200.000000 200.000000
v 0.060126 0.406700 0.191158 200.000000 200.000000 200.000000
v 0.096662 0.085790 -0.213138 200.000000 200.000000 200.000000
v 0.086247 0.040113 -0.196574 200.000000 200.000000 200.000000
v 0.189163 -0.684041 -0.007237 200.000000 200.000000 200.000000
v 0.391444 0.666364 -0.359753 200.000000 200.000000 200.000000
v -0.396374 0.163704 0.461532 200.000000 200.000000 200.000000
v 0.241162 0.093822 0.086509 200.000000 200.000000 200.000000
v 0.124813 -0.199656 -0.220910 200.000000 200.000000 200.000000
v -0.206044 0.145993 0.339649 200.000000 200.000000 200.000000
v 0.282887 -0.236440 -0.117081 200.000000 200.000000 200.000000
v 0.289615 0.618254 -0.033345 200.000000 200.000000 200.000000
v -0.257481 -0.100549 -0.023044 200.000000 200.000000 200.000000
v 0.153105 0.023888 -0.250875 200.000000 200.000000 200.000000
v 0.131937 -0.164238 -0.039682 200.000000 200.000000 200.000000
v 0.344671 0.028426 -0.159998 200.000000 200.000000 200.000000
v 0.341121 0.289555 -0.151718 200.000000 200.000000 200.000000
v -0.046180 -0.157891 -0.009314 200.000000 200.000000 200.000000
v 0.312732 0.116766 -0.004406 200.000000 200.000000 200.000000
v 0.071527 0.277200 -0.188354 200.000000 200.000000 200.000000
v 0.135030 -0.999623 -0.079673 200.000000 200.000000 200.000000
v 0.007940 0.358058 0.221978 200.000000 200.000000 200.000000
v 0.054052 0.510768 -0.002441 200.000000 200.000000 200.000000
v -0.037619 -0.515592 -0.015662 200.000000 200.000000 200.000000
v 0.133238 0.144556 -0.244864 200.000000 200.000000 200.000000
v -0.087680 0.306161 0.182534 200.000000 200.000000 200.000000
v 0.016272 0.032343 -0.062275 200.000000 200.000000 200.000000
v 0.301809 0.431518 0.004900 200.000000 200.000000 200.000000
v 0.302210 0.521259 0.001081 200.000000 200.000000 200.000000
v 0.103900 0.103091 0.114213 200.000000 200.000000 200.000000
v 0.105704 -0.281622 -0.199321 200.000000 200.000000 200.000000
v 0.213593 0.033941 0.115283 200.000000 200.000000 200.000000
v 0.369735 0.724858 -0.369334 200.000000 200.000000 200.000000
v 0.339145 0.064703 -0.078803 200.000000 200.000000 200.000000
v 0.094348 0.533359 -0.130495 200.000000 200.000000 200.000000
v -0.171599 0.272626 0.375210 200.000000 200.000000 200.000000
v 0.006756 -0.147497 0.019015 200.000000 200.000000 200.000000
v -0.242871 -0.090853 -0.172347 200.000000 200.000000 200.000000
v -0.012633 -0.565803 -0.013942 200.000000 200.000000 200.000000
v 0.064888 0.162040 -0.176268 200.000000 200.000000 200.000000
v 0.365825 0.610337 -0.411737 200.000000 200.000000 200.000000
v 0.091717 -0.117967 0.082902 200.000000 200.000000 200.000000
v 0.326033 0.143655 -0.060733 200.000000 200.000000 200.000000
v -0.052201 -0.360559 -0.054438 200.000000 200.000000 200.000000
v 0.356459 0.696709 -0.346024 200.000000 200.000000 200.000000
v 0.128196 0.244125 0.065053 200.000000 200.000000 200.000000
v -0.107018 -0.359625 -0.062591 200.000000 200.000000 200.000000
v 0.239563 -0.801807 -0.038715 200.000000 200.000000 200.000000
v 0.036041 0.689950 -0.166356 200.000000 200.000000 200.000000
v -0.135158 0.291564 0.345911 200.000000 200.000000 200.000000
v 0.147667 -0.780548 -0.000186 200.000000 200.000000 200.000000
v 0.293001 0.834644 -0.373707 200.000000 200.000000 200.000000
v 0.373555 0.600326 -0.174392 200.000000 200.000000 200.000000
v 0.157622 0.313129 -0.259601 200.000000 200.000000 200.000000
v 0.169830 0.848647 -0.163639 200.000000 200.000000 200.000000
v -0.124734 -0.366895 0.029636 200.000000 200.000000 200.000000
v 0.076979 0.305135 -0.159123 200.000000 200.000000 200.000000
v 0.170001 -0.016254 0.132347 200.000000 200.000000 200.000000
v -0.314527 -0.166890 -0.073341 200.000000 200.000000 200.000000
v 0.256640 0.730636 -0.435779 200.000000 200.000000 200.000000
v 0.060675 -0.157372 -0.072251 200.000000 200.000000 200.000000
v 0.325457 0.614261 -0.439565 200.000000 200.000000 200.000000
v -0.012451 -0.567932 -0.014013 200.000000 200.000000 200.000000
v -0.310552 0.217570 0.379500 200.000000 200.000000 200.000000
v -0.155760 -0.375071 -0.023933 200.000000 200.000000 200.000000
v 0.168807 -0.984549 -0.069722 200.000000 200.000000 200.000000
v -0.308145 -0.045800 -0.146774 200.000000 200.000000 200.000000
v -0.121678 -0.299339 0.028270 200.000000 200.000000 200.000000
v 0.271222 0.478789 0.040073 200.000000 200.000000 200.000000
v 0.035153 0.121224 0.012408 200.000000 200.000000 200.000000
v 0.319782 0.209529 -0.265288 200.000000 200.000000 200.000000
v 0.307874 -0.092815 -0.010270 200.000000 200.000000 200.000000
v 0.360150 0.442945 -0.107085 200.000000 200.000000 200.000000
v -0.040978 0.036197 -0.048857 200.000000 200.000000 200.000000
v -0.023392 0.355828 0.081269 200.000000 200.000000 200.000000
v -0.219484 0.135357 0.367948 200.000000 200.000000 200.000000
v 0.083078 0.793891 -0.194172 200.000000 200.000000 200.000000
v 0.076792 -0.534788 -0.136156 200.000000 200.000000 200.000000
v 0.306230 0.458967 0.010516 200.000000 200.000000 200.000000
v 0.326199 0.168471 -0.251252 200.000000 200.000000 200.000000
v -0.070166 0.344669 0.287368 200.000000 200.000000 200.000000
v 0.252694 0.608952 -0.168730 200.000000 200.000000 200.000000
v -0.112294 -0.243024 0.008274 200.000000 200.000000 200.000000
v 0.166597 0.829425 -0.403991 200.000000 200.000000 200.000000
v 0.235241 0.801338 -0.356168 200.000000 200.000000 200.000000
v 0.286404 0.615714 -0.019881 200.000000 200.000000 200.000000
v 0.026091 0.085733 0.058678 200.000000 200.000000 200.000000
v 0.144218 -0.211368 -0.229143 200.000000 200.000000 200.000000
v 0.292174 0.568413 0.038887 200.000000 200.000000 200.000000
v -0.020425 0.269154 0.273725 200.000000 200.000000 200.000000
v -0.015567 -0.443231 0.053190 200.000000 200.000000 200.000000
v 0.007568 0.253260 0.194906 200.000000 200.000000 200.000000
v 0.247557 -0.213020 -0.201244 200.000000 200.000000 200.000000
v 0.388547 0.630979 -0.420084 200.000000 200.000000 200.000000
v -0.364292 0.213833 0.479127 200.000000 200.000000 200.000000
v -0.063546 -0.437834 0.037880 200.000000 200.000000 200.000000
v 0.096817 0.674406 -0.171191 200.000000 200.000000 200.000000
v -0.074743 0.389281 0.178294 200.000000 200.000000 200.000000
v 0.204275 0.640156 -0.063338 200.000000 200.000000 200.000000
v 0.330920 0.285894 -0.056614 200.000000 200.000000 200.000000
v 0.152846 -0.786307 0.003551 200.000000 200.000000 200.000000
v 0.055414 0.152255 -0.071211 200.000000 200.000000 200.000000
v 0.190258 0.353908 -0.290131 200.000000 200.000000 200.000000
v 0.307224 0.531629 -0.019231 200.000000 200.000000 200.000000
v 0.039052 0.287233 -0.127762 200.000000 200.000000 200.000000
v 0.348777 0.704784 -0.346813 200.000000 200.000000 200.000000
v 0.125690 0.495239 -0.197211 200.000000 200.000000 200.000000
v 0.198835 0.529452 -0.242584 200.000000 200.000000 200.000000
v 0.199777 0.808467 -0.374190 200.000000 200.000000 200.000000
v -0.123249 -0.315142 0.029990 200.000000 200.000000 200.000000
v 0.037004 0.210797 -0.053054 200.000000 200.000000 200.000000
v 0.307144 0.715987 -0.369661 200.000000 200.000000 200.000000
v 0.208381 0.590994 -0.172930 200.000000 200.000000 200.000000
v 0.319765 -0.159640 -0.102017 200.000000 200.000000 200.000000
v 0.186803 0.013860 -0.270883 200.000000 200.000000 200.000000
v -0.288973 -0.197164 -0.062023 200.000000 200.000000 200.000000
v 0.030924 -0.154715 0.012793 200.000000 200.000000 200.000000
v -0.127897 -0.008120 -0.106847 200.000000 200.000000 200.000000
v 0.071271 0.306002 0.143205 200.000000 200.000000 200.000000
v 0.236497 -0.600422 -0.115252 200.000000 200.000000 200.000000
v 0.085683 0.789955 0.013322 200.000000 200.000000 200.000000
v -0.295526 0.120712 0.405039 200.000000 200.000000 200.000000
v 0.248628 0.498402 -0.296905 200.000000 200.000000 200.000000
v 0.196970 0.533745 -0.241842 200.000000 200.000000 200.000000
v 0.150540 0.068778 -0.258194 200.000000 200.000000 200.000000
v 0.147102 -0.600690 -0.155463 200.000000 200.000000 200.000000
v -0.052515 -0.390054 -0.045818 200.000000 200.000000 200.000000
v 0.269015 0.558737 -0.323045 200.000000 200.000000 200.000000
v 0.342548 0.716606 -0.497176 200.000000 200.000000 200.000000
v 0.289578 -0.074305 -0.192920 200.000000 200.000000 200.000000
v -0.197624 -0.289369 0.002038 200.000000 200.000000 200.000000
v 0.036837 0.480044 0.168198 200.000000 200.000000 200.000000
v 0.263017 -0.100408 0.021852 200.000000 200.000000 200.000000
v -0.028399 0.820493 -0.111699 200.000000 200.000000 200.000000
v 0.103333 0.984606 -0.353216 200.000000 200.000000 200.000000
v -0.263145 -0.109260 -0.175973 200.000000 200.000000 200.000000
v 0.094667 -0.359369 -0.052070 200.000000 200.000000 200.000000
v -0.146876 -0.022609 0.030482 200.000000 200.000000 200.000000
v 0.020659 0.117377 -0.019569 200.000000 200.000000 200.000000
v 0.044352 0.233999 -0.125635 200.000000 200.000000 200.000000
v 0.131384 0.382521 0.128466 200.000000 200.000000 200.000000
v -0.177917 -0.331190 -0.007324 200.000000 200.000000 200.000000
v 0.133829 -0.582420 -0.038655 200.000000 200.000000 200.000000
v 0.042040 -0.178032 -0.078041 200.000000 200.000000 200.000000
v -0.235517 -0.104846 -0.006956 200.000000 200.000000 200.000000
v 0.116907 0.201043 -0.173179 200.000000 200.000000 200.000000
v 0.167485 0.842716 -0.026089 200.000000 200.000000 200.000000
v 0.149815 0.301744 -0.256296 200.000000 200.000000 200.000000
v 0.098832 0.933948 -0.270688 200.000000 200.000000 200.000000
v 0.066588 0.055738 -0.174009 200.000000 200.000000 200.000000
v 0.161667 -0.941751 -0.061488 200.000000 200.000000 200.000000
v 0.033009 -0.176178 -0.084380 200.000000 200.000000 200.000000
v 0.113172 -0.005556 -0.186818 200.000000 200.000000 200.000000
v 0.286071 -0.152754 -0.183178 200.000000 200.000000 200.000000
v 0.207972 0.725906 -0.113585 200.000000 200.000000 200.000000
v 0.367335 0.475696 -0.139616 200.000000 200.000000 200.000000
v 0.140652 0.747481 -0.005259 200.000000 200.000000 200.000000
v 0.205889 0.719874 -0.089374 200.000000 200.000000 200.000000
v -0.311679 -0.063369 -0.057839 200.000000 200.000000 200.000000
v 0.212380 -0.710517 -0.123856 200.000000 200.000000 200.000000
v 0.019203 -0.163906 -0.026160 200.000000 200.000000 200.000000
v 0.144279 0.708248 -0.012649 200.000000 200.000000 200.000000
v 0.225909 -0.857391 -0.003713 200.000000 200.000000 200.000000
v 0.265936 0.440502 -0.319880 200.000000 200.000000 200.000000
v 0.259080 0.884168 -0.372683 200.000000 200.000000 200.000000
v -0.042386 -0.556728 0.035753 200.000000 200.000000 200.000000
v -0.056654 -0.517228 0.010607 200.000000 200.000000 200.000000
v 0.227700 0.163466 -0.290184 200.000000 200.000000 200.000000
v 0.054879 0.862369 -0.147035 200.000000 200.000000 200.000000
v 0.172404 0.744270 -0.021304 200.000000 200.000000 200.000000
v 0.274109 -0.235120 -0.081064 200.000000 200.000000 200.000000
v 0.148961 0.301051 -0.229969 200.000000 200.000000 200.000000
v 0.267808 0.619980 -0.178308 200.000000 200.000000 200.000000
v -0.085902 0.262599 0.184465 200.000000 200.000000 200.000000
v 0.056663 -0.192955 -0.134664 200.000000 200.000000 200.000000
v 0.065136 0.871068 -0.061453 200.000000 200.000000 200.000000
v 0.349773 0.076375 -0.123962 200.000000 200.000000 200.000000
v 0.133838 -0.293054 -0.048289 200.000000 200.000000 200.000000
v 0.363685 0.447229 -0.251565 200.000000 200.000000 200.000000
v 0.056394 0.263099 -0.171657 200.000000 200.000000 200.000000
v 0.036178 0.458745 -0.074182 200.000000 200.000000 200.000000
v -0.257430 -0.052830 -0.020623 200.000000 200.000000 200.000000
v 0.329059 0.507785 -0.040794 200.000000 200.000000 200.000000
v 0.144520 0.851096 -0.386172 200.000000 200.000000 200.000000
v 0.340472 0.242408 -0.195242 200.000000 200.000000 200.000000
v 0.123270 0.640562 -0.166023 200.000000 200.000000 200.000000
v 0.199312 0.777823 -0.136548 200.000000 200.000000 200.000000
v -0.128201 -0.128789 -0.118049 200.000000 200.000000 200.000000
v 0.362418 0.475221 -0.103923 200.000000 200.000000 200.000000
v 0.386214 0.710408 -0.385413 200.000000 200.000000 200.000000
v -0.113530 0.021752 0.018434 200.000000 200.000000 200.000000
v 0.034050 0.087622 0.069693 200.000000 200.000000 200.000000
v 0.205042 0.783253 -0.126919 200.000000 200.000000 200.000000
v 0.112720 -0.991513 -0.129052 200.000000 200.000000 200.000000
v 0.179346 0.028543 -0.271699 200.000000 200.000000 200.000000
v 0.301128 0.002370 0.021218 200.000000 200.000000 200.000000
v 0.323376 0.194717 -0.066220 200.000000 200.000000 200.000000
v 0.214693 -0.301306 -0.203207 200.000000 200.000000 200.000000
v -0.110531 -0.428143 -0.020658 200.000000 200.000000 200.000000
v 0.290911 -0.132313 -0.019771 200.000000 200.000000 200.000000
v 0.060961 0.702135 -0.173554 200.000000 200.000000 200.000000
v -0.352577 0.211550 0.411152 200.000000 200.000000 200.000000
v -0.011760 0.452105 0.181148 200.000000 200.000000 200.000000
v -0.336314 0.206837 0.393304 200.000000 200.000000 200.000000
v 0.038054 0.108974 -0.156963 200.000000 200.000000 200.000000
v 0.207265 0.812508 -0.048737 200.000000 200.000000 200.000000
v 0.075288 -0.159709 -0.022200 200.000000 200.000000 200.000000
v -0.200685 0.284721 0.329616 200.000000 200.000000 200.000000
v 0.176261 0.844494 -0.363812 200.000000 200.000000 200.000000
v 0.237587 0.641031 -0.136195 200.000000 200.000000 200.000000
v -0.039643 -0.019196 -0.091260 200.000000 200.000000 200.000000
v 0.245708 0.879532 -0.439536 200.000000 200.000000 200.000000
v 0.313748 0.043224 -0.276578 200.000000 200.000000 200.000000
v 0.220888 -0.427362 -0.054079 200.000000 200.000000 200.000000
v 0.389163 0.525694 -0.237440 200.000000 200.000000 200.000000
v -0.099454 0.344626 0.267854 200.000000 200.000000 200.000000
v 0.091275 0.990338 -0.345187 200.000000 200.000000 200.000000
v 0.401327 0.653745 -0.402814 200.000000 200.000000 200.000000
v 0.325494 -0.120448 -0.047801 200.000000 200.000000 200.000000
v -0.136183 -0.193339 -0.002431 200.000000 200.000000 200.000000
v 0.299612 0.230334 -0.011835 200.000000 200.000000 200.000000
v 0.155491 0.588960 -0.198421 200.000000 200.000000 200.000000
v -0.113155 0.341120 0.280474 200.000000 200.000000 200.000000
v 0.099424 0.337646 -0.182473 200.000000 200.000000 200.000000
v 0.211880 -0.128019 -0.241414 200.000000 200.000000 200.000000
v 0.167031 -0.484984 -0.028579 200.000000 200.000000 200.000000
v -0.077484 -0.167710 -0.061538 200.000000 200.000000 200.000000
v -0.108112 -0.401145 0.029156 200.000000 200.000000 200.000000
v 0.025591 0.104087 -0.116372 200.000000 200.000000 200.000000
v -0.070974 -0.300719 0.018360 200.000000 200.000000 200.000000
v -0.159001 0.273300 0.247129 200.000000 200.000000 200.000000
v 0.391204 0.579379 -0.245335 200.000000 200.000000 200.000000
v 0.018571 0.065628 -0.096401 200.000000 200.000000 200.000000
v -0.106544 0.343828 0.266331 200.000000 200.000000 200.000000
v 0.075203 0.153053 -0.125786 200.000000 200.000000 200.000000
v 0.174821 -0.834053 0.016398 200.000000 200.000000 200.000000
v 0.288229 -0.016256 0.039062 200.000000 200.000000 200.000000
v 0.280626 -0.177012 -0.165267 200.000000 200.000000 200.000000
v 0.335511 0.117349 -0.246690 200.000000 200.000000 200.000000
v 0.212931 -0.001389 -0.241001 200.000000 200.000000 200.000000
v 0.389828 0.591702 -0.260811 200.000000 200.000000 200.000000
v 0.286328 0.217322 -0.297166 200.000000 200.000000 200.000000
v 0.010598 -0.999609 -0.108205 200.000000 200.000000 200.000000
v -0.026898 0.301236 0.292075 200.000000 200.000000 200.000000
v 0.141802 0.132618 -0.246152 200.000000 200.000000 200.000000
v 0.116089 -0.638862 -0.051555 200.000000 200.000000 200.000000
v 0.230031 -0.810155 -0.014125 200.000000 200.000000 200.000000
v 0.274355 0.096490 0.050535 200.000000 200.000000 200.000000
v 0.318596 0.122901 -0.069226 200.000000 200.000000 200.000000
v 0.340695 0.071618 -0.099212 200.000000 200.000000 200.000000
v 0.177134 -0.074053 0.109922 200.000000 200.000000 200.000000
v 0.386081 0.558939 -0.274002 200.000000 200.000000 200.000000
v 0.229780 -0.435148 -0.138607 200.000000 200.000000 200.000000
v 0.059287 0.579136 -0.016496 200.000000 200.000000 200.000000
v 0.308553 -0.180792 -0.073778 200.000000 200.000000 200.000000
v 0.318905 0.801752 -0.472320 200.000000 200.000000 200.000000
v -0.203724 0.010207 -0.046907 200.000000 200.000000 200.000000
v 0.299010 -0.089355 -0.001736 200.000000 200.000000 200.000000
v 0.222632 -0.003169 0.115929 200.000000 200.000000 200.000000
v -0.029636 -0.522187 0.062570 200.000000 200.000000 200.000000
v 0.071707 -0.161094 -0.010164 200.000000 200.000000 200.000000
v 0.228332 0.793471 -0.441797 200.000000 200.000000 200.000000
v 0.188139 -0.504806 -0.040740 200.000000 200.000000 200.000000
v -0.202355 0.232101 0.282578 200.000000 200.000000 200.000000
v 0.024085 0.510589 0.123707 200.000000 200.000000 200.000000
v 0.196945 0.744579 -0.052055 200.000000 200.000000 200.000000
v 0.319961 -0.037779 -0.160239 200.000000 200.000000 200.000000
v 0.344781 -0.027289 -0.222764 200.000000 200.000000 200.000000
v 0.195761 -0.457859 -0.166933 200.000000 200.000000 200.000000
v 0.083219 0.630693 -0.019661 200.000000 200.000000 200.000000
v 0.242094 -0.643280 -0.104728 200.000000 200.000000 200.000000
v 0.022696 -0.407596 0.003852 200.000000 200.000000 200.000000
v 0.148148 0.003696 -0.245159 200.000000 200.000000 200.000000
v 0.025072 0.305299 0.018406 200.000000 200.000000 200.000000
v -0.107021 -0.418804 0.022137 200.000000 200.000000 200.000000
v 0.164983 -0.740827 -0.122022 200.000000 200.000000 200.000000
v 0.018312 0.401815 -0.044323 200.000000 200.000000 200.000000
v -0.260404 -0.134394 -0.159115 200.000000 200.000000 200.000000
v 0.318955 0.547385 -0.395085 200.000000 200.000000 200.000000
v 0.293889 0.754479 -0.482278 200.000000 200.000000 200.000000
v 0.227353 -0.326272 -0.042287 200.000000 200.000000 200.000000
v 0.084826 -0.004808 0.126167 200.000000 200.000000 200.000000
v 0.080710 0.920701 -0.340084 200.000000 200.000000 200.000000
v 0.120094 -0.789847 -0.057735 200.000000 200.000000 200.000000
v 0.316991 0.537175 -0.058714 200.000000 200.000000 200.000000
v 0.100899 0.928635 -0.358131 200.000000 200.000000 200.000000
v 0.301460 0.061577 0.034049 200.000000 200.000000 200.000000
v 0.212580 -0.946837 -0.003740 200.000000 200.000000 200.000000
v -0.013665 0.756354 -0.049826 200.000000 200.000000 200.000000
v -0.005999 -0.587900 -0.015802 200.000000 200.000000 200.000000
v 0.022946 0.369002 -0.042956 200.000000 200.000000 200.000000
v 0.180689 0.897977 -0.432607 200.000000 200.000000 200.000000
v 0.203504 -0.424115 -0.165446 200.000000 200.000000 200.000000
v 0.161455 -0.591132 -0.026141 200.000000 200.000000 200.000000
v 0.317765 -0.017689 -0.200446 200.000000 200.000000 200.000000
v 0.075484 0.973610 -0.353868 200.000000 200.000000 200.000000
v 0.079585 0.499182 -0.140505 200.000000 200.000000 200.000000
v 0.285453 0.599309 0.000375 200.000000 200.000000 200.000000
v 0.011852 -0.521343 0.066884 200.000000 200.000000 200.000000
v 0.029769 0.411630 -0.080087 200.000000 200.000000 200.000000
v 0.077203 0.188596 -0.214475 200.000000 200.000000 200.000000
v 0.327254 -0.129771 -0.075507 200.000000 200.000000 200.000000
v -0.285640 -0.200468 -0.093512 200.000000 200.000000 200.000000
v 0.120903 0.838066 -0.011187 200.000000 200.000000 200.000000
v 0.275213 0.584132 0.057426 200.000000 200.000000 200.000000
v 0.187982 0.774585 -0.165585 200.000000 200.000000 200.000000
v 0.218913 0.659505 -0.055254 200.000000 200.000000 200.000000
v 0.349871 0.655485 -0.464141 200.000000 200.000000 200.000000
v 0.095367 0.465484 -0.190832 200.000000 200.000000 200.000000
v 0.301517 0.006412 -0.262460 200.000000 200.000000 200.000000
v -0.037280 0.047360 -0.025687 200.000000 200.000000 200.000000
v 0.068537 0.586538 -0.030811 200.000000 200.000000 200.000000
v 0.310261 0.645293 -0.464459 200.000000 200.000000 200.000000
v 0.075332 -0.356906 -0.079247 200.000000 200.000000 200.000000
v -0.281857 0.133666 0.448342 200.000000 200.000000 200.000000
v -0.147174 0.173439 0.300471 200.000000 200.000000 200.000000
v -0.155062 -0.245382 0.021108 200.000000 200.000000 200.000000
v -0.172402 -0.110063 -0.141134 200.000000 200.000000 200.000000
v 0.335990 0.188103 -0.096071 200.000000 200.000000 200.000000
v 0.273793 -0.080728 -0.208444 200.000000 200.000000 200.000000
v 0.079619 0.303424 -0.168341 200.000000 200.000000 200.000000
v 0.097071 -0.937680 -0.044798 200.000000 200.000000 200.000000
v -0.336884 0.218577 0.431326 200.000000 200.000000 200.000000
v -0.177724 -0.226334 -0.126198 200.000000 200.000000 200.000000
v -0.111131 0.262187 0.343240 200.000000 200.000000 200.000000
v -0.220837 -0.260129 -0.087554 200.000000 200.000000 200.000000
v 0.084198 0.615013 0.085374 200.000000 200.000000 200.000000
v 0.088761 0.192881 -0.142713 200.000000 200.000000 200.000000
v 0.217008 0.412527 -0.288648 200.000000 200.000000 200.000000
v 0.188395 0.168562 -0.269186 200.000000 200.000000 200.000000
v 0.257684 0.890014 -0.376621 200.000000 200.000000 200.000000
v 0.083169 -0.030206 -0.158863 200.000000 200.000000 200.000000
v -0.244877 -0.100681 -0.009193 200.000000 200.000000 200.000000
v 0.258883 0.647589 -0.040619 200.000000 200.000000 200.000000
v 0.311601 0.845222 -0.412908 200.000000 200.000000 200.000000
v 0.236063 -0.769414 -0.079759 200.000000 200.000000 200.000000
v 0.057264 0.108384 0.093532 200.000000 200.000000 200.000000
v -0.134438 -0.394090 -0.036292 200.000000 200.000000 200.000000
v 0.259447 -0.007577 -0.303543 200.000000 200.000000 200.000000
v 0.389322 0.755721 -0.442669 200.000000 200.000000 200.000000
v 0.234246 0.914694 -0.381386 200.000000 200.000000 200.000000
v 0.054794 0.216757 0.033643 200.000000 200.000000 200.000000
v -0.020731 -0.550328 0.074305 200.000000 200.000000 200.000000
v 0.215753 -0.124965 -0.241265 200.000000 200.000000 200.000000
v -0.113152 -0.245919 0.009898 200.000000 200.000000 200.000000
v 0.284311 0.851493 -0.446919 200.000000 200.000000 200.000000
v -0.088666 -0.431609 0.035862 200.000000 200.000000 200.000000
v 0.114974 0.627186 -0.187579 200.000000 200.000000 200.000000
v -0.368002 0.219034 0.425135 200.000000 200.000000 200.000000
v -0.121714 0.319210 0.319034 200.000000 200.000000 200.000000
v -0.004325 0.057959 0.009068 200.000000 200.000000 200.000000
v 0.344188 0.256103 -0.197701 200.000000 200.000000 200.000000
v 0.252713 0.612868 -0.190547 200.000000 200.000000 200.000000
v 0.048465 -0.086499 0.090719 200.000000 200.000000 200.000000
v 0.191593 0.848696 -0.104597 200.000000 200.000000 200.000000
v 0.015106 0.495368 0.116285 200.000000 200.000000 200.000000
v 0.063730 0.921200 -0.290335 200.000000 200.000000 200.000000
v 0.163760 0.312480 -0.275555 200.000000 200.000000 200.000000
v -0.358493 0.127872 0.438427 200.000000 200.000000 200.000000
v 0.349553 0.325534 -0.141209 200.000000 200.000000 200.000000
v 0.281506 0.188568 0.030193 200.000000 200.000000 200.000000
v -0.036136 -0.585189 0.040367 200.000000 200.000000 200.000000
v 0.180990 0.869832 -0.332371 200.000000 200.000000 200.000000
v 0.010953 0.072060 -0.070538 200.000000 200.000000 200.000000
v 0.109306 0.674016 -0.171716 200.000000 200.000000 200.000000
v 0.011788 0.357480 -0.003606 200.000000 200.000000 200.000000
v 0.206168 0.755986 -0.114023 200.000000 200.000000 200.000000
v 0.295046 0.519986 -0.370204 200.000000 200.000000 200.000000
v 0.100324 0.181452 -0.148711 200.000000 200.000000 200.000000
v 0.113412 0.858879 -0.032016 200.000000 200.000000 200.000000
v 0.152796 0.858082 -0.040650 200.000000 200.000000 200.000000
v 0.314022 0.415012 -0.315711 200.000000 200.000000 200.000000
v -0.226192 0.134340 0.361170 200.000000 200.000000 200.000000
v 0.186930 0.654834 -0.059878 200.000000 200.000000 200.000000
v 0.262583 0.643641 -0.093602 200.000000 200.000000 200.000000
v 0.293359 0.195515 -0.012933 200.000000 200.000000 200.000000
v 0.056312 0.643023 -0.019706 200.000000 200.000000 200.000000
v 0.213240 0.293076 -0.285821 200.000000 200.000000 200.000000
v 0.199248 0.812661 -0.030392 200.000000 200.000000 200.000000
v 0.270590 0.724667 -0.444023 200.000000 200.000000 200.000000
v 0.166954 0.053765 0.133072 200.000000 200.000000 200.000000
v 0.049178 -0.217102 -0.106991 200.000000 200.000000 200.000000
v 0.239620 0.438768 -0.310638 200.000000 200.000000 200.000000
v 0.158839 0.851633 -0.126208 200.000000 200.000000 200.000000
v 0.230398 0.623928 0.044351 200.000000 200.000000 200.000000
v 0.252171 0.751094 -0.399318 200.000000 200.000000 200.000000
v 0.060681 0.118087 -0.184445 200.000000 200.000000 200.000000
v 0.346759 0.368534 -0.113059 200.000000 200.000000 200.000000
v 0.303151 0.550242 0.032040 200.000000 200.000000 200.000000
v -0.195138 0.269404 0.281625 200.000000 200.000000 200.000000
v 0.109313 -0.163928 -0.200644 200.000000 200.000000 200.000000
v 0.300009 0.704526 -0.465294 200.000000 200.000000 200.000000
v -0.021238 0.391542 0.066484 200.000000 200.000000 200.000000
v 0.000124 -0.395913 0.007629 200.000000 200.000000 200.000000
v 0.232943 -0.506516 -0.113657 200.000000 200.000000 200.000000
v 0.205533 -0.953260 -0.030421 200.000000 200.000000 200.000000
v 0.102440 0.602792 -0.199415 200.000000 200.000000 200.000000
v -0.022705 0.258088 0.273408 200.000000 200.000000 200.000000
v 0.137554 -0.002496 -0.231808 200.000000 200.000000 200.000000
v -0.167653 -0.308467 -0.082813 200.000000 200.000000 200.000000
v 0.316753 0.762515 -0.494850 200.000000 200.000000 200.000000
v 0.211042 -0.253972 -0.215748 200.000000 200.000000 200.000000
v -0.244393 0.266208 0.361099 200.000000 200.000000 200.000000
v 0.087149 0.025646 0.134807 200.000000 200.000000 200.000000
v 0.242774 -0.622637 -0.102896 200.000000 200.000000 200.000000
v 0.125329 -0.242358 -0.050707 200.000000 200.000000 200.000000
v 0.156305 0.763208 -0.190194 200.000000 200.000000 200.000000
v 0.100677 -0.301151 -0.053883 200.000000 200.000000 200.000000
v -0.005862 -0.620792 0.057838 200.000000 200.000000 200.000000
v 0.110480 0.861196 -0.163416 200.000000 200.000000 200.000000
v -0.308872 0.196950 0.462742 200.000000 200.000000 200.000000
v 0.081936 0.205334 0.062577 200.000000 200.000000 200.000000
v 0.278392 0.695219 -0.420004 200.000000 200.000000 200.000000
v 0.300738 0.149529 0.006174 200.000000 200.000000 200.000000
v 0.112562 0.285340 0.083144 200.000000 200.000000 200.000000
v 0.095573 0.596902 0.007657 200.000000 200.000000 200.000000
v 0.088965 -0.192579 -0.067481 200.000000 200.000000 200.000000
v -0.029969 -0.482379 0.058052 200.000000 200.000000 200.000000
v -0.181607 -0.339208 -0.017902 200.000000 200.000000 200.000000
v -0.016780 0.830089 -0.109505 200.000000 200.000000 200.000000
v 0.148304 -0.217156 -0.042886 200.000000 200.000000 200.000000
v -0.266418 0.171648 0.346619 200.000000 200.000000 200.000000
v 0.271504 0.616582 -0.243562 200.000000 200.000000 200.000000
v 0.114381 -0.189497 -0.209396 200.000000 200.000000 200.000000
v 0.307586 0.393339 -0.312358 200.000000 200.000000 200.000000
v 0.159231 -0.286614 -0.037972 200.000000 200.000000 200.000000
v 0.333204 0.324235 -0.048750 200.000000 200.000000 200.000000
v 0.097871 0.776379 -0.201611 200.000000 200.000000 200.000000
v 0.237459 -0.778369 -0.073116 200.000000 200.000000 200.000000
v 0.139053 0.849069 -0.180153 200.000000 200.000000 200.000000
v 0.287618 0.392875 -0.318233 200.000000 200.000000 200.000000
v 0.282480 0.618959 -0.009844 200.000000 200.000000 200.000000
v 0.398863 0.588419 -0.329180 200.000000 200.000000 200.000000
v 0.309375 0.767400 -0.492945 200.000000 200.000000 200.000000
v 0.037052 -0.476528 0.040323 200.000000 200.000000 200.000000
v 0.171026 0.009711 -0.243397 200.000000 200.000000 200.000000
v -0.309319 0.159069 0.375305 200.000000 200.000000 200.000000
v 0.295335 0.281041 -0.010031 200.000000 200.000000 200.000000
v 0.257717 0.494771 -0.314979 200.000000 200.000000 200.000000
v 0.032496 0.754002 -0.002246 200.000000 200.000000 200.000000
v 0.011322 0.277842 0.137375 200.000000 200.000000 200.000000
v 0.330921 0.287039 -0.053560 200.000000 200.000000 200.000000
v -0.056389 -0.165536 -0.027318 200.000000 200.000000 200.000000
v 0.073356 -0.416179 -0.164120 200.000000 200.000000 200.000000
v 0.307422 0.106396 -0.273152 200.000000 200.000000 200.000000
v -0.322832 -0.099192 -0.059318 200.000000 200.000000 200.000000
v 0.062989 0.279605 0.038624 200.000000 200.000000 200.000000
v 0.175235 0.241276 -0.274647 200.000000 200.000000 200.000000
v 0.167532 0.281195 -0.276558 200.000000 200.000000 200.000000
v 0.192816 -0.039043 0.119734 200.000000 200.000000 200.000000
v 0.326471 0.528322 -0.061121 200.000000 200.000000 200.000000
v -0.238996 -0.199352 -0.131120 200.000000 200.000000 200.000000
v -0.341113 -0.097471 -0.129873 200.000000 200.000000 200.000000
v 0.048327 0.288257 -0.140332 200.000000 200.000000 200.000000
v 0.136765 -0.851701 0.004658 200.000000 200.000000 200.000000
v 0.220024 -0.379847 -0.171993 200.000000 200.000000 200.000000
v -0.068323 -0.340864 -0.058345 200.000000 200.000000 200.000000
v 0.336682 0.127954 -0.190688 200.000000 200.000000 200.000000
v 0.180857 0.271837 0.070017 200.000000 200.000000 200.000000
v -0.180460 -0.343117 -0.033152 200.000000 200.000000 200.000000
v -0.107645 0.217203 0.319418 200.000000 200.000000 200.000000
v 0.129481 0.191115 0.094242 200.000000 200.000000 200.000000
v 0.226333 -0.044261 -0.230755 200.000000 200.000000 200.000000
v 0.290668 0.160477 0.027294 200.000000 200.000000 200.000000
v -0.227465 0.000397 -0.051607 200.000000 200.000000 200.000000
v -0.337211 0.131163 0.436975 200.000000 200.000000 200.000000
v -0.109210 0.203372 0.258458 200.000000 200.000000 200.000000
v 0.163448 -0.001932 -0.260133 200.000000 200.000000 200.000000
v 0.016363 0.393644 -0.035694 200.000000 200.000000 200.000000
v -0.343692 -0.116451 -0.106931 200.000000 200.000000 200.000000
v 0.247760 -0.068966 0.067885 200.000000 200.000000 200.000000
v 0.123995 -0.185337 -0.050575 200.000000 200.000000 200.000000
v 0.173892 0.839377 -0.376563 200.000000 200.000000 200.000000
v 0.190992 0.323689 0.087590 200.000000 200.000000 200.000000
v 0.153472 -0.807224 0.007147 200.000000 200.000000 200.000000
v 0.201573 -0.535361 -0.037273 200.000000 200.000000 200.000000
v 0.106221 0.471823 0.156209 200.000000 200.000000 200.000000
v -0.224238 0.175377 0.414688 200.000000 200.000000 200.000000
v 0.321832 0.553556 -0.398786 200.000000 200.000000 200.000000
v 0.234922 -0.543632 -0.076099 200.000000 200.000000 200.000000
v 0.247127 -0.688835 -0.081013 200.000000 200.000000 200.000000
v 0.024393 0.395618 -0.059022 200.000000 200.000000 200.000000
v -0.049921 -0.487400 -0.018463 200.000000 200.000000 200.000000
v 0.271265 0.613668 -0.143042 200.000000 200.000000 200.000000
v 0.212434 0.122595 -0.286018 200.000000 200.000000 200.000000
v -0.206823 0.229879 0.406341 200.000000 200.000000 200.000000
v 0.067865 0.603920 -0.035836 200.000000 200.000000 200.000000
v 0.174856 0.567407 0.104374 200.000000 200.000000 200.000000
v -0.154887 0.311337 0.282587 200.000000 200.000000 200.000000
v 0.198007 -0.681614 -0.007570 200.000000 200.000000 200.000000
v 0.140884 0.683882 -0.024656 200.000000 200.000000 200.000000
v 0.197559 -0.999611 0.001109 200.000000 200.000000 200.000000
v 0.073999 0.474715 0.169496 200.000000 200.000000 200.000000
v 0.021002 -0.128187 0.046885 200.000000 200.000000 200.000000
v 0.077745 0.518620 -0.098582 200.000000 200.000000 200.000000
v 0.338580 0.139716 -0.138560 200.000000 200.000000 200.000000
v 0.276695 0.450729 -0.323899 200.000000 200.000000 200.000000
v 0.061475 0.278844 0.033672 200.000000 200.000000 200.000000
v 0.240280 -0.343667 -0.055489 200.000000 200.000000 200.000000
v 0.227157 -0.587714 -0.043138 200.000000 200.000000 200.000000
v 0.054519 0.905973 -0.327269 200.000000 200.000000 200.000000
v -0.004710 0.681447 -0.062132 200.000000 200.000000 200.000000
v -0.254587 0.154704 0.436595 200.000000 200.000000 200.000000
v 0.105388 0.567771 -0.166098 200.000000 200.000000 200.000000
v 0.086353 0.276765 -0.206118 200.000000 200.000000 200.000000
v 0.121138 0.511842 -0.189917 200.000000 200.000000 200.000000
v -0.014745 0.365670 0.261994 200.000000 200.000000 200.000000
v 0.399107 0.651082 -0.406759 200.000000 200.000000 200.000000
v -0.155539 -0.170694 -0.001914 200.000000 200.000000 200.000000
v 0.346793 0.013912 -0.221696 200.000000 200.000000 200.000000
v 0.184180 -0.380910 -0.192098 200.000000 200.000000 200.000000
v 0.030410 -0.977368 -0.100401 200.000000 200.000000 200.000000
v 0.344292 0.213761 -0.166893 200.000000 200.000000 200.000000
v 0.348010 0.356090 -0.198108 200.000000 200.000000 200.000000
v 0.186509 -0.245355 -0.033515 200.000000 200.000000 200.000000
v 0.061570 0.162170 -0.000754 200.000000 200.000000 200.000000
v 0.123961 0.868946 -0.086793 200.000000 200.000000 200.000000
v 0.237185 0.650625 0.009407 200.000000 200.000000 200.000000
v 0.313484 0.468290 0.002600 200.000000 200.000000 200.000000
v -0.081313 -0.266025 -0.040933 200.000000 200.000000 200.000000
v 0.155985 -0.542263 -0.167000 200.000000 200.000000 200.000000
v 0.202758 0.700963 -0.080727 200.000000 200.000000 200.000000
v -0.082224 0.342696 0.153202 200.000000 200.000000 200.000000
v 0.214240 0.867783 -0.335895 200.000000 200.000000 200.000000
v -0.203443 0.247001 0.289439 200.000000 200.000000 200.000000
v 0.282474 0.607509 0.015103 200.000000 200.000000 200.000000
v -0.059697 0.398979 0.184913 200.000000 200.000000 200.000000
v 0.296438 0.462764 0.021893 200.000000 200.000000 200.000000
v 0.216681 0.160739 -0.285386 200.000000 200.000000 200.000000
v -0.106999 -0.031654 0.050537 200.000000 200.000000 200.000000
v -0.018833 -0.024460 0.081997 200.000000 200.000000 200.000000
v 0.221530 0.243365 0.094569 200.000000 200.000000 200.000000
v 0.105129 -0.609340 -0.083712 200.000000 200.000000 200.000000
v 0.332467 0.670987 -0.304308 200.000000 200.000000 200.000000
v 0.166795 -0.055463 0.119781 200.000000 200.000000 200.000000
v -0.200574 0.202546 0.296340 200.000000 200.000000 200.000000
v 0.189634 -0.318367 -0.210054 200.000000 200.000000 200.000000
v -0.299094 0.196700 0.367501 200.000000 200.000000 200.000000
v 0.277494 0.689289 -0.404238 200.000000 200.000000 200.000000
v 0.206719 -0.491392 -0.159451 200.000000 200.000000 200.000000
v 0.154560 0.596442 0.040950 200.000000 200.000000 200.000000
v 0.126939 0.104813 0.125053 200.000000 200.000000 200.000000
v -0.242166 0.259907 0.380986 200.000000 200.000000 200.000000
v 0.227140 -0.149654 -0.233962 200.000000 200.000000 200.000000
v 0.105100 0.227697 0.053123 200.000000 200.000000 200.000000
v 0.304951 0.775175 -0.360319 200.000000 200.000000 200.000000
v 0.235538 -0.144383 -0.232085 200.000000 200.000000 200.000000
v 0.300341 -0.157461 -0.167741 200.000000 200.000000 200.000000
v 0.384847 0.620831 -0.413182 200.000000 200.000000 200.000000
v -0.001213 0.010096 -0.062948 200.000000 200.000000 200.000000
v -0.043306 -0.325859 -0.033283 200.000000 200.000000 200.000000
v 0.202462 0.809774 -0.041953 200.000000 200.000000 200.000000
v -0.149899 -0.268464 -0.109508 200.000000 200.000000 200.000000
v -0.211981 -0.287565 -0.067412 200.000000 200.000000 200.000000
v 0.132324 -0.696896 -0.027660 200.000000 200.000000 200.000000
v 0.232767 0.143906 0.071072 200.000000 200.000000 200.000000
v 0.336721 0.310062 -0.237732 200.000000 200.000000 200.000000
v 0.320677 0.188679 -0.051125 200.000000 200.000000 200.000000
v 0.316958 0.268961 -0.025247 200.000000 200.000000 200.000000
v 0.083403 0.675523 -0.007270 200.000000 200.000000 200.000000
v 0.228209 -0.487875 -0.077129 200.000000 200.000000 200.000000
v -0.040400 -0.321340 -0.001215 200.000000 200.000000 200.000000
v 0.146306 -0.761514 -0.004891 200.000000 200.000000 200.000000
v 0.030603 0.763898 -0.175676 200.000000 200.000000 200.000000
v 0.134261 0.000618 -0.201823 200.000000 200.000000 200.000000
v 0.153022 -0.896409 -0.072163 200.000000 200.000000 200.000000
v 0.111213 0.402804 0.147564 200.000000 200.000000 200.000000
v 0.240614 0.419325 -0.311112 200.000000 200.000000 200.000000
v 0.158867 0.406183 -0.254030 200.000000 200.000000 200.000000
v 0.265903 0.313405 -0.304543 200.000000 200.000000 200.000000
v 0.163642 0.812547 -0.204289 200.000000 200.000000 200.000000
v 0.077471 -0.206384 -0.064230 200.000000 200.000000 200.000000
v 0.340987 0.123752 -0.179500 200.000000 200.000000 200.000000
v 0.171014 -0.644005 -0.153341 200.000000 200.000000 200.000000
v 0.368473 0.463918 -0.145859 200.000000 200.000000 200.000000
v -0.401773 0.193911 0.460889 200.000000 200.000000 200.000000
v -0.000369 -0.422577 -0.009784 200.000000 200.000000 200.000000
v 0.123593 -0.368523 -0.052288 200.000000 200.000000 200.000000
v 0.072749 0.147988 -0.101471 200.000000 200.000000 200.000000
v 0.154919 0.819422 0.001167 200.000000 200.000000 200.000000
v 0.112126 0.110328 0.111657 200.000000 200.000000 200.000000
v 0.012382 0.481849 0.043734 200.000000 200.000000 200.000000
v -0.209558 -0.140983 -0.155567 200.000000 200.000000 200.000000
v -0.056687 0.032071 -0.058619 200.000000 200.000000 200.000000
v 0.124474 0.951960 -0.308356 200.000000 200.000000 200.000000
v -0.102848 -0.226512 -0.042468 200.000000 200.000000 200.000000
v 0.212585 0.264488 0.074920 200.000000 200.000000 200.000000
v 0.215638 -0.152240 -0.006592 200.000000 200.000000 200.000000
v 0.139282 0.963014 -0.349610 200.000000 200.000000 200.000000
v -0.197738 0.242936 0.281439 200.000000 200.000000 200.000000
v -0.334591 -0.074946 -0.132675 200.000000 200.000000 200.000000
v 0.060038 0.428710 -0.167985 200.000000 200.000000 200.000000
v -0.030640 0.760821 -0.079854 200.000000 200.000000 200.000000
v 0.162100 -0.010334 0.134752 200.000000 200.000000 200.000000
v 0.304353 0.536147 -0.388927 200.000000 200.000000 200.000000
v -0.205875 0.175776 0.314489 200.000000 200.000000 200.000000
v 0.162757 0.315303 -0.236902 200.000000 200.000000 200.000000
v 0.067388 -0.156066 -0.038303 200.000000 200.000000 200.000000
v 0.228247 0.413418 -0.306529 200.000000 200.000000 200.000000
v -0.288673 0.132274 0.380752 200.000000 200.000000 200.000000
v 0.289823 0.622077 -0.373582 200.000000 200.000000 200.000000
v 0.333054 0.075519 -0.247730 200.000000 200.000000 200.000000
v 0.295452 0.592635 -0.051117 200.000000 200.000000 200.000000
v -0.138886 -0.205533 -0.096054 200.000000 200.000000 200.000000
v 0.335889 0.213386 -0.124471 200.000000 200.000000 200.000000
v 0.289839 0.608134 -0.106166 200.000000 200.000000 200.000000
v 0.290615 0.606432 -0.145201 200.000000 200.000000 200.000000
v -0.041924 0.237995 0.204332 200.000000 200.000000 200.000000
v 0.003736 0.004949 0.086986 200.000000 200.000000 200.000000
v 0.194302 -0.758459 0.003866 200.000000 200.000000 200.000000
v 0.051767 -0.057878 -0.123954 200.000000 200.000000 200.000000
v 0.135573 -0.396207 -0.198189 200.000000 200.000000 200.000000
v 0.203580 0.248030 -0.274950 200.000000 200.000000 200.000000
v 0.241619 -0.671128 -0.101801 200.000000 200.000000 200.000000
v -0.242092 0.214121 0.431411 200.000000 200.000000 200.000000
v -0.101938 0.347299 0.187797 200.000000 200.000000 200.000000
v 0.122355 0.328210 0.117395 200.000000 200.000000 200.000000
v 0.227378 0.911352 -0.360229 200.000000 200.000000 200.000000
v 0.035555 0.461565 -0.070776 200.000000 200.000000 200.000000
v -0.125959 -0.111419 -0.127201 200.000000 200.000000 200.000000
v -0.028483 0.390506 0.226581 200.000000 200.000000 200.000000
v 0.324039 0.182212 -0.242328 200.000000 200.000000 200.000000
v 0.308480 0.299920 -0.025186 200.000000 200.000000 200.000000
v 0.262785 -0.289807 -0.080947 200.000000 200.000000 200.000000
v 0.336642 0.299761 -0.074631 200.000000 200.000000 200.000000
v 0.142370 0.603681 -0.212501 200.000000 200.000000 200.000000
v 0.098309 -0.248601 -0.192011 200.000000 200.000000 200.000000
v 0.294695 0.349071 -0.307349 200.000000 200.000000 200.000000
v 0.079730 0.189434 0.035269 200.000000 200.000000 200.000000
v 0.218348 0.657381 -0.041391 200.000000 200.000000 200.000000
v 0.018958 -0.568144 0.012522 200.000000 200.000000 200.000000
v -0.033433 -0.369597 0.018307 200.000000 200.000000 200.000000
v 0.127420 0.302274 0.105061 200.000000 200.000000 200.000000
v 0.124998 0.017954 0.136703 200.000000 200.000000 200.000000
v 0.008607 -0.147163 -0.071711 200.000000 200.000000 200.000000
v 0.361900 0.586734 -0.152643 200.000000 200.000000 200.000000
v -0.166146 0.155940 0.328376 200.000000 200.000000 200.000000
v 0.371535 0.568438 -0.135531 200.000000 200.000000 200.000000
v -0.296939 0.133245 0.381848 200.000000 200.000000 200.000000
v 0.101676 0.600011 0.049077 200.000000 200.000000 200.000000
v 0.091781 -0.256365 -0.066897 200.000000 200.000000 200.000000
v 0.256754 0.159741 0.055074 200.000000 200.000000 200.000000
v -0.268783 -0.057196 -0.172342 200.000000 200.000000 200.000000
v 0.089311 0.720785 -0.193690 200.000000 200.000000 200.000000
v 0.083318 0.968076 -0.292757 200.000000 200.000000 200.000000
v 0.325441 0.257920 -0.089869 200.000000 200.000000 200.000000
v 0.085856 0.550035 0.102025 200.000000 200.000000 200.000000
v -0.041966 0.266742 0.156780 200.000000 200.000000 200.000000
v 0.009003 0.401848 -0.018937 200.000000 200.000000 200.000000
v 0.026439 0.589048 -0.117437 200.000000 200.000000 200.000000
v 0.334991 -0.044555 -0.029999 200.000000 200.000000 200.000000
v 0.046143 0.070657 0.075163 200.000000 200.000000 200.000000
v 0.314749 0.330348 -0.021948 200.000000 200.000000 200.000000
v -0.070736 0.322034 0.300855 200.000000 200.000000 200.000000
v 0.353104 0.464285 -0.291684 200.000000 200.000000 200.000000
v 0.278636 0.623102 -0.391402 200.000000 200.000000 200.000000
v -0.095749 0.281916 0.329686 200.000000 200.000000 200.000000
v 0.172123 0.635805 0.043904 200.000000 200.000000 200.000000
v -0.004685 0.673719 -0.082170 200.000000 200.000000 200.000000
v 0.274916 0.110099 -0.293970 200.000000 200.000000 200.000000
v 0.385899 0.563555 -0.351108 200.000000 200.000000 200.000000
v -0.156160 -0.020003 -0.122785 200.000000 200.000000 200.000000
v 0.136609 -0.664990 -0.028084 200.000000 200.000000 200.000000
v 0.354510 -0.040423 -0.134996 200.000000 200.000000 200.000000
v -0.032264 -0.583510 0.057577 200.000000 200.000000 200.000000
v 0.029927 0.259555 -0.028066 200.000000 200.000000 200.000000
v 0.043779 -0.166429 -0.078746 200.000000 200.000000 200.000000
v -0.004423 0.834496 -0.049090 200.000000 200.000000 200.000000
v -0.117246 -0.168590 -0.049477 200.000000 200.000000 200.000000
v 0.169645 -0.976179 -0.067284 200.000000 200.000000 200.000000
v 0.321062 0.638535 -0.235518 200.000000 200.000000 200.000000
v 0.089899 -0.464965 -0.178273 200.000000 200.000000 200.000000
v -0.000727 0.761537 -0.024756 200.000000 200.000000 200.000000
v -0.316338 -0.170619 -0.092798 200.000000 200.000000 200.000000
v 0.273079 -0.013965 0.061592 200.000000 200.000000 200.000000
v 0.189575 -0.704631 -0.131151 200.000000 200.000000 200.000000
v 0.253599 -0.120548 -0.221343 200.000000 200.000000 200.000000
v 0.030116 0.007803 -0.106294 200.000000 200.000000 200.000000
v 0.120969 -0.551135 -0.048049 200.000000 200.000000 200.000000
v 0.354459 0.392834 -0.217961 200.000000 200.000000 200.000000
v 0.087964 -0.010550 -0.147354 200.000000 200.000000 200.000000
v -0.094614 0.357050 0.222671 200.000000 200.000000 200.000000
v 0.282553 -0.104046 -0.192626 200.000000 200.000000 200.000000
v -0.223745 -0.079218 -0.166741 200.000000 200.000000 200.000000
v 0.150574 -0.122460 0.082376 200.000000 200.000000 200.000000
v 0.155698 0.718545 -0.181369 200.000000 200.000000 200.000000
v -0.092760 0.196333 0.311109 200.000000 200.000000 200.000000
v 0.021237 0.016005 -0.071544 200.000000 200.000000 200.000000
v 0.256549 0.567872 0.083478 200.000000 200.000000 200.000000
v 0.311798 0.059442 -0.012428 200.000000 200.000000 200.000000
v -0.085380 0.251300 0.301021 200.000000 200.000000 200.000000
v 0.231530 0.889655 -0.346456 200.000000 200.000000 200.000000
v 0.336334 0.374001 -0.086575 200.000000 200.000000 200.000000
v 0.190820 0.630929 0.002200 200.000000 200.000000 200.000000
v -0.277057 0.229607 0.369366 200.000000 200.000000 200.000000
v 0.076394 -0.154637 -0.050247 200.000000 200.000000 200.000000
v -0.095252 0.238728 0.206232 200.000000 200.000000 200.000000
v 0.030306 0.432780 -0.084224 200.000000 200.000000 200.000000
v 0.033581 0.252260 0.026225 200.000000 200.000000 200.000000
v 0.150590 0.444039 -0.230608 200.000000 200.000000 200.000000
v -0.126263 -0.169211 -0.062950 200.000000 200.000000 200.000000
v 0.272767 0.597354 -0.276547 200.000000 200.000000 200.000000
v 0.105719 0.164201 -0.149029 200.000000 200.000000 200.000000
v 0.117070 0.120800 -0.236561 200.000000 200.000000 200.000000
v -0.253528 -0.163903 -0.148535 200.000000 200.000000 200.000000
v -0.044203 -0.556272 0.023059 200.000000 200.000000 200.000000
v -0.365448 0.123575 0.453435 200.000000 200.000000 200.000000
v -0.360591 0.217175 0.433766 200.000000 200.000000 200.000000
v 0.022721 0.123526 -0.028204 200.000000 200.000000 200.000000
v 0.074594 0.177210 -0.013125 200.000000 200.000000 200.000000
v 0.128740 -0.041268 -0.193948 200.000000 200.000000 200.000000
v 0.078809 -0.549310 -0.134594 200.000000 200.000000 200.000000
v 0.211368 -0.733228 -0.117947 200.000000 200.000000 200.000000
v 0.169755 -0.444663 -0.192761 200.000000 200.000000 200.000000
v 0.123065 -0.285476 -0.214873 200.000000 200.000000 200.000000
v 0.372514 0.473093 -0.229663 200.000000 200.000000 200.000000
v 0.259691 -0.235250 -0.172670 200.000000 200.000000 200.000000
v 0.214171 -0.922965 -0.018761 200.000000 200.000000 200.000000
v 0.283086 -0.069987 0.028186 200.000000 200.000000 200.000000
v 0.180485 -0.446736 -0.186246 200.000000 200.000000 200.000000
v 0.209427 -0.109131 0.072935 200.000000 200.000000 200.000000
v 0.110518 0.380929 0.151185 200.000000 200.000000 200.000000
v 0.039871 -0.217285 -0.087556 200.000000 200.000000 200.000000
v 0.114632 -0.930891 -0.060995 200.000000 200.000000 200.000000
v 0.284218 0.491264 0.013025 200.000000 200.000000 200.000000
v 0.264412 -0.266127 -0.145888 200.000000 200.000000 200.000000
v -0.165747 -0.170466 -0.104582 200.000000 200.000000 200.000000
v -0.134964 -0.393713 0.005419 200.000000 200.000000 200.000000
v 0.300218 0.001600 0.023086 200.000000 200.000000 200.000000
v 0.039263 0.286162 0.158741 200.000000 200.000000 200.000000
v 0.117376 0.713703 -0.185364 200.000000 200.000000 200.000000
v 0.104074 0.371330 -0.197786 200.000000 200.000000 200.000000
v 0.395440 0.593475 -0.318519 200.000000 200.000000 200.000000
v 0.017150 0.274957 -0.060641 200.000000 200.000000 200.000000
v -0.039909 0.236827 0.220640 200.000000 200.000000 200.000000
v 0.151208 0.406889 -0.238808 200.000000 200.000000 200.000000
v 0.063201 -0.256408 -0.131918 200.000000 200.000000 200.000000
v 0.070344 0.856019 -0.031704 200.000000 200.000000 200.000000
v -0.048658 0.021090 0.062929 200.000000 200.000000 200.000000
v -0.040124 0.049544 0.001126 200.000000 200.000000 200.000000
v 0.143080 0.132013 0.126357 200.000000 200.000000 200.000000
v 0.117182 0.175897 -0.175230 200.000000 200.000000 200.000000
v 0.190510 -0.642440 -0.149366 200.000000 200.000000 200.000000
v 0.080495 0.784768 -0.197199 200.000000 200.000000 200.000000
v 0.072453 0.254283 -0.183757 200.000000 200.000000 200.000000
v 0.038546 0.100399 -0.152271 200.000000 200.000000 200.000000
v 0.162726 0.347785 0.108543 200.000000 200.000000 200.000000
v 0.243072 -0.329308 -0.154499 200.000000 200.000000 200.000000
v 0.317899 -0.165574 -0.119379 200.000000 200.000000 200.000000
v 0.155162 -0.467851 -0.176050 200.000000 200.000000 200.000000
v 0.041611 -0.086807 -0.123117 200.000000 200.000000 200.000000
v 0.343936 0.361581 -0.120564 200.000000 200.000000 200.000000
v 0.351778 0.310841 -0.139212 200.000000 200.000000 200.000000
v -0.007589 -0.662818 0.004800 200.000000 200.000000 200.000000
v -0.098230 -0.314423 0.032069 200.000000 200.000000 200.000000
v 0.159659 0.168812 0.093064 200.000000 200.000000 200.000000
v 0.108428 0.875155 -0.101602 200.000000 200.000000 200.000000
v -0.011942 -0.661808 0.018797 200.000000 200.000000 200.000000
v 0.241562 -0.229714 -0.203844 200.000000 200.000000 200.000000
v 0.336416 0.378021 -0.257436 200.000000 200.000000 200.000000
v 0.211379 -0.854853 -0.077060 200.000000 200.000000 200.000000
v -0.246475 -0.252647 -0.042508 200.000000 200.000000 200.000000
v 0.236818 0.786611 -0.460652 200.000000 200.000000 200.000000
v -0.338220 -0.114273 -0.130248 200.000000 200.000000 200.000000
v 0.275831 0.163117 0.036922 200.000000 200.000000 200.000000
v -0.276078 0.218212 0.436325 200.000000 200.000000 200.000000
v -0.129345 0.215246 0.252643 200.000000 200.000000 200.000000
v 0.128823 0.852484 -0.030789 200.000000 200.000000 200.000000
v 0.115990 -0.064508 -0.186321 200.000000 200.000000 200.000000
v -0.060739 -0.495355 0.019268 200.000000 200.000000 200.000000
v 0.113125 -0.429336 -0.172245 200.000000 200.000000 200.000000
v 0.069641 0.555704 -0.098704 200.000000 200.000000 200.000000
v 0.143073 0.202849 0.098015 200.000000 200.000000 200.000000
v 0.147358 0.592034 0.089476 200.000000 200.000000 200.000000
v -0.015238 0.242646 0.192005 200.000000 200.000000 200.000000
v 0.250567 -0.323923 -0.146391 200.000000 200.000000 200.000000
v -0.225145 0.257041 0.317649 200.000000 200.000000 200.000000
v -0.293367 -0.067863 -0.032982 200.000000 200.000000 200.000000
v -0.132968 0.025262 -0.070345 200.000000 200.000000 200.000000
v 0.088259 0.232803 -0.180803 200.000000 200.000000 200.000000
v 0.117170 -0.544904 -0.173246 200.000000 200.000000 200.000000
v 0.324431 -0.045918 -0.014792 200.000000 200.000000 200.000000
v 0.131701 -0.779254 -0.096695 200.000000 200.000000 200.000000
v -0.100831 0.241086 0.328549 200.000000 200.000000 200.000000
v 0.234832 -0.668770 -0.029970 200.000000 200.000000 200.000000
v -0.349903 0.207120 0.486963 200.000000 200.000000 200.000000
v 0.285963 0.289847 -0.302557 200.000000 200.000000 200.000000
v 0.232543 -0.766329 -0.018829 200.000000 200.000000 200.000000
v 0.082003 0.271507 -0.200391 200.000000 200.000000 200.000000
v 0.259309 0.300880 0.032762 200.000000 200.000000 200.000000
v 0.037491 0.142866 -0.050253 200.000000 200.000000 200.000000
v -0.184120 -0.305706 -0.076134 200.000000 200.000000 200.000000
v 0.187574 0.565434 -0.223836 200.000000 200.000000 200.000000
v 0.279183 0.636564 -0.402806 200.000000 200.000000 200.000000
v 0.090104 -0.466361 -0.084079 200.000000 200.000000 200.000000
v 0.292963 0.830120 -0.465267 200.000000 200.000000 200.000000
v 0.245821 -0.621169 -0.090847 200.000000 200.000000 200.000000
v 0.054749 0.592524 -0.161051 200.000000 200.000000 200.000000
v -0.080717 -0.168783 -0.043817 200.000000 200.000000 200.000000
v 0.046046 -0.067016 -0.123816 200.000000 200.000000 200.000000
v 0.277942 -0.173995 -0.040051 200.000000 200.000000 200.000000
v -0.002895 0.434724 0.045408 200.000000 200.000000 200.000000
v 0.143342 0.727975 -0.003409 200.000000 200.000000 200.000000
v 0.221123 -0.651654 -0.130394 200.000000 200.000000 200.000000
v -0.013482 -0.520557 -0.018040 200.000000 200.000000 200.000000
v -0.064089 -0.379130 0.041085 200.000000 200.000000 200.000000
v -0.055908 -0.335079 0.032766 200.000000 200.000000 200.000000
v -0.358211 0.127982 0.469629 200.000000 200.000000 200.000000
v 0.039958 0.302614 0.062149 200.000000 200.000000 200.000000
v 0.205668 0.739362 -0.085592 200.000000 200.000000 200.000000
v 0.188497 0.440407 -0.264442 200.000000 200.000000 200.000000
v 0.382723 0.510513 -0.146953 200.000000 200.000000 200.000000
v 0.126072 -0.815089 -0.013843 200.000000 200.000000 200.000000
v -0.115766 -0.211062 -0.061273 200.000000 200.000000 200.000000
v -0.292826 -0.064137 -0.033888 200.000000 200.000000 200.000000
v 0.145992 0.708102 -0.011746 200.000000 200.000000 200.000000
v 0.143357 -0.381198 -0.206794 200.000000 200.000000 200.000000
v 0.338433 0.270271 -0.214982 200.000000 200.000000 200.000000
v 0.230165 0.429270 -0.279619 200.000000 200.000000 200.000000
v 0.070947 0.494546 -0.084524 200.000000 200.000000 200.000000
v 0.082719 0.155875 -0.131213 200.000000 200.000000 200.000000
v 0.007087 0.746874 -0.018816 200.000000 200.000000 200.000000
v -0.035763 -0.580364 0.044605 200.000000 200.000000 200.000000
v 0.317372 0.313993 -0.279772 200.000000 200.000000 200.000000
v 0.047960 0.315099 -0.091665 200.000000 200.000000 200.000000
v 0.005857 0.738270 -0.019743 200.000000 200.000000 200.000000
v 0.362718 0.502767 -0.063945 200.000000 200.000000 200.000000
v 0.276578 0.602001 -0.324613 200.000000 200.000000 200.000000
v -0.044092 -0.126281 0.025717 200.000000 200.000000 200.000000
v -0.046058 0.317269 0.120001 200.000000 200.000000 200.000000
v 0.057748 0.289412 0.071641 200.000000 200.000000 200.000000
v 0.124545 -0.789124 -0.034628 200.000000 200.000000 200.000000
v -0.004942 0.458631 0.062664 200.000000 200.000000 200.000000
v 0.095458 0.624863 -0.022653 200.000000 200.000000 200.000000
v 0.067362 0.542084 0.012975 200.000000 200.000000 200.000000
v 0.272577 0.779397 -0.482899 200.000000 200.000000 200.000000
v -0.257396 0.151868 0.436981 200.000000 200.000000 200.000000
v 0.190075 0.726665 -0.042085 200.000000 200.000000 200.000000
v 0.057119 0.813852 -0.201765 200.000000 200.000000 200.000000
v 0.086668 -0.436693 -0.086096 200.000000 200.000000 200.000000
v 0.075756 0.419365 0.173651 200.000000 200.000000 200.000000
v 0.148002 -0.711894 -0.126035 200.000000 200.000000 200.000000
v 0.176240 -0.639181 -0.153683 200.000000 200.000000 200.000000
v -0.033940 -0.606112 0.051319 200.000000 200.000000 200.000000
v 0.202024 -0.741905 -0.119067 200.000000 200.000000 200.000000
v 0.278417 -0.015441 0.055855 200.000000 200.000000 200.000000
v 0.065570 0.173638 -0.107147 200.000000 200.000000 200.000000
v 0.332921 0.130052 -0.251772 200.000000 200.000000 200.000000
v 0.194542 0.724306 -0.054910 200.000000 200.000000 200.000000
v 0.282632 0.612174 -0.321995 200.000000 200.000000 200.000000
v 0.062639 0.921381 -0.290851 200.000000 200.000000 200.000000
v 0.171654 0.871844 -0.335422 200.000000 200.000000 200.000000
v -0.086978 -0.259860 -0.049576 200.000000 200.000000 200.000000
v 0.393099 0.704401 -0.396011 200.000000 200.000000 200.000000
v 0.354816 0.646623 -0.454066 200.000000 200.000000 200.000000
v 0.382695 0.526506 -0.280702 200.000000 200.000000 200.000000
v -0.000534 0.255707 0.247441 200.000000 200.000000 200.000000
v -0.299693 -0.135123 -0.151901 200.000000 200.000000 200.000000
v 0.132192 0.134486 -0.242601 200.000000 200.000000 200.000000
v 0.334973 0.370748 -0.276050 200.000000 200.000000 200.000000
v 0.282658 0.542583 -0.352537 200.000000 200.000000 200.000000
v 0.251139 0.327508 -0.298676 200.000000 200.000000 200.000000
v 0.136083 -0.838131 -0.087031 200.000000 200.000000 200.000000
v 0.297008 0.645113 -0.460084 200.000000 200.000000 200.000000
v -0.157388 -0.372490 -0.028418 200.000000 200.000000 200.000000
v 0.115641 -0.508613 -0.050566 200.000000 200.000000 200.000000
v 0.211669 -0.807124 0.003772 200.000000 200.000000 200.000000
v 0.147371 -0.645343 -0.140818 200.000000 200.000000 200.000000
v 0.168541 0.919487 -0.404651 200.000000 200.000000 200.000000
v -0.105359 0.282434 0.338484 200.000000 200.000000 200.000000
v -0.259873 0.244965 0.414096 200.000000 200.000000 200.000000
v -0.166288 -0.360607 -0.018943 200.000000 200.000000 200.000000
v 0.355884 -0.047323 -0.122697 200.000000 200.000000 200.000000
v 0.186748 0.135814 0.105538 200.000000 200.000000 200.000000
v 0.059571 0.293166 0.137969 200.000000 200.000000 200.000000
v -0.183406 -0.201901 0.019101 200.000000 200.000000 200.000000
v 0.127439 -0.423684 -0.035266 200.000000 200.000000 200.000000
v -0.053139 -0.024079 -0.094277 200.000000 200.000000 200.000000
v 0.272954 0.433301 0.044750 200.000000 200.000000 200.000000
v -0.024668 -0.627857 -0.004057 200.000000 200.000000 200.000000
v 0.361733 0.775066 -0.389744 200.000000 200.000000 200.000000
v 0.179466 0.065899 0.128021 200.000000 200.000000 200.000000
v 0.255600 0.406498 0.059338 200.000000 200.000000 200.000000
v 0.083610 -0.532905 -0.116255 200.000000 200.000000 200.000000
v 0.343211 0.330887 -0.139712 200.000000 200.000000 200.000000
v -0.041779 -0.475973 -0.023423 200.000000 200.000000 200.000000
v -0.084539 0.338242 0.158043 200.000000 200.000000 200.000000
v 0.179677 0.881989 -0.330049 200.000000 200.000000 200.000000
v 0.137109 0.585705 -0.183415 200.000000 200.000000 200.000000
v 0.309254 0.536220 -0.020139 200.000000 200.000000 200.000000
v 0.151641 -0.148511 0.050923 200.000000 200.000000 200.000000
v 0.072278 -0.337120 -0.101012 200.000000 200.000000 200.000000
v 0.068027 0.620769 -0.160157 200.000000 200.000000 200.000000
v 0.338964 0.326345 -0.120780 200.000000 200.000000 200.000000
v 0.124714 -0.501255 -0.177416 200.000000 200.000000 200.000000
v 0.127110 -0.161253 0.006231 200.000000 200.000000 200.000000
v 0.170965 0.599278 0.048987 200.000000 200.000000 200.000000
v -0.008046 0.379790 0.041459 200.000000 200.000000 200.000000
v 0.208969 -0.259553 -0.036342 200.000000 200.000000 200.000000
v 0.049112 0.922535 -0.313670 200.000000 200.000000 200.000000
v 0.002375 0.646266 -0.058084 200.000000 200.000000 200.000000
v -0.229675 -0.264971 -0.073824 200.000000 200.000000 200.000000
v 0.215346 0.652879 -0.048733 200.000000 200.000000 200.000000
v 0.364791 0.754923 -0.385799 200.000000 200.000000 200.000000
v 0.224019 0.427474 0.084772 200.000000 200.000000 200.000000
v 0.045114 -0.976328 -0.104099 200.000000 200.000000 200.000000
v 0.384195 0.753587 -0.456125 200.000000 200.000000 200.000000
v 0.276542 0.271048 -0.303237 200.000000 200.000000 200.000000
v 0.190719 -0.596081 -0.153630 200.000000 200.000000 200.000000
v 0.145934 -0.310372 -0.219125 200.000000 200.000000 200.000000
v 0.234255 0.257759 0.075782 200.000000 200.000000 200.000000
v -0.037365 0.420715 0.156943 200.000000 200.000000 200.000000
v 0.070779 -0.355955 -0.123589 200.000000 200.000000 200.000000
v 0.292838 -0.088971 0.005714 200.000000 200.000000 200.000000
v 0.247508 0.076515 -0.290926 200.000000 200.000000 200.000000
v 0.028000 0.133824 0.000584 200.000000 200.000000 200.000000
v 0.016499 -0.567184 0.026788 200.000000 200.000000 200.000000
v 0.214071 0.898742 -0.339216 200.000000 200.000000 200.000000
v 0.054725 0.072601 -0.147880 200.000000 200.000000 200.000000
v 0.199992 -0.661910 -0.140392 200.000000 200.000000 200.000000
v 0.270297 0.339278 0.031995 200.000000 200.000000 200.000000
v 0.232919 0.498345 -0.273152 200.000000 200.000000 200.000000
v -0.026322 0.819344 -0.079241 200.000000 200.000000 200.000000
v 0.175288 0.567660 -0.180671 200.000000 200.000000 200.000000
v 0.395983 0.549928 -0.207470 200.000000 200.000000 200.000000
v 0.296104 0.630805 -0.423451 200.000000 200.000000 200.000000
v -0.050081 -0.516199 0.038560 200.000000 200.000000 200.000000
v 0.106143 0.146751 0.110948 200.000000 200.000000 200.000000
v 0.009217 0.316758 0.232997 200.000000 200.000000 200.000000
v 0.040959 0.086570 0.079563 200.000000 200.000000 200.000000
v 0.321580 0.483871 -0.010513 200.000000 200.000000 200.000000
v -0.068221 -0.168710 -0.054744 200.000000 200.000000 200.000000
v -0.026547 0.761446 -0.079314 200.000000 200.000000 200.000000
v 0.227547 0.645080 -0.134905 200.000000 200.000000 200.000000
v 0.313040 0.105830 -0.033740 200.000000 200.000000 200.000000
v 0.338907 0.116399 -0.077064 200.000000 200.000000 200.000000
v 0.346335 0.720695 -0.353171 200.000000 200.000000 200.000000
v 0.210965 0.799959 -0.429134 200.000000 200.000000 200.000000
v 0.182873 0.944312 -0.368003 200.000000 200.000000 200.000000
v 0.086640 -0.466578 -0.092813 200.000000 200.000000 200.000000
v 0.222374 -0.234747 -0.040719 200.000000 200.000000 200.000000
v 0.098022 -0.988671 -0.130396 200.000000 200.000000 200.000000
v 0.032530 -0.152932 -0.054974 200.000000 200.000000 200.000000
v -0.054329 0.001411 -0.083740 200.000000 200.000000 200.000000
v -0.245575 -0.107033 -0.169324 200.000000 200.000000 200.000000
v 0.378967 0.507642 -0.135358 200.000000 200.000000 200.000000
v 0.031834 -0.999303 -0.087167 200.000000 200.000000 200.000000
v 0.134655 -0.790261 -0.097844 200.000000 200.000000 200.000000
v 0.330738 0.139258 -0.254678 200.000000 200.000000 200.000000
v 0.184654 0.394668 0.109579 200.000000 200.000000 200.000000
v -0.093262 -0.143119 -0.099630 200.000000 200.000000 200.000000
v -0.050634 0.777634 -0.094836 200.000000 200.000000 200.000000
v 0.154047 -0.066038 0.119514 200.000000 200.000000 200.000000
v -0.116436 -0.241788 -0.087035 200.000000 200.000000 200.000000
v 0.044086 0.484140 -0.027143 200.000000 200.000000 200.000000
v 0.261637 0.001149 -0.245501 200.000000 200.000000 200.000000
v -0.144619 -0.105550 -0.134647 200.000000 200.000000 200.000000
v -0.071617 -0.162038 -0.074863 200.000000 200.000000 200.000000
v 0.243402 -0.634642 -0.052311 200.000000 200.000000 200.000000
v -0.240306 -0.003650 -0.104210 200.000000 200.000000 200.000000
v 0.093362 -0.216351 -0.185996 200.000000 200.000000 200.000000
v 0.015895 -0.541420 0.018555 200.000000 200.000000 200.000000
v -0.157788 -0.371569 -0.030419 200.000000 200.000000 200.000000
v 0.178829 -0.112938 0.084076 200.000000 200.000000 200.000000
v 0.088474 -0.208895 -0.179546 200.000000 200.000000 200.000000
v 0.262365 0.279935 -0.301569 200.000000 200.000000 200.000000
v 0.011335 0.273095 -0.003009 200.000000 200.000000 200.000000
v 0.091168 0.101083 -0.213141 200.000000 200.000000 200.000000
v 0.125190 -0.788145 -0.071783 200.000000 200.000000 200.000000
v -0.123626 -0.303688 0.029385 200.000000 200.000000 200.000000
v 0.034980 0.494045 0.153206 200.000000 200.000000 200.000000
v 0.354741 0.736885 -0.501387 200.000000 200.000000 200.000000
v -0.047373 0.016118 -0.070548 200.000000 200.000000 200.000000
v 0.030623 0.513860 0.130059 200.000000 200.000000 200.000000
v 0.264708 0.579787 -0.296801 200.000000 200.000000 200.000000
v 0.154661 -0.461715 -0.179001 200.000000 200.000000 200.000000
v -0.000680 0.420943 0.026049 200.000000 200.000000 200.000000
v -0.111588 0.186071 0.320275 200.000000 200.000000 200.000000
v 0.244657 0.616165 -0.165940 200.000000 200.000000 200.000000
v 0.107400 0.023923 0.135252 200.000000 200.000000 200.000000
v 0.282685 0.594198 -0.350932 200.000000 200.000000 200.000000
v -0.022419 0.761536 -0.099784 200.000000 200.000000 200.000000
v -0.312621 -0.140573 -0.055392 200.000000 200.000000 200.000000
v 0.091278 -0.490948 -0.176642 200.000000 200.000000 200.000000
v 0.189050 -0.427625 -0.176465 200.000000 200.000000 200.000000
v 0.343354 0.152542 -0.184561 200.000000 200.000000 200.000000
v -0.095698 0.204280 0.270943 200.000000 200.000000 200.000000
v 0.210164 0.830204 -0.100635 200.000000 200.000000 200.000000
v 0.349224 0.069161 -0.130563 200.000000 200.000000 200.000000
v 0.137011 0.493930 -0.205874 200.000000 200.000000 200.000000
v 0.138882 0.768668 -0.001647 200.000000 200.000000 200.000000
v 0.131450 -0.999684 -0.085311 200.000000 200.000000 200.000000
v 0.048952 -0.069002 0.100336 200.000000 200.000000 200.000000
v 0.245272 0.533067 0.097520 200.000000 200.000000 200.000000
v 0.096210 -0.159267 -0.020995 200.000000 200.000000 200.000000
v 0.137153 0.510902 0.119144 200.000000 200.000000 200.000000
v 0.024607 0.773614 0.005656 200.000000 200.000000 200.000000
v 0.335328 0.146930 -0.199309 200.000000 200.000000 200.000000
v -0.056767 -0.411536 -0.044197 200.000000 200.000000 200.000000
v 0.051601 0.066090 -0.140233 200.000000 200.000000 200.000000
v 0.079311 0.125003 -0.193052 200.000000 200.000000 200.000000
v 0.120493 0.928731 -0.297890 200.000000 200.000000 200.000000
v 0.131226 -0.143337 -0.218226 200.000000 200.000000 200.000000
v -0.362474 0.217947 0.429144 200.000000 200.000000 200.000000
v 0.064698 -0.052457 0.110179 200.000000 200.000000 200.000000
v 0.401792 0.606543 -0.352096 200.000000 200.000000 200.000000
v 0.159150 0.837025 -0.392860 200.000000 200.000000 200.000000
v -0.007744 0.054571 0.028970 200.000000 200.000000 200.000000
v 0.243967 0.753508 -0.403561 200.000000 200.000000 200.000000
v 0.161156 0.314136 0.096749 200.000000 200.000000 200.000000
v -0.006969 0.815914 -0.151924 200.000000 200.000000 200.000000
v -0.195868 -0.065060 -0.155992 200.000000 200.000000 200.000000
v -0.306892 -0.182941 -0.083950 200.000000 200.000000 200.000000
v 0.273762 0.783655 -0.481903 200.000000 200.000000 200.000000
v 0.280385 -0.248025 -0.110698 200.000000 200.000000 200.000000
v 0.274957 0.605888 -0.294105 200.000000 200.000000 200.000000
v -0.192729 -0.278163 0.005117 200.000000 200.000000 200.000000
v 0.130415 0.033116 0.136504 200.000000 200.000000 200.000000
v 0.277879 0.819245 -0.474481 200.000000 200.000000 200.000000
v 0.186118 0.478936 -0.246931 200.000000 200.000000 200.000000
v 0.189433 -0.590182 -0.155104 200.000000 200.000000 200.000000
v 0.000870 0.433799 0.182715 200.000000 200.000000 200.000000
v 0.364787 0.432584 -0.209234 200.000000 200.000000 200.000000
v 0.243656 0.467380 -0.298061 200.000000 200.000000 200.000000
v 0.255133 -0.306780 -0.069712 200.000000 200.000000 200.000000
v -0.166235 0.304771 0.339794 200.000000 200.000000 200.000000
v -0.014730 0.756662 -0.045020 200.000000 200.000000 200.000000
v 0.383254 0.763885 -0.421277 200.000000 200.000000 200.000000
v -0.238279 0.210221 0.423876 200.000000 200.000000 200.000000
v 0.358465 0.626674 -0.222528 200.000000 200.000000 200.000000
v 0.320336 0.104964 -0.260754 200.000000 200.000000 200.000000
v 0.169246 -0.999578 -0.008893 200.000000 200.000000 200.000000
v 0.197789 0.924129 -0.416378 200.000000 200.000000 200.000000
v 0.057171 0.001968 -0.088364 200.000000 200.000000 200.000000
v 0.335778 -0.014524 -0.240022 200.000000 200.000000 200.000000
v 0.062863 0.019985 -0.145673 200.000000 200.000000 200.000000
v -0.129146 0.218273 0.350158 200.000000 200.000000 200.000000
v 0.339324 0.143651 -0.148091 200.000000 200.000000 200.000000
v 0.066663 0.173142 -0.106397 200.000000 200.000000 200.000000
v 0.129949 -0.141698 0.061625 200.000000 200.000000 200.000000
v 0.350132 0.459394 -0.067177 200.000000 200.000000 200.000000
v -0.208664 0.251498 0.296225 200.000000 200.000000 200.000000
v 0.125627 -0.321558 -0.211396 200.000000 200.000000 200.000000
v 0.346399 0.605428 -0.156519 200.000000 200.000000 200.000000
v 0.300169 0.182827 -0.288311 200.000000 200.000000 200.000000
v 0.333265 0.071072 -0.252343 200.000000 200.000000 200.000000
v 0.093312 0.170166 0.042050 200.000000 200.000000 200.000000
v -0.094477 0.261244 0.324904 200.000000 200.000000 200.000000
v 0.119110 0.814882 -0.203601 200.000000 200.000000 200.000000
v 0.344832 0.027684 -0.153578 200.000000 200.000000 200.000000
v -0.249297 -0.240779 -0.031647 200.000000 200.000000 200.000000
v -0.040161 -0.071851 0.063462 200.000000 200.000000 200.000000
v 0.114035 -0.073821 -0.185037 200.000000 200.000000 200.000000
v 0.172341 0.412493 -0.258017 200.000000 200.000000 200.000000
v 0.355973 0.511642 -0.336724 200.000000 200.000000 200.000000
v -0.338418 -0.120422 -0.086898 200.000000 200.000000 200.000000
v -0.326118 -0.134000 -0.132707 200.000000 200.000000 200.000000
v 0.359742 0.367299 -0.181117 200.000000 200.000000 200.000000
v 0.008485 0.323224 0.233133 200.000000 200.000000 200.000000
v -0.022302 -0.378363 0.006166 200.000000 200.000000 200.000000
v 0.195652 0.112251 -0.276725 200.000000 200.000000 200.000000
v 0.043189 0.284060 -0.138290 200.000000 200.000000 200.000000
v 0.056403 -0.104808 0.081501 200.000000 200.000000 200.000000
v 0.153536 0.906348 -0.408754 200.000000 200.000000 200.000000
v 0.068191 -0.218907 -0.070194 200.000000 200.000000 200.000000
v -0.111690 -0.211614 -0.034001 200.000000 200.000000 200.000000
v -0.003278 0.054300 0.050535 200.000000 200.000000 200.000000
v 0.071229 0.637684 -0.018476 200.000000 200.000000 200.000000
v 0.009488 0.329666 0.052668 200.000000 200.000000 200.000000
v 0.160062 0.762469 -0.009025 200.000000 200.000000 200.000000
v 0.025506 0.740791 -0.007001 200.000000 200.000000 200.000000
v 0.173042 0.838003 -0.177096 200.000000 200.000000 200.000000
v 0.387227 0.563478 -0.264481 200.000000 200.000000 200.000000
v 0.216981 -0.901271 -0.023955 200.000000 200.000000 200.000000
v 0.109571 0.729483 -0.002306 200.000000 200.000000 200.000000
v 0.229269 0.914326 -0.401255 200.000000 200.000000 200.000000
v 0.145009 0.267071 -0.225043 200.000000 200.000000 200.000000
v 0.096645 -0.224589 -0.057546 200.000000 200.000000 200.000000
v 0.131888 -0.497022 -0.172675 200.000000 200.000000 200.000000
v 0.277445 0.607682 -0.327013 200.000000 200.000000 200.000000
v -0.317116 -0.118500 -0.054943 200.000000 200.000000 200.000000
v 0.219713 -0.480641 -0.059053 200.000000 200.000000 200.000000
v 0.184526 0.131320 -0.270103 200.000000 200.000000 200.000000
v 0.206411 0.744954 -0.102300 200.000000 200.000000 200.000000
v -0.059026 -0.078965 0.053721 200.000000 200.000000 200.000000
v 0.225475 -0.002804 -0.254114 200.000000 200.000000 200.000000
v 0.333139 0.307233 -0.242972 200.000000 200.000000 200.000000
v 0.327524 0.220590 -0.147448 200.000000 200.000000 200.000000
v -0.144979 0.323623 0.305802 200.000000 200.000000 200.000000
v 0.342751 0.335743 -0.106365 200.000000 200.000000 200.000000
v 0.252912 0.422546 0.061877 200.000000 200.000000 200.000000
v 0.138106 -0.084543 0.112225 200.000000 200.000000 200.000000
v 0.339710 0.081921 -0.088583 200.000000 200.000000 200.000000
v 0.112775 0.127181 -0.234854 200.000000 200.000000 200.000000
v 0.315079 0.170741 -0.040633 200.000000 200.000000 200.000000
v -0.012038 -0.500668 0.071585 200.000000 200.000000 200.000000
v -0.043539 -0.391003 0.041554 200.000000 200.000000 200.000000
v 0.345607 0.332130 -0.187839 200.000000 200.000000 200.000000
v 0.188482 -0.320140 -0.035564 200.000000 200.000000 200.000000
v 0.295205 0.549498 0.042444 200.000000 200.000000 200.000000
v 0.289739 0.404882 0.014653 200.000000 200.000000 200.000000
v 0.051724 0.072717 0.082634 200.000000 200.000000 200.000000
v 0.195203 -0.300602 -0.212173 200.000000 200.000000 200.000000
v 0.402009 0.594791 -0.356271 200.000000 200.000000 200.000000
v 0.327246 -0.104378 -0.040496 200.000000 200.000000 200.000000
v 0.016873 0.103664 -0.003300 200.000000 200.000000 200.000000
v 0.260403 0.872628 -0.439712 200.000000 200.000000 200.000000
v 0.072348 -0.160715 -0.159969 200.000000 200.000000 200.000000
v -0.013065 0.705948 -0.063837 200.000000 200.000000 200.000000
v 0.124851 -0.157176 0.027539 200.000000 200.000000 200.000000
v 0.340199 0.071658 -0.066106 200.000000 200.000000 200.000000
v 0.034304 0.051224 -0.120787 200.000000 200.000000 200.000000
v 0.043329 -0.097230 -0.127762 200.000000 200.000000 200.000000
v -0.265811 0.238822 0.417843 200.000000 200.000000 200.000000
v 0.062304 -0.093300 0.091941 200.000000 200.000000 200.000000
v 0.021080 -0.501346 0.013493 200.000000 200.000000 200.000000
v 0.092398 -0.343938 -0.180566 200.000000 200.000000 200.000000
v 0.322108 0.716101 -0.360558 200.000000 200.000000 200.000000
v 0.100885 0.058557 -0.217188 200.000000 200.000000 200.000000
v -0.016689 -0.595903 0.077187 200.000000 200.000000 200.000000
v 0.013591 -0.590428 0.027257 200.000000 200.000000 200.000000
v 0.173837 0.564495 -0.183242 200.000000 200.000000 200.000000
v 0.196266 -0.272273 -0.033298 200.000000 200.000000 200.000000
v 0.049588 0.482265 -0.070083 200.000000 200.000000 200.000000
v -0.201738 0.158007 0.320060 200.000000 200.000000 200.000000
v 0.041945 0.057906 -0.129060 200.000000 200.000000 200.000000
v 0.207591 0.933000 -0.377633 200.000000 200.000000 200.000000
v 0.021222 0.585102 -0.104300 200.000000 200.000000 200.000000
v -0.169415 -0.113779 -0.138679 200.000000 200.000000 200.000000
v 0.374082 0.768086 -0.406715 200.000000 200.000000 200.000000
v 0.184559 0.652074 -0.007723 200.000000 200.000000 200.000000
v 0.136776 0.642330 0.074536 200.000000 200.000000 200.000000
v 0.223440 -0.214707 -0.036293 200.000000 200.000000 200.000000
v 0.211828 -0.884683 0.004109 200.000000 200.000000 200.000000
v 0.125043 0.185870 -0.235943 200.000000 200.000000 200.000000
v 0.362358 0.595585 -0.152981 200.000000 200.000000 200.000000
v 0.068435 0.556644 -0.100186 200.000000 200.000000 200.000000
v 0.053726 0.256972 -0.168299 200.000000 200.000000 200.000000
v 0.038887 0.179797 -0.098706 200.000000 200.000000 200.000000
v 0.303635 0.594760 -0.118054 200.000000 200.000000 200.000000
v 0.050883 -0.983346 -0.120480 200.000000 200.000000 200.000000
v 0.226388 -0.809058 -0.009101 200.000000 200.000000 200.000000
v -0.060240 0.004378 -0.085427 200.000000 200.000000 200.000000
v 0.310820 0.291103 -0.280400 200.000000 200.000000 200.000000
v 0.354434 0.424603 -0.237996 200.000000 200.000000 200.000000
v 0.339372 0.160956 -0.146904 200.000000 200.000000 200.000000
v 0.055935 0.881575 -0.117648 200.000000 200.000000 200.000000
v 0.081544 0.192926 -0.210270 200.000000 200.000000 200.000000
v 0.262923 0.199220 0.064037 200.000000 200.000000 200.000000
v 0.250678 -0.093892 0.045402 200.000000 200.000000 200.000000
v 0.248991 0.659458 -0.068175 200.000000 200.000000 200.000000
v -0.164955 -0.151381 -0.013510 200.000000 200.000000 200.000000
v 0.145623 0.557272 0.103920 200.000000 200.000000 200.000000
v 0.040001 0.677142 -0.014006 200.000000 200.000000 200.000000
v 0.083515 -0.525364 -0.113826 200.000000 200.000000 200.000000
v 0.212385 -0.379184 -0.182447 200.000000 200.000000 200.000000
v 0.110395 -0.023012 -0.165456 200.000000 200.000000 200.000000
v 0.041240 0.602857 -0.041652 200.000000 200.000000 200.000000
v 0.065661 0.118549 0.086394 200.000000 200.000000 200.000000
v -0.216532 -0.105594 -0.004152 200.000000 200.000000 200.000000
v 0.028707 -0.146315 0.027155 200.000000 200.000000 200.000000
v 0.116017 -0.683491 -0.054614 200.000000 200.000000 200.000000
v 0.246519 0.196394 -0.296782 200.000000 200.000000 200.000000
v -0.131087 0.195854 0.335507 200.000000 200.000000 200.000000
v 0.290333 0.667877 -0.363983 200.000000 200.000000 200.000000
v -0.137116 -0.178872 -0.067860 200.000000 200.000000 200.000000
v 0.115730 0.321284 -0.229391 200.000000 200.000000 200.000000
v -0.063817 -0.099280 0.039198 200.000000 200.000000 200.000000
v 0.331130 0.724590 -0.362244 200.000000 200.000000 200.000000
v -0.006446 -0.008983 -0.071631 200.000000 200.000000 200.000000
v 0.235256 -0.811920 -0.060880 200.000000 200.000000 200.000000
v 0.334325 0.275058 -0.233378 200.000000 200.000000 200.000000
v 0.015863 -0.159525 -0.001896 200.000000 200.000000 200.000000
v 0.001057 -0.998114 -0.144424 200.000000 200.000000 200.000000
v 0.072708 0.538961 -0.056534 200.000000 200.000000 200.000000
v 0.116296 0.597672 0.051844 200.000000 200.000000 200.000000
v 0.043601 -0.218095 -0.100733 200.000000 200.000000 200.000000
v 0.022009 -0.118704 0.056102 200.000000 200.000000 200.000000
v 0.309332 0.685981 -0.338929 200.000000 200.000000 200.000000
v 0.243613 0.868020 -0.452139 200.000000 200.000000 200.000000
v 0.076780 0.328442 -0.146739 200.000000 200.000000 200.000000
v 0.233097 -0.577725 -0.123674 200.000000 200.000000 200.000000
v 0.007707 0.254292 0.206136 200.000000 200.000000 200.000000
v 0.148474 -0.309883 -0.219378 200.000000 200.000000 200.000000
v 0.041830 0.480926 0.168492 200.000000 200.000000 200.000000
v -0.149327 0.221423 0.370344 200.000000 200.000000 200.000000
v 0.231832 -0.306977 -0.043952 200.000000 200.000000 200.000000
v 0.090905 -0.227756 -0.182511 200.000000 200.000000 200.000000
v 0.193379 0.630833 0.041298 200.000000 200.000000 200.000000
v -0.258113 -0.049920 -0.022627 200.000000 200.000000 200.000000
v 0.038169 0.154404 -0.031070 200.000000 200.000000 200.000000
v 0.116317 0.063185 0.130296 200.000000 200.000000 200.000000
v 0.201454 -0.729324 -0.000907 200.000000 200.000000 200.000000
v 0.142865 -0.632081 -0.150790 200.000000 200.000000 200.000000
v 0.056292 0.258081 -0.171033 200.000000 200.000000 200.000000
v 0.246020 -0.231564 -0.194953 200.000000 200.000000 200.000000
v 0.287704 0.252803 0.027072 200.000000 200.000000 200.000000
v 0.250914 -0.294749 -0.158657 200.000000 200.000000 200.000000
v 0.269412 0.717731 -0.406430 200.000000 200.000000 200.000000
v 0.256449 -0.084836 -0.223738 200.000000 200.000000 200.000000
v -0.075782 -0.301865 -0.063306 200.000000 200.000000 200.000000
v -0.244182 -0.176833 -0.139204 200.000000 200.000000 200.000000
v 0.173107 -0.520320 -0.024906 200.000000 200.000000 200.000000
v 0.098068 0.786679 0.011666 200.000000 200.000000 200.000000
v 0.097651 -0.253458 -0.190559 200.000000 200.000000 200.000000
v 0.292586 0.575278 0.021445 200.000000 200.000000 200.000000
v 0.248399 0.062715 0.084539 200.000000 200.000000 200.000000
v -0.040536 0.797564 -0.104904 200.000000 200.000000 200.000000
v 0.292262 -0.127472 -0.017112 200.000000 200.000000 200.000000
v 0.072114 -0.434183 -0.150842 200.000000 200.000000 200.000000
v 0.241538 -0.398378 -0.088136 200.000000 200.000000 200.000000
v -0.026038 0.721549 -0.091513 200.000000 200.000000 200.000000
v 0.345190 0.449207 -0.296070 200.000000 200.000000 200.000000
v 0.046339 -0.115755 0.068408 200.000000 200.000000 200.000000
v 0.114612 -0.480862 -0.179472 200.000000 200.000000 200.000000
v 0.260615 0.541915 -0.307065 200.000000 200.000000 200.000000
v 0.121007 0.533325 0.114136 200.000000 200.000000 200.000000
v 0.103075 0.540684 -0.141759 200.000000 200.000000 200.000000
v 0.178380 0.151622 0.103196 200.000000 200.000000 200.000000
v 0.232750 -0.028182 -0.230003 200.000000 200.000000 200.000000
v 0.230752 0.355870 -0.302383 200.000000 200.000000 200.000000
v 0.296521 0.207372 -0.021763 200.000000 200.000000 200.000000
v 0.026278 0.012884 -0.096955 200.000000 200.000000 200.000000
v 0.128285 0.616515 -0.015210 200.000000 200.000000 200.000000
v 0.260872 0.889103 -0.395395 200.000000 200.000000 200.000000
v -0.194356 0.209821 0.397871 200.000000 200.000000 200.000000
v 0.218043 -0.723203 -0.117734 200.000000 200.000000 200.000000
v -0.284268 -0.018893 -0.103843 200.000000 200.000000 200.000000
v 0.173191 -0.479880 -0.180873 200.000000 200.000000 200.000000
v -0.343143 -0.109148 -0.121465 200.000000 200.000000 200.000000
v -0.230922 0.158732 0.334800 200.000000 200.000000 200.000000
v 0.237463 0.576666 0.079374 200.000000 200.000000 200.000000
v 0.058028 -0.250120 -0.109779 200.000000 200.000000 200.000000
v 0.166752 0.830731 -0.399381 200.000000 200.000000 200.000000
v -0.005271 0.307726 0.269207 200.000000 200.000000 200.000000
v 0.154776 0.321426 0.102864 200.000000 200.000000 200.000000
v 0.128528 -0.889453 -0.060830 200.000000 200.000000 200.000000
v 0.139490 0.248376 0.088387 200.000000 200.000000 200.000000
v -0.265556 -0.080864 -0.178743 200.000000 200.000000 200.000000
v 0.123727 -0.872790 -0.017422 200.000000 200.000000 200.000000
v 0.122497 -0.780388 -0.072231 200.000000 200.000000 200.000000
v 0.033018 0.667590 -0.161977 200.000000 200.000000 200.000000
v 0.223112 -0.342220 -0.181842 200.000000 200.000000 200.000000
v 0.107190 0.288121 0.086630 200.000000 200.000000 200.000000
v 0.016789 0.658870 -0.148098 200.000000 200.000000 200.000000
v 0.015054 0.815593 -0.010215 200.000000 200.000000 200.000000
v 0.156131 0.676124 -0.166352 200.000000 200.000000 200.000000
v 0.179859 0.620508 0.032122 200.000000 200.000000 200.000000
v 0.166064 0.859382 -0.110859 200.000000 200.000000 200.000000
v 0.362290 0.782094 -0.400078 200.000000 200.000000 200.000000
v 0.149739 -0.318529 -0.218209 200.000000 200.000000 200.000000
v 0.224117 -0.502443 -0.131745 200.000000 200.000000 200.000000
v -0.069572 -0.301840 0.018653 200.000000 200.000000 200.000000
v 0.217352 0.805647 -0.100212 200.000000 200.000000 200.000000
v 0.353914 0.624139 -0.193938 200.000000 200.000000 200.000000
v 0.308743 0.539976 -0.038375 200.000000 200.000000 200.000000
v 0.120888 0.105206 0.120494 200.000000 200.000000 200.000000
v 0.135451 0.790901 0.009849 200.000000 200.000000 200.000000
v 0.331522 0.191954 -0.076225 200.000000 200.000000 200.000000
v 0.330523 0.237014 -0.164244 200.000000 200.000000 200.000000
v 0.349857 -0.007938 -0.158836 200.000000 200.000000 200.000000
v 0.160959 -0.204711 -0.038002 200.000000 200.000000 200.000000
v -0.087325 -0.260457 -0.010472 200.000000 200.000000 200.000000
v -0.008345 -0.993915 -0.132151 200.000000 200.000000 200.000000
v -0.052504 0.010753 0.062438 200.000000 200.000000 200.000000
v -0.019801 0.437342 0.155766 200.000000 200.000000 200.000000
v -0.131477 0.307711 0.225489 200.000000 200.000000 200.000000
v 0.134002 0.265726 -0.233397 200.000000 200.000000 200.000000
v 0.199376 -0.584515 -0.025953 200.000000 200.000000 200.000000
v -0.030214 0.008975 -0.068283 200.000000 200.000000 200.000000
v 0.333425 0.372810 -0.082684 200.000000 200.000000 200.000000
v 0.041677 0.204726 -0.046112 200.000000 200.000000 200.000000
v -0.306430 0.152281 0.374092 200.000000 200.000000 200.000000
v 0.345805 0.450902 -0.066197 200.000000 200.000000 200.000000
v 0.338645 0.189584 -0.180173 200.000000 200.000000 200.000000
v 0.370581 0.680121 -0.327450 200.000000 200.000000 200.000000
v 0.289442 0.556222 -0.384438 200.000000 200.000000 200.000000
v 0.029420 0.211354 -0.072393 200.000000 200.000000 200.000000
v 0.154858 0.575372 -0.173085 200.000000 200.000000 200.000000
v -0.046688 0.767123 -0.078963 200.000000 200.000000 200.000000
v 0.296234 0.318141 0.000522 200.000000 200.000000 200.000000
v 0.042186 0.606667 -0.039214 200.000000 200.000000 200.000000
v 0.372257 0.493297 -0.268205 200.000000 200.000000 200.000000
v 0.157377 -0.523398 -0.030746 200.000000 200.000000 200.000000
v 0.023352 0.004015 -0.058810 200.000000 200.000000 200.000000
v 0.177046 0.857010 -0.076189 200.000000 200.000000 200.000000
v -0.179833 0.298458 0.317078 200.000000 200.000000 200.000000
v 0.035531 0.808294 -0.190333 200.000000 200.000000 200.000000
v 0.162925 -0.515662 -0.027266 200.000000 200.000000 200.000000
v 0.175365 0.761363 -0.177447 200.000000 200.000000 200.000000
v 0.131921 -0.991572 0.002425 200.000000 200.000000 200.000000
v -0.128244 0.202042 0.263120 200.000000 200.000000 200.000000
v -0.147422 -0.163758 -0.022018 200.000000 200.000000 200.000000
v 0.265735 0.375950 0.035285 200.000000 200.000000 200.000000
v 0.351562 0.028715 -0.091496 200.000000 200.000000 200.000000
v 0.335747 -0.000235 -0.244522 200.000000 200.000000 200.000000
v -0.188682 -0.166263 -0.129544 200.000000 200.000000 200.000000
v 0.116714 0.128240 0.119140 200.000000 200.000000 200.000000
v 0.197056 0.640356 -0.057006 200.000000 200.000000 200.000000
v 0.223686 -0.335392 -0.182092 200.000000 200.000000 200.000000
v 0.278953 0.047650 -0.299028 200.000000 200.000000 200.000000
v 0.110128 -0.036071 -0.169083 200.000000 200.000000 200.000000
v 0.075439 0.198800 0.048318 200.000000 200.000000 200.000000
v 0.049237 -0.202261 -0.076252 200.000000 200.000000 200.000000
v 0.110922 0.177650 -0.158999 200.000000 200.000000 200.000000
v 0.098940 0.559775 0.087974 200.000000 200.000000 200.000000
v -0.230979 -0.117384 -0.012754 200.000000 200.000000 200.000000
v 0.133351 0.278166 0.078408 200.000000 200.000000 200.000000
v 0.046092 -0.120709 0.063800 200.000000 200.000000 200.000000
v 0.179480 0.937065 -0.347927 200.000000 200.000000 200.000000
v 0.005152 -0.614874 0.027813 200.000000 200.000000 200.000000
v 0.280637 0.631991 -0.185907 200.000000 200.000000 200.000000
v 0.188791 -0.162808 -0.239245 200.000000 200.000000 200.000000
v -0.283079 0.231484 0.414708 200.000000 200.000000 200.000000
v 0.274636 0.213170 -0.300189 200.000000 200.000000 200.000000
v 0.354675 0.408821 -0.225759 200.000000 200.000000 200.000000
v 0.165854 -0.656544 -0.016324 200.000000 200.000000 200.000000
v -0.317101 -0.147002 -0.132807 200.000000 200.000000 200.000000
v 0.159600 -0.000383 -0.256644 200.000000 200.000000 200.000000
v -0.009375 -0.425359 -0.014459 200.000000 200.000000 200.000000
v 0.229510 -0.871429 -0.026596 200.000000 200.000000 200.000000
v 0.204257 0.264174 0.063661 200.000000 200.000000 200.000000
v 0.341702 0.048784 -0.166192 200.000000 200.000000 200.000000
v -0.136067 -0.352849 0.022610 200.000000 200.000000 200.000000
v 0.244684 0.264778 0.045003 200.000000 200.000000 200.000000
v 0.162851 -0.459577 -0.186456 200.000000 200.000000 200.000000
v 0.282008 0.629428 -0.182313 200.000000 200.000000 200.000000
v -0.067817 -0.397716 0.042444 200.000000 200.000000 200.000000
v -0.313266 0.219375 0.446737 200.000000 200.000000 200.000000
v 0.070021 0.391815 0.189856 200.000000 200.000000 200.000000
v -0.139480 0.322312 0.256033 200.000000 200.000000 200.000000
v 0.140620 -0.345147 -0.046237 200.000000 200.000000 200.000000
v -0.258183 0.123123 0.398111 200.000000 200.000000 200.000000
v 0.036528 0.125992 -0.153894 200.000000 200.000000 200.000000
v 0.030580 0.528999 0.106701 200.000000 200.000000 200.000000
v 0.307876 0.639642 -0.262433 200.000000 200.000000 200.000000
v 0.218470 0.288173 0.066942 200.000000 200.000000 200.000000
v 0.300902 0.529137 -0.382510 200.000000 200.000000 200.000000
v 0.375079 0.526371 -0.306870 200.000000 200.000000 200.000000
v 0.212594 0.274536 0.069955 200.000000 200.000000 200.000000
v 0.360482 0.417672 -0.139261 200.000000 200.000000 200.000000
v 0.301023 0.221136 -0.007302 200.000000 200.000000 200.000000
v 0.089713 0.511145 -0.128892 200.000000 200.000000 200.000000
v 0.310169 0.445273 -0.001134 200.000000 200.000000 200.000000
v 0.241213 -0.590762 -0.075568 200.000000 200.000000 200.000000
v 0.294708 0.422722 0.014619 200.000000 200.000000 200.000000
v 0.108411 0.286646 0.084599 200.000000 200.000000 200.000000
v 0.285683 -0.037052 -0.195837 200.000000 200.000000 200.000000
v 0.143451 -0.710654 -0.124408 200.000000 200.000000 200.000000
v 0.305113 0.072084 0.027838 200.000000 200.000000 200.000000
v 0.128964 -0.396876 -0.192598 200.000000 200.000000 200.000000
v -0.091831 -0.102696 0.027340 200.000000 200.000000 200.000000
v -0.001034 0.075056 0.000940 200.000000 200.000000 200.000000
v 0.094605 -0.418937 -0.176729 200.000000 200.000000 200.000000
v 0.117778 -0.707960 -0.086257 200.000000 200.000000 200.000000
v 0.012921 0.409920 -0.031294 200.000000 200.000000 200.000000
v 0.064863 0.136218 -0.194639 200.000000 200.000000 200.000000
v 0.204441 0.805047 -0.383304 200.000000 200.000000 200.000000
v -0.083691 -0.164662 -0.028345 200.000000 200.000000 200.000000
v 0.148170 -0.462002 -0.173687 200.000000 200.000000 200.000000
v 0.124419 0.396643 0.134508 200.000000 200.000000 200.000000
v -0.167661 0.023247 -0.043936 200.000000 200.000000 200.000000
v 0.066867 0.050461 -0.172409 200.000000 200.000000 200.000000
v 0.218537 0.638970 -0.159225 200.000000 200.000000 200.000000
v 0.242042 -0.124286 -0.228287 200.000000 200.000000 200.000000
v 0.348299 -0.000145 -0.211363 200.000000 200.000000 200.000000
v 0.269391 0.244166 0.029315 200.000000 200.000000 200.000000
v 0.242236 -0.613705 -0.102867 200.000000 200.000000 200.000000
v 0.310187 0.508084 -0.368980 200.000000 200.000000 200.000000
v 0.114852 -0.584049 -0.154849 200.000000 200.000000 200.000000
v 0.306283 -0.108072 -0.159747 200.000000 200.000000 200.000000
v 0.128378 0.867863 -0.081302 200.000000 200.000000 200.000000
v 0.198043 0.000599 -0.257438 200.000000 200.000000 200.000000
v 0.312979 0.643088 -0.463669 200.000000 200.000000 200.000000
v 0.194810 -0.580906 -0.025391 200.000000 200.000000 200.000000
v -0.301976 0.230803 0.432271 200.000000 200.000000 200.000000
v 0.240677 0.178781 -0.295548 200.000000 200.000000 200.000000
v 0.260458 0.575482 0.073468 200.000000 200.000000 200.000000
v 0.362220 0.413808 -0.168856 200.000000 200.000000 200.000000
v 0.226472 0.453036 0.083804 200.000000 200.000000 200.000000
v 0.136413 -0.651381 -0.135922 200.000000 200.000000 200.000000
v 0.304312 0.776480 -0.359409 200.000000 200.000000 200.000000
v 0.166415 0.324087 0.098360 200.000000 200.000000 200.000000
v 0.035311 0.719444 -0.169275 200.000000 200.000000 200.000000
v -0.075915 0.044750 -0.032288 200.000000 200.000000 200.000000
v 0.300191 0.310150 -0.008712 200.000000 200.000000 200.000000
v 0.119228 -0.805231 -0.060260 200.000000 200.000000 200.000000
v 0.041906 0.086467 0.080599 200.000000 200.000000 200.000000
v 0.228023 -0.386695 -0.054120 200.000000 200.000000 200.000000
v 0.301249 0.127474 -0.016855 200.000000 200.000000 200.000000
v 0.277735 0.547793 0.066061 200.000000 200.000000 200.000000
v 0.168342 0.293302 0.088829 200.000000 200.000000 200.000000
v 0.117213 0.553474 -0.168109 200.000000 200.000000 200.000000
v 0.260482 -0.228837 -0.065124 200.000000 200.000000 200.000000
v 0.035365 0.025651 -0.103814 200.000000 200.000000 200.000000
v 0.000680 0.695002 -0.096207 200.000000 200.000000 200.000000
v -0.207560 -0.220646 -0.128389 200.000000 200.000000 200.000000
v 0.146263 0.603344 0.094842 200.000000 200.000000 200.000000
v 0.159391 -0.520436 -0.162667 200.000000 200.000000 200.000000
v 0.080233 0.539810 -0.101703 200.000000 200.000000 200.000000
v 0.261358 0.247190 0.042841 200.000000 200.000000 200.000000
v 0.350314 0.510907 -0.344325 200.000000 200.000000 200.000000
v 0.138204 -0.023781 -0.196629 200.000000 200.000000 200.000000
v 0.181211 -0.194594 -0.035818 200.000000 200.000000 200.000000
v 0.216564 -0.302259 -0.201618 200.000000 200.000000 200.000000
v 0.252459 -0.217935 -0.049446 200.000000 200.000000 200.000000
v 0.108613 -0.999416 -0.142840 200.000000 200.000000 200.000000
v 0.169818 -0.031853 -0.227257 200.000000 200.000000 200.000000
v 0.149316 0.854936 -0.412070 200.000000 200.000000 200.000000
v 0.045204 0.294737 0.037205 200.000000 200.000000 200.000000
v 0.352164 -0.057066 -0.128657 200.000000 200.000000 200.000000
v 0.199535 -0.889211 0.013756 200.000000 200.000000 200.000000
v 0.365510 0.776548 -0.399160 200.000000 200.000000 200.000000
v -0.109050 -0.215840 -0.040758 200.000000 200.000000 200.000000
v 0.227999 -0.270434 -0.203038 200.000000 200.000000 200.000000
v 0.178198 0.348296 -0.270565 200.000000 200.000000 200.000000
v 0.014055 -0.126178 -0.099929 200.000000 200.000000 200.000000
v 0.332605 0.356364 -0.270266 200.000000 200.000000 200.000000
v 0.082423 0.586738 0.063479 200.000000 200.000000 200.000000
v 0.350708 0.768488 -0.487604 200.000000 200.000000 200.000000
v 0.141112 0.894862 -0.357624 200.000000 200.000000 200.000000
v 0.073774 0.402411 -0.182129 200.000000 200.000000 200.000000
v 0.097721 0.490456 -0.188183 200.000000 200.000000 200.000000
v -0.021415 -0.024996 -0.080965 200.000000 200.000000 200.000000
v 0.212726 0.532794 0.098965 200.000000 200.000000 200.000000
v 0.042719 -0.418383 0.048572 200.000000 200.000000 200.000000
v -0.211426 0.216671 0.290667 200.000000 200.000000 200.000000
v 0.221998 0.601570 -0.223551 200.000000 200.000000 200.000000
v 0.354745 0.425902 -0.239173 200.000000 200.000000 200.000000
v 0.087179 0.035689 -0.196317 200.000000 200.000000 200.000000
v -0.022358 0.438508 0.185828 200.000000 200.000000 200.000000
v 0.103403 0.334858 0.124897 200.000000 200.000000 200.000000
v 0.103556 0.561680 -0.143997 200.000000 200.000000 200.000000
v 0.201586 0.643226 -0.169153 200.000000 200.000000 200.000000
v 0.202025 -0.871950 0.012445 200.000000 200.000000 200.000000
v 0.240719 -0.100914 0.052043 200.000000 200.000000 200.000000
v 0.334871 0.226172 -0.073331 200.000000 200.000000 200.000000
v -0.063363 0.244209 0.196184 200.000000 200.000000 200.000000
v -0.021419 0.744038 -0.074358 200.000000 200.000000 200.000000
v -0.330243 0.199455 0.470408 200.000000 200.000000 200.000000
v -0.035407 0.749722 -0.033391 200.000000 200.000000 200.000000
v 0.043167 0.313011 0.205330 200.000000 200.000000 200.000000
v 0.174158 0.856101 -0.121356 200.000000 200.000000 200.000000
v 0.192188 0.748506 -0.152727 200.000000 200.000000 200.000000
v 0.002659 -0.990595 -0.127192 200.000000 200.000000 200.000000
v -0.079133 0.020439 0.039956 200.000000 200.000000 200.000000
v 0.232872 -0.597587 -0.047682 200.000000 200.000000 200.000000
v -0.097310 0.036183 0.008681 200.000000 200.000000 200.000000
v 0.192977 -0.295286 -0.033683 200.000000 200.000000 200.000000
v 0.023496 -0.999816 -0.127617 200.000000 200.000000 200.000000
v 0.134643 0.446824 -0.228385 200.000000 200.000000 200.000000
v -0.253549 -0.096971 -0.016521 200.000000 200.000000 200.000000
v -0.125967 0.312851 0.221925 200.000000 200.000000 200.000000
v 0.245852 -0.718329 -0.061247 200.000000 200.000000 200.000000
v 0.126389 0.917634 -0.309751 200.000000 200.000000 200.000000
v 0.312336 0.843991 -0.415796 200.000000 200.000000 200.000000
v 0.292359 0.218484 0.011725 200.000000 200.000000 200.000000
v 0.260147 0.723633 -0.425586 200.000000 200.000000 200.000000
v 0.188465 0.707773 -0.051845 200.000000 200.000000 200.000000
v 0.008178 0.302259 -0.052508 200.000000 200.000000 200.000000
v 0.398407 0.531795 -0.148373 200.000000 200.000000 200.000000
v 0.311325 0.663918 -0.472121 200.000000 200.000000 200.000000
v 0.294763 0.253452 0.016938 200.000000 200.000000 200.000000
v 0.235638 0.131494 0.091025 200.000000 200.000000 200.000000
v -0.165458 0.023439 -0.037478 200.000000 200.000000 200.000000
v 0.142051 -0.101659 0.100369 200.000000 200.000000 200.000000
v -0.178550 0.271478 0.379193 200.000000 200.000000 200.000000
v -0.238541 -0.138630 -0.165787 200.000000 200.000000 200.000000
v 0.229101 0.650722 -0.123850 200.000000 200.000000 200.000000
v 0.078249 -0.054732 -0.151197 200.000000 200.000000 200.000000
v 0.069603 0.178291 -0.206568 200.000000 200.000000 200.000000
v -0.087388 0.199501 0.304579 200.000000 200.000000 200.000000
v 0.242232 0.568921 -0.263326 200.000000 200.000000 200.000000
v -0.211433 0.225182 0.406933 200.000000 200.000000 200.000000
v 0.361520 0.409539 -0.167298 200.000000 200.000000 200.000000
v 0.235257 0.853597 -0.342281 200.000000 200.000000 200.000000
v -0.009532 0.805229 -0.018696 200.000000 200.000000 200.000000
v 0.337130 0.220238 -0.189856 200.000000 200.000000 200.000000
v 0.030806 0.311009 0.086376 200.000000 200.000000 200.000000
v 0.194940 -0.112049 -0.238982 200.000000 200.000000 200.000000
v 0.281526 -0.159807 -0.031532 200.000000 200.000000 200.000000
v 0.348168 0.386557 -0.251674 200.000000 200.000000 200.000000
v 0.243323 -0.734512 -0.073510 200.000000 200.000000 200.000000
v -0.020582 -0.579762 0.079638 200.000000 200.000000 200.000000
v 0.065764 -0.015775 -0.102050 200.000000 200.000000 200.000000
v 0.269523 0.590369 0.058890 200.000000 200.000000 200.000000
v 0.261719 -0.097939 -0.218102 200.000000 200.000000 200.000000
v 0.068453 0.556284 0.068621 200.000000 200.000000 200.000000
v 0.082079 0.272062 0.057386 200.000000 200.000000 200.000000
v 0.278242 0.733605 -0.467948 200.000000 200.000000 200.000000
v 0.281684 -0.200480 -0.159745 200.000000 200.000000 200.000000
v 0.109674 -0.157660 -0.034151 200.000000 200.000000 200.000000
v 0.066463 0.887658 -0.315414 200.000000 200.000000 200.000000
v 0.209727 0.511149 -0.262755 200.000000 200.000000 200.000000
v 0.135637 0.402873 0.129499 200.000000 200.000000 200.000000
v 0.115163 0.213075 -0.179793 200.000000 200.000000 200.000000
v 0.322385 -0.006774 -0.236999 200.000000 200.000000 200.000000
v 0.077520 0.614953 -0.182306 200.000000 200.000000 200.000000
v 0.097357 0.874104 -0.082868 200.000000 200.000000 200.000000
v 0.342002 0.336006 -0.219499 200.000000 200.000000 200.000000
v 0.183812 0.820413 -0.192270 200.000000 200.000000 200.000000
v 0.221764 -0.136886 0.020457 200.000000 200.000000 200.000000
v -0.015047 0.824653 -0.052248 200.000000 200.000000 200.000000
v 0.087749 0.503832 -0.152131 200.000000 200.000000 200.000000
v 0.020738 0.522454 0.083967 200.000000 200.000000 200.000000
v 0.272293 0.332859 -0.308001 200.000000 200.000000 200.000000
v 0.098901 0.199520 -0.228294 200.000000 200.000000 200.000000
v 0.218740 -0.178943 -0.230586 200.000000 200.000000 200.000000
v 0.048466 0.634370 -0.162303 200.000000 200.000000 200.000000
v 0.079184 -0.066037 0.112167 200.000000 200.000000 200.000000
v 0.180960 0.737674 -0.030921 200.000000 200.000000 200.000000
v -0.027065 0.765876 -0.023953 200.000000 200.000000 200.000000
v 0.107196 0.741695 -0.000163 200.000000 200.000000 200.000000
v 0.211068 0.925838 -0.359224 200.000000 200.000000 200.000000
v 0.282882 -0.095981 0.008445 200.000000 200.000000 200.000000
v 0.226225 -0.862202 -0.052538 200.000000 200.000000 200.000000
v 0.095661 -0.966580 -0.024385 200.000000 200.000000 200.000000
v 0.076611 -0.054602 0.114174 200.000000 200.000000 200.000000
v 0.246855 0.636580 -0.134827 200.000000 200.000000 200.000000
v 0.235079 -0.357306 -0.052878 200.000000 200.000000 200.000000
v 0.196595 -0.000015 -0.239445 200.000000 200.000000 200.000000
v 0.339398 0.071742 -0.077661 200.000000 200.000000 200.000000
v 0.123753 0.859791 -0.157162 200.000000 200.000000 200.000000
v 0.012439 0.095479 0.005089 200.000000 200.000000 200.000000
v -0.037642 -0.001134 -0.076606 200.000000 200.000000 200.000000
v 0.246169 0.809528 -0.353114 200.000000 200.000000 200.000000
v 0.204536 -0.884407 -0.067009 200.000000 200.000000 200.000000
v -0.202067 0.283098 0.322394 200.000000 200.000000 200.000000
v -0.062764 0.330216 0.131690 200.000000 200.000000 200.000000
v 0.118873 0.523926 0.124197 200.000000 200.000000 200.000000
v 0.135858 0.174570 0.100292 200.000000 200.000000 200.000000
v 0.237861 -0.354463 -0.152030 200.000000 200.000000 200.000000
v -0.096212 -0.167110 -0.034390 200.000000 200.000000 200.000000
v -0.274996 0.161155 0.358271 200.000000 200.000000 200.000000
v 0.287472 0.658129 -0.369683 200.000000 200.000000 200.000000
v -0.012674 0.432545 0.098481 200.000000 200.000000 200.000000
v 0.176527 0.031629 -0.271794 200.000000 200.000000 200.000000
v 0.177260 0.230161 0.088538 200.000000 200.000000 200.000000
v 0.225559 0.396997 -0.305086 200.000000 200.000000 200.000000
v 0.249804 0.182245 -0.296993 200.000000 200.000000 200.000000
v 0.118400 -0.421743 -0.037714 200.000000 200.000000 200.000000
v 0.393959 0.536509 -0.203398 200.000000 200.000000 200.000000
v 0.119013 -0.138095 0.066306 200.000000 200.000000 200.000000
v -0.034626 0.365178 0.090410 200.000000 200.000000 200.000000
v 0.126837 -0.767164 -0.025708 200.000000 200.000000 200.000000
v 0.066995 -0.240692 -0.145591 200.000000 200.000000 200.000000
v -0.190167 -0.084732 -0.153763 200.000000 200.000000 200.000000
v 0.217568 -0.539932 -0.051767 200.000000 200.000000 200.000000
v 0.324396 0.718510 -0.489218 200.000000 200.000000 200.000000
v 0.120038 0.171801 -0.233803 200.000000 200.000000 200.000000
v 0.020642 0.116945 -0.037027 200.000000 200.000000 200.000000
v 0.236008 -0.191304 -0.045607 200.000000 200.000000 200.000000
v 0.341021 -0.018023 -0.232359 200.000000 200.000000 200.000000
v 0.282031 0.598673 0.021422 200.000000 200.000000 200.000000
v 0.150935 0.574581 0.084336 200.000000 200.000000 200.000000
v -0.014442 -0.132693 -0.094859 200.000000 200.000000 200.000000
v -0.284256 0.236350 0.373034 200.000000 200.000000 200.000000
v 0.345420 0.062610 -0.222199 200.000000 200.000000 200.000000
v -0.007529 -0.656097 0.020102 200.000000 200.000000 200.000000
v -0.071750 0.329880 0.143572 200.000000 200.000000 200.000000
v 0.103956 0.202088 0.076555 200.000000 200.000000 200.000000
v 0.177830 -0.331664 -0.036619 200.000000 200.000000 200.000000
v 0.090508 0.985375 -0.310434 200.000000 200.000000 200.000000
v 0.248133 0.902466 -0.398413 200.000000 200.000000 200.000000
v 0.340143 0.201434 -0.213142 200.000000 200.000000 200.000000
v -0.089817 0.221484 0.307942 200.000000 200.000000 200.000000
v -0.082374 -0.279703 -0.055107 200.000000 200.000000 200.000000
v -0.168465 -0.002725 -0.110582 200.000000 200.000000 200.000000
v 0.233150 0.458582 -0.280929 200.000000 200.000000 200.000000
v 0.151945 -0.999232 -0.026657 200.000000 200.000000 200.000000
v 0.072002 0.218165 0.054583 200.000000 200.000000 200.000000
v 0.097807 0.407843 0.154655 200.000000 200.000000 200.000000
v 0.279027 0.138922 0.045057 200.000000 200.000000 200.000000
v 0.275315 -0.102113 0.010610 200.000000 200.000000 200.000000
v 0.168092 -0.811518 0.011502 200.000000 200.000000 200.000000
v 0.082598 -0.486756 -0.106106 200.000000 200.000000 200.000000
v 0.203282 0.801453 -0.119343 200.000000 200.000000 200.000000
v 0.294021 0.684532 -0.449642 200.000000 200.000000 200.000000
v 0.122609 0.864819 -0.135567 200.000000 200.000000 200.000000
v 0.166196 0.165347 -0.255037 200.000000 200.000000 200.000000
v 0.230168 -0.693039 -0.022365 200.000000 200.000000 200.000000
v 0.351164 0.513289 -0.061408 200.000000 200.000000 200.000000
v 0.191543 0.624051 0.014426 200.000000 200.000000 200.000000
v 0.314172 0.172766 -0.031327 200.000000 200.000000 200.000000
v -0.195827 0.241752 0.278390 200.000000 200.000000 200.000000
v -0.245096 0.228230 0.431057 200.000000 200.000000 200.000000
v -0.071922 0.270180 0.294029 200.000000 200.000000 200.000000
v 0.229874 -0.445320 -0.122892 200.000000 200.000000 200.000000
v 0.183743 0.358403 -0.248743 200.000000 200.000000 200.000000
v 0.122002 -0.816643 -0.072933 200.000000 200.000000 200.000000
v 0.250422 0.428747 0.064044 200.000000 200.000000 200.000000
v 0.318261 0.638247 -0.236285 200.000000 200.000000 200.000000
v 0.036348 0.407164 0.198494 200.000000 200.000000 200.000000
v 0.177393 0.335086 -0.283563 200.000000 200.000000 200.000000
v 0.020016 -0.125503 -0.106995 200.000000 200.000000 200.000000
v 0.283010 0.649174 -0.410418 200.000000 200.000000 200.000000
v -0.122574 0.183183 0.291712 200.000000 200.000000 200.000000
v 0.068302 0.214819 0.051739 200.000000 200.000000 200.000000
v 0.044590 0.140249 0.056613 200.000000 200.000000 200.000000
v -0.035857 -0.357000 0.011350 200.000000 200.000000 200.000000
v -0.027003 0.004811 -0.069377 200.000000 200.000000 200.000000
v 0.006743 -0.396104 0.009728 200.000000 200.000000 200.000000
v 0.244680 0.453303 0.069791 200.000000 200.000000 200.000000
v 0.330920 0.314097 -0.260720 200.000000 200.000000 200.000000
v 0.279511 0.568947 0.046963 200.000000 200.000000 200.000000
v 0.086164 0.224592 -0.173956 200.000000 200.000000 200.000000
v 0.075197 0.067369 0.121583 200.000000 200.000000 200.000000
v -0.150863 0.173485 0.343067 200.000000 200.000000 200.000000
v 0.050980 0.936714 -0.329440 200.000000 200.000000 200.000000
v -0.364194 0.198817 0.495793 200.000000 200.000000 200.000000
v 0.074151 0.118318 0.089392 200.000000 200.000000 200.000000
v 0.041389 0.157542 -0.039722 200.000000 200.000000 200.000000
v 0.331288 0.185481 -0.218964 200.000000 200.000000 200.000000
v 0.176002 -0.969814 -0.059505 200.000000 200.000000 200.000000
v 0.171809 0.323929 -0.250755 200.000000 200.000000 200.000000
v 0.101035 0.542961 0.111152 200.000000 200.000000 200.000000
v -0.098186 -0.158993 -0.084746 200.000000 200.000000 200.000000
v 0.140236 -0.027082 -0.200169 200.000000 200.000000 200.000000
v 0.135348 -0.422805 -0.183822 200.000000 200.000000 200.000000
v 0.236694 0.614728 -0.215891 200.000000 200.000000 200.000000
v -0.321617 -0.113453 -0.149034 200.000000 200.000000 200.000000
v 0.196300 0.644234 -0.172410 200.000000 200.000000 200.000000
v 0.069224 0.916930 -0.342058 200.000000 200.000000 200.000000
v 0.262454 0.764361 -0.387481 200.000000 200.000000 200.000000
v -0.326243 -0.130050 -0.067919 200.000000 200.000000 200.000000
v 0.159985 0.437844 -0.233393 200.000000 200.000000 200.000000
v -0.155674 -0.374256 -0.016549 200.000000 200.000000 200.000000
v 0.322222 0.594506 -0.427903 200.000000 200.000000 200.000000
v 0.140850 -0.160915 0.013745 200.000000 200.000000 200.000000
v 0.291433 0.466243 -0.331511 200.000000 200.000000 200.000000
v 0.244577 -0.735178 -0.056595 200.000000 200.000000 200.000000
v 0.189195 0.900763 -0.433679 200.000000 200.000000 200.000000
v -0.015323 -0.599237 0.076578 200.000000 200.000000 200.000000
v 0.001619 0.702686 -0.046106 200.000000 200.000000 200.000000
v -0.109403 0.335788 0.295837 200.000000 200.000000 200.000000
v 0.137331 0.021349 -0.238275 200.000000 200.000000 200.000000
v 0.233259 0.107360 0.095495 200.000000 200.000000 200.000000
v 0.357542 0.689442 -0.482177 200.000000 200.000000 200.000000
v 0.346220 0.418047 -0.091391 200.000000 200.000000 200.000000
v 0.104021 0.875572 -0.097624 200.000000 200.000000 200.000000
v 0.153223 -0.875971 -0.089259 200.000000 200.000000 200.000000
v 0.135381 0.596185 0.032046 200.000000 200.000000 200.000000
v 0.007256 0.397969 -0.012123 200.000000 200.000000 200.000000
v 0.025570 0.113728 0.063247 200.000000 200.000000 200.000000
v 0.115624 0.513648 0.133531 200.000000 200.000000 200.000000
v 0.074110 0.425891 -0.194146 200.000000 200.000000 200.000000
v 0.056241 -0.187787 -0.135086 200.000000 200.000000 200.000000
v 0.067244 0.585192 0.000886 200.000000 200.000000 200.000000
v -0.231988 0.138472 0.404938 200.000000 200.000000 200.000000
v 0.255236 0.652629 -0.051433 200.000000 200.000000 200.000000
v 0.284349 0.705781 -0.444441 200.000000 200.000000 200.000000
v 0.132698 0.323677 0.113447 200.000000 200.000000 200.000000
v 0.339120 0.661192 -0.465191 200.000000 200.000000 200.000000
v 0.025369 -0.436837 -0.006630 200.000000 200.000000 200.000000
v 0.105943 0.225513 -0.182603 200.000000 200.000000 200.000000
v -0.213241 0.273945 0.307909 200.000000 200.000000 200.000000
v -0.021840 0.753671 -0.082907 200.000000 200.000000 200.000000
v 0.161641 -0.935004 -0.062308 200.000000 200.000000 200.000000
v 0.044901 0.521036 0.132866 200.000000 200.000000 200.000000
v 0.113236 0.939004 -0.369007 200.000000 200.000000 200.000000
v 0.050795 0.364746 0.195969 200.000000 200.000000 200.000000
v 0.083102 -0.400704 -0.082425 200.000000 200.000000 200.000000
v 0.134977 -0.508660 -0.037873 200.000000 200.000000 200.000000
v 0.231634 0.488454 0.068817 200.000000 200.000000 200.000000
v 0.121972 -0.204951 -0.052023 200.000000 200.000000 200.000000
v -0.048402 0.043700 -0.037149 200.000000 200.000000 200.000000
v -0.187102 0.193351 0.296589 200.000000 200.000000 200.000000
v 0.189236 0.575799 -0.177642 200.000000 200.000000 200.000000
v 0.257145 0.410572 0.058015 200.000000 200.000000 200.000000
v 0.313721 0.098616 0.004792 200.000000 200.000000 200.000000
v 0.249508 0.326188 0.051217 200.000000 200.000000 200.000000
v -0.221141 0.273997 0.321965 200.000000 200.000000 200.000000
v 0.148249 0.160060 -0.249959 200.000000 200.000000 200.000000
v 0.320887 -0.075989 -0.144850 200.000000 200.000000 200.000000
v -0.171041 0.280993 0.368217 200.000000 200.000000 200.000000
v 0.367710 0.442160 -0.143161 200.000000 200.000000 200.000000
v 0.096678 0.202860 0.072201 200.000000 200.000000 200.000000
v -0.071248 -0.316050 -0.059850 200.000000 200.000000 200.000000
v 0.056355 -0.094848 -0.138697 200.000000 200.000000 200.000000
v 0.138694 0.048991 -0.250048 200.000000 200.000000 200.000000
v 0.228368 0.775816 -0.413568 200.000000 200.000000 200.000000
v 0.298906 -0.161742 -0.045269 200.000000 200.000000 200.000000
v 0.109541 0.485238 -0.192788 200.000000 200.000000 200.000000
v 0.106223 0.597914 -0.196458 200.000000 200.000000 200.000000
v 0.229257 0.910369 -0.411407 200.000000 200.000000 200.000000
v -0.084959 -0.279498 -0.060096 200.000000 200.000000 200.000000
v 0.335650 0.259769 -0.167509 200.000000 200.000000 200.000000
v 0.053782 -0.156819 0.013933 200.000000 200.000000 200.000000
v -0.030523 -0.580832 0.062978 200.000000 200.000000 200.000000
v 0.122724 -0.234261 -0.219061 200.000000 200.000000 200.000000
v 0.344067 0.359946 -0.102072 200.000000 200.000000 200.000000
v 0.225285 -0.003565 0.113089 200.000000 200.000000 200.000000
v 0.023401 0.366919 -0.043287 200.000000 200.000000 200.000000
v 0.020893 0.268146 -0.041901 200.000000 200.000000 200.000000
v 0.104441 -0.032691 0.126703 200.000000 200.000000 200.000000
v 0.274704 0.871278 -0.388853 200.000000 200.000000 200.000000
v 0.088505 0.650431 -0.013139 200.000000 200.000000 200.000000
v -0.190483 -0.273086 -0.095329 200.000000 200.000000 200.000000
v 0.132033 0.103208 -0.238632 200.000000 200.000000 200.000000
v 0.245984 -0.160229 -0.019013 200.000000 200.000000 200.000000
v 0.359734 0.406836 -0.213195 200.000000 200.000000 200.000000
v 0.234819 -0.426002 -0.103784 200.000000 200.000000 200.000000
v 0.073852 0.155927 -0.204538 200.000000 200.000000 200.000000
v -0.016016 -0.623351 0.070610 200.000000 200.000000 200.000000
v 0.328274 -0.075767 -0.023307 200.000000 200.000000 200.000000
v 0.278018 0.542819 0.063448 200.000000 200.000000 200.000000
v 0.254854 -0.031792 0.078486 200.000000 200.000000 200.000000
v 0.089270 0.177955 -0.127699 200.000000 200.000000 200.000000
v 0.053148 -0.417909 0.033216 200.000000 200.000000 200.000000
v 0.211576 0.008936 0.118943 200.000000 200.000000 200.000000
v -0.228541 -0.219289 -0.002478 200.000000 200.000000 200.000000
v -0.315595 0.227056 0.407906 200.000000 200.000000 200.000000
v 0.054004 0.178429 -0.041673 200.000000 200.000000 200.000000
v 0.067909 0.043236 -0.171155 200.000000 200.000000 200.000000
v 0.189880 0.474168 -0.258771 200.000000 200.000000 200.000000
v 0.238474 0.364057 0.070986 200.000000 200.000000 200.000000
v 0.016309 0.494000 0.049030 200.000000 200.000000 200.000000
v 0.271385 0.015310 -0.301278 200.000000 200.000000 200.000000
v 0.177722 0.629166 0.050021 200.000000 200.000000 200.000000
v 0.299878 0.603296 -0.425218 200.000000 200.000000 200.000000
v -0.234218 0.221137 0.416858 200.000000 200.000000 200.000000
v 0.275930 -0.219507 -0.068460 200.000000 200.000000 200.000000
v 0.106683 -0.997155 -0.143881 200.000000 200.000000 200.000000
v 0.169734 0.280322 -0.277082 200.000000 200.000000 200.000000
v 0.192614 -0.919863 -0.060800 200.000000 200.000000 200.000000
v 0.144748 0.024404 -0.245153 200.000000 200.000000 200.000000
v 0.201803 0.912453 -0.428174 200.000000 200.000000 200.000000
v 0.223165 0.603008 -0.222348 200.000000 200.000000 200.000000
v 0.156539 0.736597 -0.187754 200.000000 200.000000 200.000000
v 0.187383 0.610249 0.069284 200.000000 200.000000 200.000000
v 0.158871 0.742800 -0.188123 200.000000 200.000000 200.000000
v 0.159131 0.593550 0.049798 200.000000 200.000000 200.000000
v 0.193747 0.696252 -0.135438 200.000000 200.000000 200.000000
v 0.303986 -0.013750 -0.224530 200.000000 200.000000 200.000000
v 0.278879 0.849339 -0.369173 200.000000 200.000000 200.000000
v 0.106681 0.927333 -0.282204 200.000000 200.000000 200.000000
v -0.181988 -0.168150 -0.122706 200.000000 200.000000 200.000000
v 0.012304 0.474434 0.028433 200.000000 200.000000 200.000000
v -0.335124 0.165732 0.385585 200.000000 200.000000 200.000000
v 0.084030 0.581666 0.041684 200.000000 200.000000 200.000000
v 0.394486 0.533746 -0.133445 200.000000 200.000000 200.000000
v 0.223532 -0.088817 0.080320 200.000000 200.000000 200.000000
v 0.015354 0.311844 0.015410 200.000000 200.000000 200.000000
v 0.196442 0.399881 0.102392 200.000000 200.000000 200.000000
v 0.141276 0.918167 -0.377445 200.000000 200.000000 200.000000
v 0.214070 -0.715824 -0.121800 200.000000 200.000000 200.000000
v -0.171202 0.191714 0.289450 200.000000 200.000000 200.000000
v 0.351167 0.019534 -0.085156 200.000000 200.000000 200.000000
v 0.058628 0.928866 -0.292219 200.000000 200.000000 200.000000
v -0.189599 -0.263307 -0.105605 200.000000 200.000000 200.000000
v 0.069036 0.029874 -0.166811 200.000000 200.000000 200.000000
v 0.074995 0.310221 0.156338 200.000000 200.000000 200.000000
v 0.190043 -0.414080 -0.039723 200.000000 200.000000 200.000000
v 0.122119 -0.159292 -0.016902 200.000000 200.000000 200.000000
v 0.342991 0.285938 -0.169786 200.000000 200.000000 200.000000
v 0.206035 0.011801 -0.283179 200.000000 200.000000 200.000000
v -0.263460 -0.089555 -0.019435 200.000000 200.000000 200.000000
v -0.048340 -0.043158 0.071046 200.000000 200.000000 200.000000
v 0.397506 0.526388 -0.156437 200.000000 200.000000 200.000000
v 0.014641 0.319247 -0.038640 200.000000 200.000000 200.000000
v 0.034241 0.166322 -0.067000 200.000000 200.000000 200.000000
v 0.171342 -0.740967 0.000859 200.000000 200.000000 200.000000
v -0.140345 -0.386205 -0.038335 200.000000 200.000000 200.000000
v 0.141352 0.356118 0.116485 200.000000 200.000000 200.000000
v 0.159023 -0.512257 -0.163322 200.000000 200.000000 200.000000
v 0.058803 -0.999804 -0.110188 200.000000 200.000000 200.000000
v 0.251528 0.262151 0.044369 200.000000 200.000000 200.000000
v 0.094883 -0.006008 -0.166217 200.000000 200.000000 200.000000
v -0.067763 -0.144669 -0.093239 200.000000 200.000000 200.000000
v 0.031607 0.470871 -0.047087 200.000000 200.000000 200.000000
v 0.287871 0.735485 -0.475319 200.000000 200.000000 200.000000
v 0.343688 0.175397 -0.187630 200.000000 200.000000 200.000000
v 0.089086 0.022535 -0.190409 200.000000 200.000000 200.000000
v 0.065284 -0.066268 -0.141055 200.000000 200.000000 200.000000
v 0.390009 0.591395 -0.296877 200.000000 200.000000 200.000000
v 0.314553 -0.150228 -0.129950 200.000000 200.000000 200.000000
v 0.241874 0.500881 0.060384 200.000000 200.000000 200.000000
v 0.128930 0.863513 -0.122466 200.000000 200.000000 200.000000
v -0.192340 -0.059254 0.012372 200.000000 200.000000 200.000000
v 0.115195 -0.414119 -0.039317 200.000000 200.000000 200.000000
v 0.240282 -0.164207 -0.021074 200.000000 200.000000 200.000000
v 0.178487 -0.775726 0.007227 200.000000 200.000000 200.000000
v 0.157500 0.773978 -0.191201 200.000000 200.000000 200.000000
v 0.241947 -0.135045 0.004939 200.000000 200.000000 200.000000
v 0.082922 0.986063 -0.325307 200.000000 200.000000 200.000000
v 0.021282 -0.089730 -0.100618 200.000000 200.000000 200.000000
v 0.159814 0.659596 -0.162928 200.000000 200.000000 200.000000
v -0.082549 -0.340051 -0.066592 200.000000 200.000000 200.000000
v 0.126531 0.583344 -0.184414 200.000000 200.000000 200.000000
v 0.104892 -0.209544 -0.200311 200.000000 200.000000 200.000000
v 0.078075 0.599758 -0.186301 200.000000 200.000000 200.000000
v 0.074631 0.160644 0.064229 200.000000 200.000000 200.000000
v 0.048762 0.314561 -0.093514 200.000000 200.000000 200.000000
v 0.322985 0.187025 -0.240179 200.000000 200.000000 200.000000
v -0.208881 0.270052 0.299091 200.000000 200.000000 200.000000
v -0.009602 0.383473 0.043811 200.000000 200.000000 200.000000
v -0.213619 0.276883 0.342117 200.000000 200.000000 200.000000
v -0.194800 0.008469 -0.092143 200.000000 200.000000 200.000000
v 0.206259 0.190873 0.086219 200.000000 200.000000 200.000000
v -0.004308 0.674354 -0.082470 200.000000 200.000000 200.000000
v 0.343595 0.563577 -0.104043 200.000000 200.000000 200.000000
v 0.167262 0.162723 0.100291 200.000000 200.000000 200.000000
v 0.242467 0.079581 0.082645 200.000000 200.000000 200.000000
v 0.054628 0.700749 -0.171691 200.000000 200.000000 200.000000
v 0.058184 0.583740 -0.022952 200.000000 200.000000 200.000000
v 0.285647 -0.127319 -0.189645 200.000000 200.000000 200.000000
v 0.212553 -0.554526 -0.040521 200.000000 200.000000 200.000000
v 0.233326 0.782570 -0.429226 200.000000 200.000000 200.000000
v 0.042263 0.344225 0.212811 200.000000 200.000000 200.000000
v 0.100879 0.036207 -0.212074 200.000000 200.000000 200.000000
v 0.263059 0.715055 -0.419840 200.000000 200.000000 200.000000
v -0.159296 0.286980 0.254827 200.000000 200.000000 200.000000
v 0.122166 -0.721669 -0.042846 200.000000 200.000000 200.000000
v 0.169028 0.616309 0.016469 200.000000 200.000000 200.000000
v 0.332321 0.474952 -0.021743 200.000000 200.000000 200.000000
v 0.226738 -0.474249 -0.125480 200.000000 200.000000 200.000000
v 0.373403 0.621692 -0.238308 200.000000 200.000000 200.000000
v -0.011513 0.386083 0.046744 200.000000 200.000000 200.000000
v 0.155057 -0.517221 -0.163811 200.000000 200.000000 200.000000
v 0.129992 -0.775112 -0.019224 200.000000 200.000000 200.000000
v -0.110637 -0.433196 -0.006973 200.000000 200.000000 200.000000
v 0.081538 -0.160578 0.001364 200.000000 200.000000 200.000000
v 0.169510 0.662226 -0.050881 200.000000 200.000000 200.000000
v -0.158801 -0.082607 -0.143436 200.000000 200.000000 200.000000
v 0.170372 -0.564561 -0.025941 200.000000 200.000000 200.000000
v -0.004021 -0.015328 0.089071 200.000000 200.000000 200.000000
v 0.233683 0.178409 0.068532 200.000000 200.000000 200.000000
v 0.065994 0.297525 -0.150877 200.000000 200.000000 200.000000
v 0.314762 0.170980 -0.037880 200.000000 200.000000 200.000000
v 0.394708 0.518948 -0.166148 200.000000 200.000000 200.000000
v 0.049092 0.795263 -0.187174 200.000000 200.000000 200.000000
v 0.136880 -0.159158 0.023006 200.000000 200.000000 200.000000
v 0.229150 0.451806 -0.277001 200.000000 200.000000 200.000000
v 0.073893 -0.354366 -0.106283 200.000000 200.000000 200.000000
v -0.242487 0.259950 0.382004 200.000000 200.000000 200.000000
v 0.082223 -0.028314 -0.157003 200.000000 200.000000 200.000000
v 0.067465 0.503312 0.150784 200.000000 200.000000 200.000000
v 0.159020 -0.698591 -0.010444 200.000000 200.000000 200.000000
v 0.073932 -0.073767 0.107672 200.000000 200.000000 200.000000
v 0.292052 0.537619 -0.358739 200.000000 200.000000 200.000000
v 0.256852 0.532189 0.084899 200.000000 200.000000 200.000000
v 0.207911 0.682019 -0.071551 200.000000 200.000000 200.000000
v 0.144173 0.507815 0.116196 200.000000 200.000000 200.000000
v 0.144166 0.162553 0.105732 200.000000 200.000000 200.000000
v 0.164886 0.325884 0.099580 200.000000 200.000000 200.000000
v 0.198943 0.774280 -0.145629 200.000000 200.000000 200.000000
v 0.041425 0.535851 0.107291 200.000000 200.000000 200.000000
v 0.284274 0.694706 -0.438151 200.000000 200.000000 200.000000
v -0.007187 0.433916 0.196290 200.000000 200.000000 200.000000
v 0.158156 0.838603 -0.142777 200.000000 200.000000 200.000000
v -0.123219 0.343904 0.239053 200.000000 200.000000 200.000000
v -0.095525 0.241333 0.313637 200.000000 200.000000 200.000000
v 0.347802 -0.046953 -0.188132 200.000000 200.000000 200.000000
v 0.259808 0.091361 0.064403 200.000000 200.000000 200.000000
v 0.186375 -0.150801 0.033625 200.000000 200.000000 200.000000
v -0.028356 0.328744 0.101271 200.000000 200.000000 200.000000
v 0.208314 0.221413 0.095664 200.000000 200.000000 200.000000
v -0.076353 -0.169089 -0.048198 200.000000 200.000000 200.000000
v 0.091268 -0.194984 -0.066495 200.000000 200.000000 200.000000
v 0.139089 -0.003766 -0.188749 200.000000 200.000000 200.000000
v 0.137337 0.045256 -0.248170 200.000000 200.000000 200.000000
v -0.169380 -0.231573 0.020506 200.000000 200.000000 200.000000
v -0.092018 0.003599 0.043085 200.000000 200.000000 200.000000
v -0.015421 0.244060 0.261244 200.000000 200.000000 200.000000
v 0.326510 -0.058956 -0.140949 200.000000 200.000000 200.000000
v 0.372508 0.496111 -0.149526 200.000000 200.000000 200.000000
v 0.180336 -0.999577 0.001031 200.000000 200.000000 200.000000
v -0.003865 0.320032 0.269693 200.000000 200.000000 200.000000
v 0.272020 -0.016181 -0.302199 200.000000 200.000000 200.000000
v -0.148682 -0.158226 -0.028576 200.000000 200.000000 200.000000
v -0.241494 -0.001197 -0.086102 200.000000 200.000000 200.000000
v 0.314040 -0.151329 -0.135777 200.000000 200.000000 200.000000
v 0.081568 -0.450359 -0.173948 200.000000 200.000000 200.000000
v 0.071397 0.494672 -0.134698 200.000000 200.000000 200.000000
v -0.054984 -0.098464 0.042822 200.000000 200.000000 200.000000
v -0.189913 -0.279330 -0.090138 200.000000 200.000000 200.000000
v 0.047635 0.410910 -0.133378 200.000000 200.000000 200.000000
v 0.108719 0.269298 0.098463 200.000000 200.000000 200.000000
v -0.017808 0.450698 0.150067 200.000000 200.000000 200.000000
v 0.052764 0.253910 0.026808 200.000000 200.000000 200.000000
v -0.115342 -0.407399 0.018770 200.000000 200.000000 200.000000
v 0.164671 0.791864 -0.148565 200.000000 200.000000 200.000000
v 0.252788 0.388276 0.059935 200.000000 200.000000 200.000000
v 0.284549 0.340002 0.011304 200.000000 200.000000 200.000000
v 0.005841 0.750576 -0.019577 200.000000 200.000000 200.000000
v 0.248240 -0.366922 -0.119291 200.000000 200.000000 200.000000
v 0.187426 0.653017 -0.015408 200.000000 200.000000 200.000000
v -0.160963 -0.243525 0.020473 200.000000 200.000000 200.000000
v -0.371369 0.148251 0.471699 200.000000 200.000000 200.000000
v -0.375303 0.136484 0.454253 200.000000 200.000000 200.000000
v -0.019092 -0.156668 -0.001426 200.000000 200.000000 200.000000
v 0.260166 0.536809 -0.286915 200.000000 200.000000 200.000000
v 0.308189 -0.054943 -0.166698 200.000000 200.000000 200.000000
v -0.000547 0.439695 0.040848 200.000000 200.000000 200.000000
v 0.121568 -0.090385 -0.197916 200.000000 200.000000 200.000000
v 0.185523 0.848025 -0.346986 200.000000 200.000000 200.000000
v 0.129845 -0.118360 0.088262 200.000000 200.000000 200.000000
v 0.149839 -0.999440 -0.014243 200.000000 200.000000 200.000000
v -0.088894 0.029891 -0.066181 200.000000 200.000000 200.000000
v 0.213063 -0.998779 -0.020736 200.000000 200.000000 200.000000
v -0.021611 0.437366 0.165874 200.000000 200.000000 200.000000
v -0.253293 -0.215551 -0.108966 200.000000 200.000000 200.000000
v -0.025039 -0.482025 0.060454 200.000000 200.000000 200.000000
v 0.057693 0.545344 0.042900 200.000000 200.000000 200.000000
v -0.357316 0.216638 0.426742 200.000000 200.000000 200.000000
v 0.287057 0.002650 -0.299036 200.000000 200.000000 200.000000
v 0.206491 0.677591 -0.087497 200.000000 200.000000 200.000000
v 0.167382 0.323809 -0.256442 200.000000 200.000000 200.000000
v 0.021977 0.704748 -0.158830 200.000000 200.000000 200.000000
v -0.037181 -0.647459 0.045200 200.000000 200.000000 200.000000
v 0.076155 0.846361 -0.175165 200.000000 200.000000 200.000000
v 0.135280 0.868998 -0.370310 200.000000 200.000000 200.000000
v 0.076908 0.322072 0.184756 200.000000 200.000000 200.000000
v 0.014101 0.757196 -0.164597 200.000000 200.000000 200.000000
v 0.134622 0.594296 0.095510 200.000000 200.000000 200.000000
v 0.172785 0.110212 0.127185 200.000000 200.000000 200.000000
v -0.120272 -0.113360 -0.124886 200.000000 200.000000 200.000000
v 0.190062 -0.739348 0.002038 200.000000 200.000000 200.000000
v 0.345698 0.030359 -0.225612 200.000000 200.000000 200.000000
v 0.314185 -0.018416 -0.199318 200.000000 200.000000 200.000000
v -0.016122 -0.581619 -0.013357 200.000000 200.000000 200.000000
v -0.193187 -0.316781 -0.053827 200.000000 200.000000 200.000000
v 0.264747 0.812577 -0.356967 200.000000 200.000000 200.000000
v -0.128962 -0.064029 -0.128319 200.000000 200.000000 200.000000
v 0.387317 0.592425 -0.215633 200.000000 200.000000 200.000000
v -0.234288 -0.118671 -0.011258 200.000000 200.000000 200.000000
v -0.032088 -0.331991 -0.005589 200.000000 200.000000 200.000000
v -0.138111 0.018861 0.006117 200.000000 200.000000 200.000000
v -0.169048 -0.169300 -0.108041 200.000000 200.000000 200.000000
v 0.397537 0.612186 -0.321852 200.000000 200.000000 200.000000
v 0.125946 -0.177616 -0.218404 200.000000 200.000000 200.000000
v 0.025608 -0.117147 0.058858 200.000000 200.000000 200.000000
v 0.211786 0.412607 -0.264827 200.000000 200.000000 200.000000
v 0.111735 0.623020 -0.188201 200.000000 200.000000 200.000000
v 0.301493 0.549848 0.034100 200.000000 200.000000 200.000000
v 0.205753 0.757782 -0.082841 200.000000 200.000000 200.000000
v 0.320335 0.636507 -0.227944 200.000000 200.000000 200.000000
v 0.039891 0.389103 -0.102493 200.000000 200.000000 200.000000
v 0.251657 0.401467 0.062675 200.000000 200.000000 200.000000
v 0.073055 -0.481973 -0.133700 200.000000 200.000000 200.000000
v 0.266517 0.446063 0.050443 200.000000 200.000000 200.000000
v 0.069072 0.485905 0.161519 200.000000 200.000000 200.000000
v 0.004546 0.250770 0.219439 200.000000 200.000000 200.000000
v -0.065639 0.380039 0.148043 200.000000 200.000000 200.000000
v 0.395139 0.625809 -0.316533 200.000000 200.000000 200.000000
v -0.065835 0.047190 -0.020756 200.000000 200.000000 200.000000
v 0.157146 -0.999084 -0.065666 200.000000 200.000000 200.000000
v -0.012201 -0.548867 0.078677 200.000000 200.000000 200.000000
v -0.007313 -0.544637 -0.014213 200.000000 200.000000 200.000000
v 0.101250 0.110375 0.106209 200.000000 200.000000 200.000000
v 0.299102 0.820034 -0.470728 200.000000 200.000000 200.000000
v 0.087006 -0.446497 -0.087742 200.000000 200.000000 200.000000
v 0.201423 -0.590370 -0.025768 200.000000 200.000000 200.000000
v 0.290402 0.842673 -0.378631 200.000000 200.000000 200.000000
v -0.197915 -0.161730 -0.136984 200.000000 200.000000 200.000000
v 0.379975 0.514131 -0.255567 200.000000 200.000000 200.000000
v 0.338047 -0.080942 -0.044146 200.000000 200.000000 200.000000
v 0.132234 -0.080507 -0.206604 200.000000 200.000000 200.000000
v -0.039079 -0.427871 0.051617 200.000000 200.000000 200.000000
v -0.337183 -0.080958 -0.131911 200.000000 200.000000 200.000000
v -0.057085 -0.160268 -0.074621 200.000000 200.000000 200.000000
v 0.040537 0.119262 -0.165940 200.000000 200.000000 200.000000
v 0.194080 0.082660 -0.275869 200.000000 200.000000 200.000000
v 0.297474 0.214682 0.000331 200.000000 200.000000 200.000000
v 0.085855 0.846001 -0.178408 200.000000 200.000000 200.000000
v 0.072159 -0.204186 -0.157585 200.000000 200.000000 200.000000
v -0.081576 0.335085 0.303847 200.000000 200.000000 200.000000
v 0.019413 0.587384 -0.071200 200.000000 200.000000 200.000000
v -0.102386 0.022692 -0.075234 200.000000 200.000000 200.000000
v 0.334853 0.263374 -0.227215 200.000000 200.000000 200.000000
v -0.266989 0.177064 0.343584 200.000000 200.000000 200.000000
v 0.251592 0.440980 -0.315509 200.000000 200.000000 200.000000
v 0.381412 0.507415 -0.158315 200.000000 200.000000 200.000000
v -0.204299 -0.220775 -0.128473 200.000000 200.000000 200.000000
v 0.183943 0.669858 -0.001598 200.000000 200.000000 200.000000
v -0.324662 0.140564 0.387662 200.000000 200.000000 200.000000
v 0.246699 0.476684 -0.297724 200.000000 200.000000 200.000000
v 0.040739 0.475174 0.171077 200.000000 200.000000 200.000000
v 0.143132 -0.622384 -0.155053 200.000000 200.000000 200.000000
v 0.003649 -0.546748 -0.009868 200.000000 200.000000 200.000000
v -0.113104 -0.258992 -0.088448 200.000000 200.000000 200.000000
v 0.341123 0.294016 -0.219299 200.000000 200.000000 200.000000
v 0.251824 0.639487 0.032842 200.000000 200.000000 200.000000
v 0.002996 0.383981 0.007115 200.000000 200.000000 200.000000
v 0.283000 -0.202743 -0.149461 200.000000 200.000000 200.000000
v 0.365123 0.516012 -0.326377 200.000000 200.000000 200.000000
v 0.199663 -0.006179 -0.233999 200.000000 200.000000 200.000000
v 0.240172 0.570573 0.086932 200.000000 200.000000 200.000000
v 0.342731 0.083018 -0.230647 200.000000 200.000000 200.000000
v 0.336227 0.093283 -0.198332 200.000000 200.000000 200.000000
v -0.339972 -0.082882 -0.087682 200.000000 200.000000 200.000000
v 0.141259 -0.467870 -0.029216 200.000000 200.000000 200.000000
v 0.096069 0.315491 0.111184 200.000000 200.000000 200.000000
v 0.205708 0.210322 -0.269794 200.000000 200.000000 200.000000
v 0.186023 -0.447222 -0.179691 200.000000 200.000000 200.000000
v 0.281909 0.404559 0.026574 200.000000 200.000000 200.000000
v -0.038252 -0.326007 0.007362 200.000000 200.000000 200.000000
v 0.244148 0.906179 -0.381668 200.000000 200.000000 200.000000
v 0.307952 0.001224 -0.189136 200.000000 200.000000 200.000000
v 0.115065 0.868857 -0.144490 200.000000 200.000000 200.000000
v 0.263824 0.641408 -0.034766 200.000000 200.000000 200.000000
v -0.074315 0.045790 -0.025853 200.000000 200.000000 200.000000
v 0.069040 0.631572 -0.021677 200.000000 200.000000 200.000000
v 0.158388 0.176558 -0.254867 200.000000 200.000000 200.000000
v 0.370809 0.479045 -0.153197 200.000000 200.000000 200.000000
v 0.320228 0.187487 -0.049974 200.000000 200.000000 200.000000
v 0.269625 0.583576 0.063259 200.000000 200.000000 200.000000
v 0.201382 0.006067 -0.282526 200.000000 200.000000 200.000000
v 0.049499 0.254416 -0.140576 200.000000 200.000000 200.000000
v 0.247806 -0.158244 -0.018108 200.000000 200.000000 200.000000
v 0.185073 0.395999 0.109287 200.000000 200.000000 200.000000
v 0.071492 -0.030169 0.118824 200.000000 200.000000 200.000000
v -0.017009 0.458911 0.160691 200.000000 200.000000 200.000000
v 0.300685 0.582737 -0.039011 200.000000 200.000000 200.000000
v 0.262743 0.494283 -0.318739 200.000000 200.000000 200.000000
v -0.131952 0.322390 0.242817 200.000000 200.000000 200.000000
v -0.138307 -0.078508 0.026461 200.000000 200.000000 200.000000
v -0.232611 -0.233198 -0.010004 200.000000 200.000000 200.000000
v 0.058139 -0.140734 -0.144317 200.000000 200.000000 200.000000
v 0.133163 0.571341 -0.173767 200.000000 200.000000 200.000000
v 0.013947 0.046131 0.088391 200.000000 200.000000 200.000000
v 0.334854 0.545270 -0.390667 200.000000 200.000000 200.000000
v 0.080961 -0.430058 -0.101622 200.000000 200.000000 200.000000
v -0.143483 -0.109818 0.006599 200.000000 200.000000 200.000000
v 0.331604 -0.015256 -0.204521 200.000000 200.000000 200.000000
v 0.044474 0.123923 0.075147 200.000000 200.000000 200.000000
v 0.134830 0.606250 0.098710 200.000000 200.000000 200.000000
v 0.091298 0.108045 -0.211422 200.000000 200.000000 200.000000
v 0.155542 -0.999462 -0.005187 200.000000 200.000000 200.000000
v -0.015064 0.394691 0.228469 200.000000 200.000000 200.000000
v 0.022134 0.417793 -0.059766 200.000000 200.000000 200.000000
v 0.263183 0.597352 -0.258173 200.000000 200.000000 200.000000
v -0.002911 0.363442 0.227970 200.000000 200.000000 200.000000
v -0.190495 -0.145938 -0.000168 200.000000 200.000000 200.000000
v 0.052041 0.570984 -0.072010 200.000000 200.000000 200.000000
v 0.278421 0.596303 -0.321587 200.000000 200.000000 200.000000
v -0.004728 0.463571 0.064303 200.000000 200.000000 200.000000
v 0.087684 -0.167883 -0.062500 200.000000 200.000000 200.000000
v 0.202506 0.928103 -0.399936 200.000000 200.000000 200.000000
v -0.020898 0.241377 0.265798 200.000000 200.000000 200.000000
v 0.134912 -0.105146 -0.214471 200.000000 200.000000 200.000000
v 0.062435 0.847389 -0.171559 200.000000 200.000000 200.000000
v 0.064447 -0.259928 -0.135377 200.000000 200.000000 200.000000
v 0.326089 0.058888 -0.266479 200.000000 200.000000 200.000000
v 0.216895 0.786434 -0.077229 200.000000 200.000000 200.000000
v -0.001209 0.281756 0.262373 200.000000 200.000000 200.000000
v 0.096647 -0.187177 -0.062092 200.000000 200.000000 200.000000
v 0.291468 0.575932 0.020367 200.000000 200.000000 200.000000
v 0.217216 0.662193 -0.048259 200.000000 200.000000 200.000000
v 0.258995 -0.286658 -0.152980 200.000000 200.000000 200.000000
v 0.112546 -0.068808 -0.182121 200.000000 200.000000 200.000000
v 0.179663 0.397093 0.113117 200.000000 200.000000 200.000000
v 0.005542 0.339255 -0.001858 200.000000 200.000000 200.000000
v 0.222959 -0.508297 -0.138812 200.000000 200.000000 200.000000
v 0.288370 0.599419 -0.341744 200.000000 200.000000 200.000000
v 0.342625 0.345960 -0.225320 200.000000 200.000000 200.000000
v 0.049068 0.003964 -0.080574 200.000000 200.000000 200.000000
v 0.146089 -0.099612 0.101188 200.000000 200.000000 200.000000
v -0.090778 0.347340 0.165811 200.000000 200.000000 200.000000
v 0.342741 0.152025 -0.129964 200.000000 200.000000 200.000000
v 0.056361 -0.155622 -0.041531 200.000000 200.000000 200.000000
v -0.242630 -0.164041 -0.000956 200.000000 200.000000 200.000000
v 0.101063 0.165617 -0.173575 200.000000 200.000000 200.000000
v 0.193556 0.386259 0.103722 200.000000 200.000000 200.000000
v 0.155310 0.898567 -0.382134 200.000000 200.000000 200.000000
v -0.273410 0.185978 0.344433 200.000000 200.000000 200.000000
v -0.263425 0.172072 0.456550 200.000000 200.000000 200.000000
v 0.178869 0.757251 -0.174524 200.000000 200.000000 200.000000
v 0.206371 -0.770677 0.001872 200.000000 200.000000 200.000000
v 0.120766 0.772815 0.004365 200.000000 200.000000 200.000000
v 0.371165 0.515480 -0.312029 200.000000 200.000000 200.000000
v 0.060943 0.436518 -0.171600 200.000000 200.000000 200.000000
v 0.184093 -0.397347 -0.187217 200.000000 200.000000 200.000000
v 0.207336 -0.753208 -0.114813 200.000000 200.000000 200.000000
v 0.120752 -0.155368 -0.211031 200.000000 200.000000 200.000000
v 0.171387 0.119941 -0.262094 200.000000 200.000000 200.000000
v 0.105806 0.391378 0.151997 200.000000 200.000000 200.000000
v 0.039990 0.669518 -0.165316 200.000000 200.000000 200.000000
v 0.234244 0.002683 -0.230129 200.000000 200.000000 200.000000
v 0.128464 -0.531868 -0.176194 200.000000 200.000000 200.000000
v 0.321468 0.185187 -0.270793 200.000000 200.000000 200.000000
v 0.342152 0.283342 -0.173810 200.000000 200.000000 200.000000
v 0.205150 0.720569 -0.121507 200.000000 200.000000 200.000000
v 0.305047 0.791124 -0.485224 200.000000 200.000000 200.000000
v 0.309181 0.597809 -0.437741 200.000000 200.000000 200.000000
v -0.121398 0.007118 0.027417 200.000000 200.000000 200.000000
v 0.221778 -0.625647 -0.028595 200.000000 200.000000 200.000000
v -0.056640 0.323315 0.126656 200.000000 200.000000 200.000000
v -0.110037 -0.045619 -0.119276 200.000000 200.000000 200.000000
v 0.269072 0.726051 -0.445388 200.000000 200.000000 200.000000
v 0.254434 -0.129211 0.003550 200.000000 200.000000 200.000000
v -0.109362 -0.300704 0.029112 200.000000 200.000000 200.000000
v 0.092178 0.330357 0.150201 200.000000 200.000000 200.000000
v 0.351805 -0.045711 -0.080148 200.000000 200.000000 200.000000
v 0.250467 -0.366625 -0.089081 200.000000 200.000000 200.000000
v -0.004497 0.056598 0.023824 200.000000 200.000000 200.000000
v 0.086638 -0.544586 -0.152795 200.000000 200.000000 200.000000
v 0.232124 0.182451 -0.290638 200.000000 200.000000 200.000000
v 0.147977 -0.769179 -0.108943 200.000000 200.000000 200.000000
v -0.119656 0.295682 0.209067 200.000000 200.000000 200.000000
v 0.084833 0.328118 -0.157850 200.000000 200.000000 200.000000
v 0.203521 0.523538 -0.248117 200.000000 200.000000 200.000000
v 0.109477 0.458792 -0.219861 200.000000 200.000000 200.000000
v 0.160141 0.601789 0.061997 200.000000 200.000000 200.000000
v -0.117139 -0.246062 0.012821 200.000000 200.000000 200.000000
v 0.154317 -0.999426 -0.000789 200.000000 200.000000 200.000000
v 0.315762 0.229875 -0.061628 200.000000 200.000000 200.000000
v -0.226633 0.214702 0.308313 200.000000 200.000000 200.000000
v 0.035530 0.140321 0.032883 200.000000 200.000000 200.000000
v 0.010750 -0.999729 -0.133264 200.000000 200.000000 200.000000
v 0.142761 -0.782968 -0.002604 200.000000 200.000000 200.000000
v -0.013285 0.647874 -0.068292 200.000000 200.000000 200.000000
v 0.064320 0.553553 -0.039465 200.000000 200.000000 200.000000
v 0.341744 0.185335 -0.202343 200.000000 200.000000 200.000000
v 0.102770 0.354406 -0.192522 200.000000 200.000000 200.000000
v 0.061896 0.667243 -0.170873 200.000000 200.000000 200.000000
v 0.187534 0.671322 -0.008760 200.000000 200.000000 200.000000
v 0.104530 0.671175 -0.014120 200.000000 200.000000 200.000000
v 0.294290 0.638881 -0.444779 200.000000 200.000000 200.000000
v 0.183425 0.491243 0.094460 200.000000 200.000000 200.000000
v 0.214340 -0.004995 -0.265416 200.000000 200.000000 200.000000
v 0.203283 -0.784590 -0.108269 200.000000 200.000000 200.000000
v 0.266911 -0.211156 -0.066609 200.000000 200.000000 200.000000
v 0.339347 0.081218 -0.095136 200.000000 200.000000 200.000000
v 0.081371 -0.948902 -0.056008 200.000000 200.000000 200.000000
v -0.281865 -0.173784 -0.133261 200.000000 200.000000 200.000000
v -0.331678 0.148453 0.474581 200.000000 200.000000 200.000000
v -0.248100 -0.161943 -0.004083 200.000000 200.000000 200.000000
v 0.173659 -0.963160 -0.060512 200.000000 200.000000 200.000000
v 0.211508 0.221068 -0.272506 200.000000 200.000000 200.000000
v 0.241980 -0.110093 -0.228327 200.000000 200.000000 200.000000
v 0.385481 0.545753 -0.317046 200.000000 200.000000 200.000000
v 0.213493 -0.402443 -0.172999 200.000000 200.000000 200.000000
v 0.038621 0.464081 -0.079071 200.000000 200.000000 200.000000
v -0.139093 0.191619 0.281963 200.000000 200.000000 200.000000
v -0.034390 0.018388 0.072427 200.000000 200.000000 200.000000
v 0.206217 0.521616 0.091755 200.000000 200.000000 200.000000
v -0.244122 0.160102 0.422900 200.000000 200.000000 200.000000
v 0.233378 0.113189 0.094851 200.000000 200.000000 200.000000
v 0.072108 -0.026484 -0.117382 200.000000 200.000000 200.000000
v 0.346592 0.015509 -0.138024 200.000000 200.000000 200.000000
v -0.185012 -0.300286 0.008824 200.000000 200.000000 200.000000
v 0.193796 0.216522 0.098451 200.000000 200.000000 200.000000
v 0.334223 0.278843 -0.239531 200.000000 200.000000 200.000000
v 0.230432 -0.347332 -0.046919 200.000000 200.000000 200.000000
v -0.357549 0.169473 0.417362 200.000000 200.000000 200.000000
v 0.316345 0.749703 -0.363631 200.000000 200.000000 200.000000
v 0.351907 -0.058524 -0.146548 200.000000 200.000000 200.000000
v 0.093003 0.709851 -0.195243 200.000000 200.000000 200.000000
v 0.283785 0.822267 -0.363705 200.000000 200.000000 200.000000
v 0.083459 0.719107 -0.195488 200.000000 200.000000 200.000000
v 0.071675 0.844887 -0.176585 200.000000 200.000000 200.000000
v 0.025018 -0.014551 -0.068822 200.000000 200.000000 200.000000
v 0.065310 0.710653 -0.003329 200.000000 200.000000 200.000000
v 0.284228 0.614806 -0.081166 200.000000 200.000000 200.000000
v 0.104312 0.166362 0.075974 200.000000 200.000000 200.000000
v 0.231330 -0.533020 -0.110837 200.000000 200.000000 200.000000
v 0.007903 0.499337 0.093506 200.000000 200.000000 200.000000
v 0.045438 0.576437 -0.112397 200.000000 200.000000 200.000000
v 0.243965 -0.256871 -0.054439 200.000000 200.000000 200.000000
v 0.383974 0.543036 -0.327546 200.000000 200.000000 200.000000
v -0.130746 -0.137342 -0.005132 200.000000 200.000000 200.000000
v -0.176739 -0.119537 -0.003762 200.000000 200.000000 200.000000
v -0.265243 -0.084659 -0.178794 200.000000 200.000000 200.000000
v 0.337459 0.303071 -0.213726 200.000000 200.000000 200.000000
v 0.182512 -0.721952 -0.000825 200.000000 200.000000 200.000000
v 0.201063 0.656454 -0.002328 200.000000 200.000000 200.000000
v -0.146818 0.024458 -0.068295 200.000000 200.000000 200.000000
v 0.101072 -0.993541 -0.026185 200.000000 200.000000 200.000000
v -0.042857 -0.558984 0.012032 200.000000 200.000000 200.000000
v -0.008693 0.436999 0.092345 200.000000 200.000000 200.000000
v 0.140074 -0.213940 -0.227871 200.000000 200.000000 200.000000
v 0.113965 -0.183867 -0.053597 200.000000 200.000000 200.000000
v 0.040421 -0.153904 -0.049640 200.000000 200.000000 200.000000
v 0.238438 0.759127 -0.397480 200.000000 200.000000 200.000000
v -0.008936 -0.495121 0.070134 200.000000 200.000000 200.000000
v 0.309216 0.382490 -0.033297 200.000000 200.000000 200.000000
v 0.276573 0.618744 -0.162766 200.000000 200.000000 200.000000
v 0.069937 -0.330676 -0.087101 200.000000 200.000000 200.000000
v 0.310926 0.376551 -0.306055 200.000000 200.000000 200.000000
v -0.088026 0.040455 0.005380 200.000000 200.000000 200.000000
v -0.127928 -0.388178 -0.045494 200.000000 200.000000 200.000000
v 0.051826 0.808771 -0.199657 200.000000 200.000000 200.000000
v 0.141619 0.153387 0.110731 200.000000 200.000000 200.000000
v 0.133109 0.496249 -0.199073 200.000000 200.000000 200.000000
v -0.173869 0.284181 0.269155 200.000000 200.000000 200.000000
v 0.127574 0.302911 0.105443 200.000000 200.000000 200.000000
v 0.292834 0.293043 -0.301893 200.000000 200.000000 200.000000
v 0.088994 -0.999645 -0.096216 200.000000 200.000000 200.000000
v 0.335906 0.234400 -0.094737 200.000000 200.000000 200.000000
v 0.090300 -0.541448 -0.109568 200.000000 200.000000 200.000000
v 0.190426 -0.449048 -0.174709 200.000000 200.000000 200.000000
v -0.023932 0.258099 0.275419 200.000000 200.000000 200.000000
v 0.032894 0.158510 -0.056366 200.000000 200.000000 200.000000
v 0.111054 0.360677 0.149294 200.000000 200.000000 200.000000
v -0.021325 0.441100 0.184240 200.000000 200.000000 200.000000
v 0.120395 0.615313 -0.018419 200.000000 200.000000 200.000000
v 0.193324 0.239421 -0.272416 200.000000 200.000000 200.000000
v 0.106048 -0.263186 -0.059466 200.000000 200.000000 200.000000
v 0.010563 0.504690 0.076447 200.000000 200.000000 200.000000
v 0.234228 -0.428036 -0.099090 200.000000 200.000000 200.000000
v -0.292211 -0.081297 -0.032725 200.000000 200.000000 200.000000
v 0.345622 0.641711 -0.455096 200.000000 200.000000 200.000000
v -0.042784 0.407812 0.171101 200.000000 200.000000 200.000000
v 0.187958 0.480908 -0.248906 200.000000 200.000000 200.000000
v -0.133644 -0.293484 0.024855 200.000000 200.000000 200.000000
v 0.144317 0.727107 -0.000462 200.000000 200.000000 200.000000
v 0.110563 0.531193 -0.162088 200.000000 200.000000 200.000000
v 0.064680 0.297384 0.132640 200.000000 200.000000 200.000000
v -0.118771 -0.415557 -0.021843 200.000000 200.000000 200.000000
v 0.085560 0.258149 0.037599 200.000000 200.000000 200.000000
v 0.355149 0.421225 -0.115648 200.000000 200.000000 200.000000
v 0.131295 0.515894 -0.194323 200.000000 200.000000 200.000000
v 0.250390 0.530268 -0.278771 200.000000 200.000000 200.000000
v 0.398291 0.623444 -0.387721 200.000000 200.000000 200.000000
v 0.027376 -0.041537 -0.085363 200.000000 200.000000 200.000000
v 0.309361 0.541255 0.013192 200.000000 200.000000 200.000000
v 0.098760 0.933550 -0.349491 200.000000 200.000000 200.000000
v 0.276363 0.161201 0.039136 200.000000 200.000000 200.000000
v 0.193290 -0.511574 -0.170028 200.000000 200.000000 200.000000
v 0.338492 -0.008397 -0.226139 200.000000 200.000000 200.000000
v 0.051607 0.502128 0.144986 200.000000 200.000000 200.000000
v -0.095174 0.355651 0.201546 200.000000 200.000000 200.000000
v 0.118492 -0.400667 -0.179774 200.000000 200.000000 200.000000
v 0.032707 -0.016067 -0.081154 200.000000 200.000000 200.000000
v 0.301755 0.370729 -0.026921 200.000000 200.000000 200.000000
v 0.116076 0.934306 -0.371357 200.000000 200.000000 200.000000
v 0.061152 -0.258835 -0.118110 200.000000 200.000000 200.000000
v 0.079829 -0.500084 -0.114710 200.000000 200.000000 200.000000
v -0.106333 -0.273264 0.023204 200.000000 200.000000 200.000000
v -0.303060 0.203401 0.463048 200.000000 200.000000 200.000000
v 0.238854 -0.169841 -0.025345 200.000000 200.000000 200.000000
v 0.196982 0.706504 -0.059042 200.000000 200.000000 200.000000
v 0.125365 -0.914339 -0.060827 200.000000 200.000000 200.000000
v 0.279750 0.365947 0.008295 200.000000 200.000000 200.000000
v 0.258717 -0.329930 -0.115889 200.000000 200.000000 200.000000
v 0.195259 -0.151849 0.010867 200.000000 200.000000 200.000000
v 0.226318 0.266262 0.060961 200.000000 200.000000 200.000000
v 0.338645 0.699628 -0.334651 200.000000 200.000000 200.000000
v -0.136617 0.211281 0.252315 200.000000 200.000000 200.000000
v 0.136226 -0.164882 -0.044124 200.000000 200.000000 200.000000
v 0.160695 -0.422812 -0.038012 200.000000 200.000000 200.000000
v 0.121489 -0.067877 -0.194436 200.000000 200.000000 200.000000
v 0.342871 0.287301 -0.204774 200.000000 200.000000 200.000000
v 0.029435 0.319715 -0.057695 200.000000 200.000000 200.000000
v 0.006332 0.044460 0.079499 200.000000 200.000000 200.000000
v 0.394276 0.550145 -0.159642 200.000000 200.000000 200.000000
v -0.013720 -0.603395 0.075463 200.000000 200.000000 200.000000
v 0.047304 0.869781 -0.085701 200.000000 200.000000 200.000000
v -0.162051 -0.204606 -0.114821 200.000000 200.000000 200.000000
v 0.039190 0.070441 0.076184 200.000000 200.000000 200.000000
v -0.056841 0.365343 0.261110 200.000000 200.000000 200.000000
v 0.222837 0.337845 -0.298087 200.000000 200.000000 200.000000
v -0.079805 0.286138 0.312987 200.000000 200.000000 200.000000
v 0.224564 0.881733 -0.448426 200.000000 200.000000 200.000000
v 0.206013 0.920551 -0.416435 200.000000 200.000000 200.000000
v 0.039986 0.244310 -0.004532 200.000000 200.000000 200.000000
v -0.017537 0.386376 0.235788 200.000000 200.000000 200.000000
v 0.311064 0.620264 -0.156791 200.000000 200.000000 200.000000
v 0.065207 0.300644 0.113224 200.000000 200.000000 200.000000
v -0.149297 0.297845 0.252540 200.000000 200.000000 200.000000
v 0.142112 -0.634267 -0.028627 200.000000 200.000000 200.000000
v -0.185436 -0.336213 -0.037151 200.000000 200.000000 200.000000
v 0.074840 0.575545 -0.170342 200.000000 200.000000 200.000000
v -0.113492 -0.242781 0.009232 200.000000 200.000000 200.000000
v 0.048344 0.147717 -0.141920 200.000000 200.000000 200.000000
v 0.242260 -0.629140 -0.052147 200.000000 200.000000 200.000000
v -0.052588 0.335971 0.280277 200.000000 200.000000 200.000000
v 0.218159 -0.156542 -0.013064 200.000000 200.000000 200.000000
v 0.228101 -0.519108 -0.066532 200.000000 200.000000 200.000000
v 0.195927 -0.999633 0.001315 200.000000 200.000000 200.000000
v 0.315729 0.585600 -0.115602 200.000000 200.000000 200.000000
v -0.117433 -0.170612 -0.076454 200.000000 200.000000 200.000000
v 0.217994 0.829977 -0.456341 200.000000 200.000000 200.000000
v 0.326994 0.278458 -0.089295 200.000000 200.000000 200.000000
v 0.203638 -0.771527 0.002880 200.000000 200.000000 200.000000
v 0.243341 -0.341958 -0.147222 200.000000 200.000000 200.000000
v 0.366330 0.463391 -0.126379 200.000000 200.000000 200.000000
v 0.006631 0.319400 0.027594 200.000000 200.000000 200.000000
v 0.145666 0.185547 -0.256268 200.000000 200.000000 200.000000
v 0.188152 -0.392956 -0.038308 200.000000 200.000000 200.000000
v -0.208539 -0.195138 -0.134196 200.000000 200.000000 200.000000
v 0.305864 0.474343 0.009633 200.000000 200.000000 200.000000
v 0.271427 -0.269437 -0.091695 200.000000 200.000000 200.000000
v 0.388485 0.588961 -0.222599 200.000000 200.000000 200.000000
v 0.298291 0.815881 -0.473178 200.000000 200.000000 200.000000
v -0.176851 0.293794 0.291469 200.000000 200.000000 200.000000
v 0.196372 -0.171873 -0.028343 200.000000 200.000000 200.000000
v 0.285324 0.621308 -0.053714 200.000000 200.000000 200.000000
v 0.120091 -0.737447 -0.056392 200.000000 200.000000 200.000000
v 0.040334 0.820348 0.001133 200.000000 200.000000 200.000000
v 0.263882 0.871818 -0.438816 200.000000 200.000000 200.000000
v 0.346836 0.041878 -0.212059 200.000000 200.000000 200.000000
v 0.388752 0.551704 -0.283387 200.000000 200.000000 200.000000
v 0.171862 -0.658184 -0.014800 200.000000 200.000000 200.000000
v 0.051771 0.927906 -0.299872 200.000000 200.000000 200.000000
v -0.116800 0.310635 0.207745 200.000000 200.000000 200.000000
v 0.310565 0.565869 -0.025676 200.000000 200.000000 200.000000
v -0.009970 0.717555 -0.134690 200.000000 200.000000 200.000000
v 0.020221 0.744909 -0.164618 200.000000 200.000000 200.000000
v 0.238742 -0.371162 -0.140266 200.000000 200.000000 200.000000
v 0.117857 0.831054 -0.004650 200.000000 200.000000 200.000000
v -0.014641 0.786944 -0.131825 200.000000 200.000000 200.000000
v 0.177312 0.882546 -0.330512 200.000000 200.000000 200.000000
v -0.033719 -0.367065 0.015913 200.000000 200.000000 200.000000
v 0.151603 0.122246 -0.253206 200.000000 200.000000 200.000000
v 0.340499 0.520253 -0.369762 200.000000 200.000000 200.000000
v -0.136714 -0.240812 -0.104540 200.000000 200.000000 200.000000
v -0.175976 -0.178570 -0.126374 200.000000 200.000000 200.000000
v 0.294999 0.142865 -0.284454 200.000000 200.000000 200.000000
v 0.022315 -0.401398 0.012141 200.000000 200.000000 200.000000
v 0.234343 0.592072 -0.184976 200.000000 200.000000 200.000000
v 0.323102 -0.133291 -0.057521 200.000000 200.000000 200.000000
v -0.059678 0.396629 0.200018 200.000000 200.000000 200.000000
v 0.010179 0.433052 -0.002385 200.000000 200.000000 200.000000
v 0.305818 -0.068514 0.002858 200.000000 200.000000 200.000000
v -0.017308 0.435732 0.127974 200.000000 200.000000 200.000000
v -0.267934 -0.072191 -0.015549 200.000000 200.000000 200.000000
v 0.238857 -0.394962 -0.115919 200.000000 200.000000 200.000000
v 0.362535 0.540890 -0.089271 200.000000 200.000000 200.000000
v 0.164841 0.636541 0.049929 200.000000 200.000000 200.000000
v 0.189631 -0.512567 -0.036391 200.000000 200.000000 200.000000
v 0.387430 0.618587 -0.282911 200.000000 200.000000 200.000000
v 0.205229 0.300586 -0.287314 200.000000 200.000000 200.000000
v 0.207600 0.588101 -0.220057 200.000000 200.000000 200.000000
v 0.281622 0.601247 -0.332448 200.000000 200.000000 200.000000
v -0.119709 -0.383107 -0.049446 200.000000 200.000000 200.000000
v -0.002615 0.723224 -0.140208 200.000000 200.000000 200.000000
v 0.234771 -0.106421 -0.230772 200.000000 200.000000 200.000000
v 0.064729 0.911369 -0.311102 200.000000 200.000000 200.000000
v 0.161690 0.531386 -0.216883 200.000000 200.000000 200.000000
v 0.315671 -0.081288 -0.009493 200.000000 200.000000 200.000000
v 0.316022 0.433182 -0.020923 200.000000 200.000000 200.000000
v -0.165589 0.302634 0.343631 200.000000 200.000000 200.000000
v 0.167584 -0.842393 -0.099888 200.000000 200.000000 200.000000
v 0.211815 -0.724323 -0.005050 200.000000 200.000000 200.000000
v 0.088874 0.704773 -0.184746 200.000000 200.000000 200.000000
v -0.248002 -0.248199 -0.037658 200.000000 200.000000 200.000000
v 0.148184 0.708529 -0.003646 200.000000 200.000000 200.000000
v 0.038208 -0.973279 -0.094798 200.000000 200.000000 200.000000
v 0.243508 0.845367 -0.463983 200.000000 200.000000 200.000000
v 0.274595 0.599186 -0.277038 200.000000 200.000000 200.000000
v 0.006811 -0.615000 -0.007387 200.000000 200.000000 200.000000
v 0.100055 0.130968 -0.213952 200.000000 200.000000 200.000000
v 0.177736 0.823091 -0.160118 200.000000 200.000000 200.000000
v -0.330771 0.204148 0.463539 200.000000 200.000000 200.000000
v 0.054592 0.810720 0.011623 200.000000 200.000000 200.000000
v 0.206185 -0.021255 -0.234974 200.000000 200.000000 200.000000
v 0.047228 0.663690 -0.013186 200.000000 200.000000 200.000000
v -0.001871 -0.996108 -0.098265 200.000000 200.000000 200.000000
v 0.310413 0.545574 -0.059167 200.000000 200.000000 200.000000
v 0.089359 0.330250 0.161509 200.000000 200.000000 200.000000
v 0.215127 0.577255 -0.206136 200.000000 200.000000 200.000000
v 0.120001 0.002884 0.138030 200.000000 200.000000 200.000000
v -0.087384 -0.367275 -0.063690 200.000000 200.000000 200.000000
v 0.234379 0.603005 -0.248011 200.000000 200.000000 200.000000
v 0.181392 -0.119224 0.078215 200.000000 200.000000 200.000000
v 0.292849 0.645391 -0.301891 200.000000 200.000000 200.000000
v 0.256152 -0.347278 -0.101192 200.000000 200.000000 200.000000
v 0.264192 -0.112289 -0.213840 200.000000 200.000000 200.000000
v 0.109482 0.453800 -0.219623 200.000000 200.000000 200.000000
v 0.164533 -0.824332 0.013320 200.000000 200.000000 200.000000
v -0.050577 -0.046470 0.070484 200.000000 200.000000 200.000000
v -0.036899 0.382895 0.232433 200.000000 200.000000 200.000000
v 0.154122 -0.826935 -0.100372 200.000000 200.000000 200.000000
v 0.341170 0.083104 -0.236079 200.000000 200.000000 200.000000
v 0.129598 -0.999357 -0.032671 200.000000 200.000000 200.000000
v -0.201273 0.144256 0.368215 200.000000 200.000000 200.000000
v 0.092715 0.208323 -0.216846 200.000000 200.000000 200.000000
v 0.109696 0.434894 0.154247 200.000000 200.000000 200.000000
v 0.089915 -0.158548 0.015378 200.000000 200.000000 200.000000
v 0.021923 0.333676 -0.032113 200.000000 200.000000 200.000000
v 0.337964 0.341863 -0.232294 200.000000 200.000000 200.000000
v 0.242579 -0.620260 -0.057175 200.000000 200.000000 200.000000
v 0.167929 -0.677750 -0.011761 200.000000 200.000000 200.000000
v 0.104046 0.725757 -0.002620 200.000000 200.000000 200.000000
v -0.018527 -0.565248 0.080115 200.000000 200.000000 200.000000
v 0.039847 0.255714 -0.048483 200.000000 200.000000 200.000000
v -0.216111 0.137230 0.358566 200.000000 200.000000 200.000000
v 0.335881 0.237220 -0.207203 200.000000 200.000000 200.000000
v -0.011068 0.253086 0.168676 200.000000 200.000000 200.000000
v 0.240564 -0.775563 -0.050635 200.000000 200.000000 200.000000
v 0.198423 0.283000 0.077208 200.000000 200.000000 200.000000
v -0.366174 0.210672 0.456021 200.000000 200.000000 200.000000
v 0.196710 0.126351 -0.275384 200.000000 200.000000 200.000000
v -0.099915 -0.099886 0.026619 200.000000 200.000000 200.000000
v 0.192856 0.734748 -0.045037 200.000000 200.000000 200.000000
v 0.171042 0.587933 -0.198759 200.000000 200.000000 200.000000
v 0.111149 -0.642488 -0.061189 200.000000 200.000000 200.000000
v 0.254035 0.889545 -0.421803 200.000000 200.000000 200.000000
v 0.058984 0.456564 0.173300 200.000000 200.000000 200.000000
v -0.034674 0.404414 0.082197 200.000000 200.000000 200.000000
v 0.162929 -0.002429 -0.259850 200.000000 200.000000 200.000000
v 0.168920 0.595239 0.043590 200.000000 200.000000 200.000000
v 0.333062 0.171576 -0.076216 200.000000 200.000000 200.000000
v 0.009488 -0.552293 0.064657 200.000000 200.000000 200.000000
v 0.181574 0.547755 0.108737 200.000000 200.000000 200.000000
v 0.181271 0.706324 -0.159276 200.000000 200.000000 200.000000
v 0.025517 0.349406 -0.040654 200.000000 200.000000 200.000000
v 0.313221 0.096801 -0.015319 200.000000 200.000000 200.000000
v 0.230657 0.256823 -0.283420 200.000000 200.000000 200.000000
v 0.211755 -0.531373 -0.049665 200.000000 200.000000 200.000000
v 0.140251 0.107688 -0.244519 200.000000 200.000000 200.000000
v 0.399170 0.629504 -0.390388 200.000000 200.000000 200.000000
v -0.027000 0.380603 0.236853 200.000000 200.000000 200.000000
v -0.033946 0.044303 0.029958 200.000000 200.000000 200.000000
v 0.255791 -0.264969 -0.064247 200.000000 200.000000 200.000000
v -0.213792 -0.154271 0.007725 200.000000 200.000000 200.000000
v 0.032598 -0.020936 0.102721 200.000000 200.000000 200.000000
v 0.041989 0.731760 -0.173880 200.000000 200.000000 200.000000
v -0.149735 -0.155335 -0.028906 200.000000 200.000000 200.000000
v 0.088641 0.158400 -0.144370 200.000000 200.000000 200.000000
v -0.161273 -0.367413 -0.029294 200.000000 200.000000 200.000000
v 0.138031 0.857900 -0.134862 200.000000 200.000000 200.000000
v 0.166733 0.301803 0.090273 200.000000 200.000000 200.000000
v 0.215059 0.662528 -0.059004 200.000000 200.000000 200.000000
v 0.273172 0.141936 -0.295888 200.000000 200.000000 200.000000
v 0.085392 0.878083 -0.129266 200.000000 200.000000 200.000000
v 0.212516 -0.252910 -0.038110 200.000000 200.000000 200.000000
v 0.352456 0.422592 -0.252954 200.000000 200.000000 200.000000
v 0.100135 -0.541473 -0.074674 200.000000 200.000000 200.000000
v 0.108847 -0.610448 -0.112073 200.000000 200.000000 200.000000
v -0.037767 -0.160932 -0.012660 200.000000 200.000000 200.000000
v 0.062704 0.301023 0.108959 200.000000 200.000000 200.000000
v 0.040364 0.304808 0.107356 200.000000 200.000000 200.000000
v 0.155128 0.031518 0.136732 200.000000 200.000000 200.000000
v 0.277570 0.632797 -0.187700 200.000000 200.000000 200.000000
v 0.138802 -0.861238 0.006286 200.000000 200.000000 200.000000
v 0.080647 0.155098 -0.091870 200.000000 200.000000 200.000000
v 0.326283 0.670627 -0.478423 200.000000 200.000000 200.000000
v 0.325948 0.275194 -0.260851 200.000000 200.000000 200.000000
v 0.054895 -0.227169 -0.115109 200.000000 200.000000 200.000000
v -0.012154 -0.132610 -0.095226 200.000000 200.000000 200.000000
v 0.034866 0.619570 -0.144906 200.000000 200.000000 200.000000
v 0.057993 -0.962911 -0.081134 200.000000 200.000000 200.000000
v -0.137092 0.331187 0.293231 200.000000 200.000000 200.000000
v 0.213563 0.801046 -0.444891 200.000000 200.000000 200.000000
v 0.119995 0.632682 -0.028241 200.000000 200.000000 200.000000
v 0.017199 0.646004 -0.140755 200.000000 200.000000 200.000000
v 0.163091 0.631679 -0.030300 200.000000 200.000000 200.000000
v 0.223456 -0.159168 -0.016083 200.000000 200.000000 200.000000
v 0.171077 0.617837 0.039565 200.000000 200.000000 200.000000
v 0.343484 0.364917 -0.132399 200.000000 200.000000 200.000000
v 0.253277 0.530866 -0.283013 200.000000 200.000000 200.000000
v 0.153524 -0.153372 0.041605 200.000000 200.000000 200.000000
v 0.071571 -0.250170 -0.153405 200.000000 200.000000 200.000000
v 0.143884 0.651137 -0.162409 200.000000 200.000000 200.000000
v 0.072886 0.946307 -0.295155 200.000000 200.000000 200.000000
v -0.020844 0.783723 -0.030755 200.000000 200.000000 200.000000
v 0.011039 0.508279 0.090711 200.000000 200.000000 200.000000
v 0.098224 0.548875 -0.134765 200.000000 200.000000 200.000000
v -0.180141 -0.325425 -0.056134 200.000000 200.000000 200.000000
v 0.315241 -0.164757 -0.135098 200.000000 200.000000 200.000000
v 0.067309 0.300612 -0.147012 200.000000 200.000000 200.000000
v 0.034606 0.104204 -0.147303 200.000000 200.000000 200.000000
v -0.232437 0.219063 0.310145 200.000000 200.000000 200.000000
v -0.069244 0.273488 0.173060 200.000000 200.000000 200.000000
v 0.187445 0.141644 0.106464 200.000000 200.000000 200.000000
v 0.269239 -0.120662 -0.208983 200.000000 200.000000 200.000000
v 0.203574 0.006362 -0.283508 200.000000 200.000000 200.000000
v 0.162690 0.932509 -0.373417 200.000000 200.000000 200.000000
v -0.074060 0.221239 0.247937 200.000000 200.000000 200.000000
v 0.366331 0.441266 -0.204857 200.000000 200.000000 200.000000
v -0.012688 -0.165515 -0.045910 200.000000 200.000000 200.000000
v -0.003296 0.681705 -0.080608 200.000000 200.000000 200.000000
v 0.093216 0.167289 -0.179024 200.000000 200.000000 200.000000
v 0.251092 0.152707 0.059441 200.000000 200.000000 200.000000
v -0.069477 -0.167762 -0.060016 200.000000 200.000000 200.000000
v 0.092079 0.872488 -0.070715 200.000000 200.000000 200.000000
v 0.155612 0.753085 -0.005040 200.000000 200.000000 200.000000
v 0.313010 0.556219 -0.001296 200.000000 200.000000 200.000000
v 0.046597 -0.410652 0.034884 200.000000 200.000000 200.000000
v 0.069592 -0.003906 -0.120161 200.000000 200.000000 200.000000
v 0.382012 0.760070 -0.440727 200.000000 200.000000 200.000000
v 0.070890 0.291655 -0.170828 200.000000 200.000000 200.000000
v -0.036745 0.402572 0.086475 200.000000 200.000000 200.000000
v 0.244177 -0.607957 -0.075028 200.000000 200.000000 200.000000
v 0.329074 0.143770 -0.219570 200.000000 200.000000 200.000000
v 0.101011 -0.457987 -0.180254 200.000000 200.000000 200.000000
v -0.047089 -0.130412 0.021361 200.000000 200.000000 200.000000
v 0.192546 0.451843 -0.266866 200.000000 200.000000 200.000000
v 0.162466 -0.737931 -0.122254 200.000000 200.000000 200.000000
v 0.050424 0.758792 -0.185736 200.000000 200.000000 200.000000
v 0.343538 0.114159 -0.088652 200.000000 200.000000 200.000000
v 0.294536 0.656691 -0.338107 200.000000 200.000000 200.000000
v 0.354940 0.426830 -0.108242 200.000000 200.000000 200.000000
v 0.119500 0.813804 -0.203529 200.000000 200.000000 200.000000
v 0.279767 -0.023233 -0.204716 200.000000 200.000000 200.000000
v 0.006481 0.316052 0.250230 200.000000 200.000000 200.000000
v 0.078475 0.272889 -0.196433 200.000000 200.000000 200.000000
v -0.273532 0.203763 0.343200 200.000000 200.000000 200.000000
v 0.103906 -0.999606 -0.119339 200.000000 200.000000 200.000000
v 0.085057 -0.010280 -0.144431 200.000000 200.000000 200.000000
v -0.189305 -0.024165 -0.135408 200.000000 200.000000 200.000000
v 0.196483 -0.928365 -0.057324 200.000000 200.000000 200.000000
v 0.335045 0.148091 -0.097091 200.000000 200.000000 200.000000
v 0.325473 -0.152787 -0.082116 200.000000 200.000000 200.000000
v 0.319564 0.316639 -0.278388 200.000000 200.000000 200.000000
v 0.185769 0.399948 0.108975 200.000000 200.000000 200.000000
v 0.325434 0.562595 -0.086335 200.000000 200.000000 200.000000
v 0.041540 -0.069522 -0.119807 200.000000 200.000000 200.000000
v -0.121772 -0.241038 -0.092023 200.000000 200.000000 200.000000
v 0.108017 0.822203 0.003835 200.000000 200.000000 200.000000
v 0.171143 -0.733898 -0.000604 200.000000 200.000000 200.000000
v 0.231356 -0.688412 -0.024063 200.000000 200.000000 200.000000
v 0.173047 -0.548251 -0.160517 200.000000 200.000000 200.000000
v 0.310304 -0.065197 -0.001757 200.000000 200.000000 200.000000
v 0.206593 0.753077 -0.102182 200.000000 200.000000 200.000000
v 0.189428 0.094117 -0.277996 200.000000 200.000000 200.000000
v 0.356291 0.551430 -0.094175 200.000000 200.000000 200.000000
v 0.117858 0.755509 -0.198235 200.000000 200.000000 200.000000
v -0.140980 0.231315 0.243145 200.000000 200.000000 200.000000
v 0.023177 0.574576 -0.079053 200.000000 200.000000 200.000000
v -0.156512 0.026436 -0.038861 200.000000 200.000000 200.000000
v 0.314374 0.278990 -0.017679 200.000000 200.000000 200.000000
v 0.045244 -0.054483 -0.119378 200.000000 200.000000 200.000000
v 0.006770 0.088457 -0.023834 200.000000 200.000000 200.000000
v 0.336963 0.382648 -0.093351 200.000000 200.000000 200.000000
v 0.217757 -0.369581 -0.042258 200.000000 200.000000 200.000000
v 0.327663 -0.126021 -0.069296 200.000000 200.000000 200.000000
v 0.396860 0.559154 -0.324091 200.000000 200.000000 200.000000
v 0.169187 0.734001 -0.181181 200.000000 200.000000 200.000000
v 0.001814 -0.598009 -0.014535 200.000000 200.000000 200.000000
v 0.082788 -0.964151 -0.095519 200.000000 200.000000 200.000000
v 0.277946 0.329497 0.026030 200.000000 200.000000 200.000000
v -0.054902 0.220746 0.275179 200.000000 200.000000 200.000000
v 0.207339 -0.327657 -0.200918 200.000000 200.000000 200.000000
v 0.067278 0.048331 0.124629 200.000000 200.000000 200.000000
v 0.111216 -0.663169 -0.074694 200.000000 200.000000 200.000000
v -0.024201 -0.159894 -0.065475 200.000000 200.000000 200.000000
v 0.100393 0.963558 -0.280480 200.000000 200.000000 200.000000
v 0.338334 0.261402 -0.126143 200.000000 200.000000 200.000000
v -0.029650 -0.376857 0.021253 200.000000 200.000000 200.000000
v -0.217164 -0.132947 -0.159318 200.000000 200.000000 200.000000
v -0.043615 0.399656 0.194087 200.000000 200.000000 200.000000
v 0.200077 0.692674 -0.081053 200.000000 200.000000 200.000000
v 0.353929 0.787025 -0.464433 200.000000 200.000000 200.000000
v 0.354026 0.722136 -0.356348 200.000000 200.000000 200.000000
v 0.094790 0.747889 0.004201 200.000000 200.000000 200.000000
v -0.283517 -0.185554 -0.045088 200.000000 200.000000 200.000000
v 0.087176 0.419626 -0.199148 200.000000 200.000000 200.000000
v 0.255309 0.896051 -0.388243 200.000000 200.000000 200.000000
v 0.212977 0.807426 -0.450711 200.000000 200.000000 200.000000
v 0.329855 0.346582 -0.267909 200.000000 200.000000 200.000000
v 0.024690 0.757237 -0.006238 200.000000 200.000000 200.000000
v 0.270515 0.293173 0.012031 200.000000 200.000000 200.000000
v 0.177730 0.562850 -0.185206 200.000000 200.000000 200.000000
v 0.337137 0.191884 -0.091363 200.000000 200.000000 200.000000
v 0.190459 0.561776 -0.232418 200.000000 200.000000 200.000000
v 0.240483 -0.401498 -0.085337 200.000000 200.000000 200.000000
v 0.072362 0.453901 0.169453 200.000000 200.000000 200.000000
v 0.292786 0.525487 -0.353746 200.000000 200.000000 200.000000
v 0.301039 0.592709 -0.087725 200.000000 200.000000 200.000000
v -0.070352 -0.288616 -0.028050 200.000000 200.000000 200.000000
v 0.058917 0.964331 -0.336226 200.000000 200.000000 200.000000
v -0.159224 0.022480 -0.020573 200.000000 200.000000 200.000000
v 0.051828 0.920649 -0.314197 200.000000 200.000000 200.000000
v 0.333754 0.102258 -0.248494 200.000000 200.000000 200.000000
v 0.233576 -0.741087 -0.094855 200.000000 200.000000 200.000000
v -0.154263 -0.194000 -0.105812 200.000000 200.000000 200.000000
v -0.345800 0.138352 0.432899 200.000000 200.000000 200.000000
v 0.254269 -0.096662 -0.223202 200.000000 200.000000 200.000000
v 0.152619 0.832516 -0.193327 200.000000 200.000000 200.000000
v 0.168152 -0.724987 -0.126879 200.000000 200.000000 200.000000
v 0.018175 0.052330 0.089605 200.000000 200.000000 200.000000
v 0.089977 0.270971 0.094179 200.000000 200.000000 200.000000
v -0.028477 -0.475497 -0.023390 200.000000 200.000000 200.000000
v -0.035478 -0.043789 -0.099761 200.000000 200.000000 200.000000
v 0.332781 0.805190 -0.465194 200.000000 200.000000 200.000000
v 0.070053 0.871992 -0.066684 200.000000 200.000000 200.000000
v -0.256576 0.123107 0.394470 200.000000 200.000000 200.000000
v 0.337452 0.203030 -0.179307 200.000000 200.000000 200.000000
v 0.062924 0.162021 -0.182432 200.000000 200.000000 200.000000
v 0.151272 0.588505 -0.196735 200.000000 200.000000 200.000000
v -0.184532 0.233870 0.261091 200.000000 200.000000 200.000000
v 0.065730 0.551739 -0.079687 200.000000 200.000000 200.000000
v 0.170362 0.617243 0.076146 200.000000 200.000000 200.000000
v -0.198992 0.277066 0.361711 200.000000 200.000000 200.000000
v -0.222254 0.004647 -0.060529 200.000000 200.000000 200.000000
v 0.377520 0.769886 -0.425943 200.000000 200.000000 200.000000
v 0.183186 0.623322 0.067787 200.000000 200.000000 200.000000
v 0.238401 0.525961 0.101213 200.000000 200.000000 200.000000
v -0.293302 -0.196370 -0.088183 200.000000 200.000000 200.000000
v 0.153657 -0.175490 -0.231251 200.000000 200.000000 200.000000
v 0.025573 0.130995 0.038702 200.000000 200.000000 200.000000
v -0.052632 0.404293 0.137443 200.000000 200.000000 200.000000
v -0.327402 -0.108654 -0.064820 200.000000 200.000000 200.000000
v 0.369542 0.602317 -0.169874 200.000000 200.000000 200.000000
v 0.069579 0.887059 -0.329742 200.000000 200.000000 200.000000
v -0.179358 -0.198697 -0.125065 200.000000 200.000000 200.000000
v 0.203964 0.054674 -0.284422 200.000000 200.000000 200.000000
v 0.104984 0.689570 -0.012118 200.000000 200.000000 200.000000
v 0.326960 -0.082845 -0.023392 200.000000 200.000000 200.000000
v 0.135975 -0.928072 -0.062340 200.000000 200.000000 200.000000
v 0.242610 -0.730975 -0.077817 200.000000 200.000000 200.000000
v 0.046492 0.182221 -0.049053 200.000000 200.000000 200.000000
v 0.190852 -0.835631 0.015703 200.000000 200.000000 200.000000
v 0.064219 -0.157070 -0.035182 200.000000 200.000000 200.000000
v 0.380346 0.576047 -0.374563 200.000000 200.000000 200.000000
v 0.345284 -0.038795 -0.158640 200.000000 200.000000 200.000000
v 0.115081 0.556736 -0.165385 200.000000 200.000000 200.000000
v 0.309906 0.160169 -0.021795 200.000000 200.000000 200.000000
v -0.018859 -0.554590 -0.013022 200.000000 200.000000 200.000000
v 0.306543 0.221208 -0.034859 200.000000 200.000000 200.000000
v 0.033138 -0.121641 0.057876 200.000000 200.000000 200.000000
v 0.281891 0.516667 -0.346002 200.000000 200.000000 200.000000
v -0.009986 0.706092 -0.052680 200.000000 200.000000 200.000000
v 0.288216 -0.010360 -0.301017 200.000000 200.000000 200.000000
v 0.211687 -0.054481 0.102513 200.000000 200.000000 200.000000
v 0.049630 -0.234024 -0.101280 200.000000 200.000000 200.000000
v 0.255080 0.526691 -0.294967 200.000000 200.000000 200.000000
v 0.225661 0.818921 -0.459534 200.000000 200.000000 200.000000
v 0.037274 -0.470113 0.047893 200.000000 200.000000 200.000000
v 0.339901 0.332220 -0.219552 200.000000 200.000000 200.000000
v 0.379253 0.533574 -0.325617 200.000000 200.000000 200.000000
v 0.071876 -0.180249 -0.159070 200.000000 200.000000 200.000000
v 0.031302 0.143603 -0.043326 200.000000 200.000000 200.000000
v 0.099963 -0.566898 -0.078322 200.000000 200.000000 200.000000
v 0.294509 0.519001 0.015957 200.000000 200.000000 200.000000
v -0.290569 0.186352 0.363549 200.000000 200.000000 200.000000
v 0.050991 0.383764 -0.128450 200.000000 200.000000 200.000000
v -0.084762 -0.037237 0.059056 200.000000 200.000000 200.000000
v -0.202315 0.172396 0.400076 200.000000 200.000000 200.000000
v 0.059311 0.068657 0.114877 200.000000 200.000000 200.000000
v -0.093551 0.345055 0.273247 200.000000 200.000000 200.000000
v 0.143819 0.886707 -0.417277 200.000000 200.000000 200.000000
v 0.091328 0.107314 -0.211976 200.000000 200.000000 200.000000
v -0.382793 0.149643 0.461372 200.000000 200.000000 200.000000
v -0.283719 0.136231 0.450471 200.000000 200.000000 200.000000
v 0.038380 0.475449 -0.061863 200.000000 200.000000 200.000000
v 0.300095 0.530748 -0.382912 200.000000 200.000000 200.000000
v 0.188372 -0.999549 0.011968 200.000000 200.000000 200.000000
v 0.120628 -0.813320 -0.052443 200.000000 200.000000 200.000000
v 0.292706 0.536352 -0.357273 200.000000 200.000000 200.000000
v -0.335547 0.217794 0.437583 200.000000 200.000000 200.000000
v 0.180273 -0.994617 -0.060168 200.000000 200.000000 200.000000
v 0.186225 -0.818554 -0.103291 200.000000 200.000000 200.000000
v 0.344520 0.054927 -0.096878 200.000000 200.000000 200.000000
v 0.065917 -0.224570 -0.145446 200.000000 200.000000 200.000000
v 0.149126 -0.428611 -0.193174 200.000000 200.000000 200.000000
v 0.059080 0.496913 -0.036542 200.000000 200.000000 200.000000
v 0.225162 -0.068802 0.087249 200.000000 200.000000 200.000000
v 0.002737 -0.394745 0.025967 200.000000 200.000000 200.000000
v 0.185871 0.103059 -0.272121 200.000000 200.000000 200.000000
v 0.173600 0.595086 0.073184 200.000000 200.000000 200.000000
v 0.122375 -0.756219 -0.047124 200.000000 200.000000 200.000000
v 0.294101 0.268062 0.000621 200.000000 200.000000 200.000000
v 0.350482 0.472901 -0.307254 200.000000 200.000000 200.000000
v 0.149818 0.547587 0.088805 200.000000 200.000000 200.000000
v -0.329906 0.201999 0.386172 200.000000 200.000000 200.000000
v -0.120731 0.262472 0.351616 200.000000 200.000000 200.000000
v -0.172798 -0.321156 0.005291 200.000000 200.000000 200.000000
v -0.082117 -0.032809 -0.104249 200.000000 200.000000 200.000000
v 0.348206 0.019482 -0.116855 200.000000 200.000000 200.000000
v 0.134061 -0.618014 -0.152781 200.000000 200.000000 200.000000
v -0.120610 -0.201901 -0.064564 200.000000 200.000000 200.000000
v 0.258176 0.453124 0.057334 200.000000 200.000000 200.000000
v -0.019402 0.027876 -0.050110 200.000000 200.000000 200.000000
v 0.359906 0.658587 -0.299186 200.000000 200.000000 200.000000
v 0.286557 0.548176 0.054245 200.000000 200.000000 200.000000
v 0.078130 -0.396551 -0.104026 200.000000 200.000000 200.000000
v 0.192843 0.636284 0.027825 200.000000 200.000000 200.000000
v 0.247289 -0.376374 -0.086019 200.000000 200.000000 200.000000
v 0.383798 0.538822 -0.286303 200.000000 200.000000 200.000000
v 0.320818 0.096680 -0.050858 200.000000 200.000000 200.000000
v 0.085335 0.595516 0.080627 200.000000 200.000000 200.000000
v 0.396596 0.642706 -0.344187 200.000000 200.000000 200.000000
v 0.102786 0.293930 -0.219580 200.000000 200.000000 200.000000
v 0.339107 0.117902 -0.120123 200.000000 200.000000 200.000000
v 0.268629 -0.149647 -0.206399 200.000000 200.000000 200.000000
v 0.295149 0.095273 0.020852 200.000000 200.000000 200.000000
v 0.334852 0.334531 -0.054173 200.000000 200.000000 200.000000
v -0.199529 0.142229 0.356097 200.000000 200.000000 200.000000
v 0.288787 0.002093 -0.212815 200.000000 200.000000 200.000000
v 0.062914 0.715160 -0.179618 200.000000 200.000000 200.000000
v -0.129938 -0.403989 -0.002725 200.000000 200.000000 200.000000
v 0.341244 0.104674 -0.098518 200.000000 200.000000 200.000000
v 0.228946 -0.700571 -0.112067 200.000000 200.000000 200.000000
v 0.075824 -0.984537 -0.124175 200.000000 200.000000 200.000000
v 0.336292 0.099780 -0.209697 200.000000 200.000000 200.000000
v 0.340605 0.398775 -0.280079 200.000000 200.000000 200.000000
v 0.104351 -0.979566 -0.016122 200.000000 200.000000 200.000000
v -0.046997 0.237106 0.291070 200.000000 200.000000 200.000000
v 0.344593 0.301973 -0.184889 200.000000 200.000000 200.000000
v 0.209707 0.798378 -0.047619 200.000000 200.000000 200.000000
v 0.074223 -0.385904 -0.115804 200.000000 200.000000 200.000000
v 0.010376 -0.588169 0.040729 200.000000 200.000000 200.000000
v -0.194104 0.218478 0.401852 200.000000 200.000000 200.000000
v 0.226172 -0.024423 0.105789 200.000000 200.000000 200.000000
v 0.227006 -0.128892 0.030886 200.000000 200.000000 200.000000
v 0.110969 0.980506 -0.319632 200.000000 200.000000 200.000000
v 0.102867 0.892386 -0.321073 200.000000 200.000000 200.000000
v 0.338461 0.222424 -0.108557 200.000000 200.000000 200.000000
v 0.362787 0.436656 -0.127322 200.000000 200.000000 200.000000
v 0.110855 0.950251 -0.367302 200.000000 200.000000 200.000000
v 0.165026 0.780647 -0.196291 200.000000 200.000000 200.000000
v 0.032453 0.526686 0.059365 200.000000 200.000000 200.000000
v 0.078347 -0.178826 -0.166934 200.000000 200.000000 200.000000
v 0.076058 0.351373 0.191859 200.000000 200.000000 200.000000
v 0.266971 0.204142 -0.298076 200.000000 200.000000 200.000000
v 0.332743 0.800781 -0.468535 200.000000 200.000000 200.000000
v 0.112043 -0.238168 -0.052957 200.000000 200.000000 200.000000
v 0.043982 0.157361 -0.076555 200.000000 200.000000 200.000000
v -0.007303 -0.548401 -0.014128 200.000000 200.000000 200.000000
v 0.372209 0.520574 -0.318447 200.000000 200.000000 200.000000
v -0.161465 -0.148420 -0.020127 200.000000 200.000000 200.000000
v 0.193758 0.502221 0.089088 200.000000 200.000000 200.000000
v 0.339168 0.267639 -0.098798 200.000000 200.000000 200.000000
v 0.161200 0.679523 -0.039924 200.000000 200.000000 200.000000
v 0.047994 0.537046 0.118444 200.000000 200.000000 200.000000
v 0.174687 0.830361 -0.422980 200.000000 200.000000 200.000000
v 0.387075 0.597636 -0.228140 200.000000 200.000000 200.000000
v 0.229669 -0.534390 -0.121872 200.000000 200.000000 200.000000
v -0.208485 -0.290454 -0.067911 200.000000 200.000000 200.000000
v 0.219762 0.225174 0.095916 200.000000 200.000000 200.000000
v -0.085469 0.005037 -0.087183 200.000000 200.000000 200.000000
v 0.201924 0.337599 0.084970 200.000000 200.000000 200.000000
v -0.142410 0.288818 0.349719 200.000000 200.000000 200.000000
v 0.183998 -0.999116 -0.033467 200.000000 200.000000 200.000000
v 0.221377 0.360071 -0.300492 200.000000 200.000000 200.000000
v 0.003938 0.645691 -0.093506 200.000000 200.000000 200.000000
v 0.345994 0.568123 -0.125813 200.000000 200.000000 200.000000
v 0.017180 0.456382 -0.023750 200.000000 200.000000 200.000000
v 0.095740 -0.022667 0.125295 200.000000 200.000000 200.000000
v -0.155358 -0.337122 -0.060205 200.000000 200.000000 200.000000
v 0.340252 0.370793 -0.085630 200.000000 200.000000 200.000000
v 0.317318 0.112150 -0.006975 200.000000 200.000000 200.000000
v 0.332586 0.273857 -0.184504 200.000000 200.000000 200.000000
v 0.059585 0.123472 0.079673 200.000000 200.000000 200.000000
v 0.009815 0.656908 -0.138246 200.000000 200.000000 200.000000
v 0.150065 0.854623 -0.412689 200.000000 200.000000 200.000000
v 0.292594 0.613285 -0.033447 200.000000 200.000000 200.000000
v 0.332857 0.288214 -0.071084 200.000000 200.000000 200.000000
v 0.200145 0.755209 -0.135292 200.000000 200.000000 200.000000
v 0.104468 0.929302 -0.361025 200.000000 200.000000 200.000000
v 0.088662 0.159837 -0.122337 200.000000 200.000000 200.000000
v 0.204757 -0.221648 -0.037180 200.000000 200.000000 200.000000
v 0.079351 0.295972 0.093986 200.000000 200.000000 200.000000
v 0.183803 0.808381 -0.014990 200.000000 200.000000 200.000000
v 0.076676 0.153086 -0.083818 200.000000 200.000000 200.000000
v 0.048804 0.228051 -0.133209 200.000000 200.000000 200.000000
v -0.196470 0.247340 0.396152 200.000000 200.000000 200.000000
v -0.324996 0.140782 0.388242 200.000000 200.000000 200.000000
v -0.332715 -0.142244 -0.109279 200.000000 200.000000 200.000000
v 0.180809 0.278711 0.080024 200.000000 200.000000 200.000000
v 0.076063 -0.367964 -0.170972 200.000000 200.000000 200.000000
v 0.173009 -0.378591 -0.039399 200.000000 200.000000 200.000000
v 0.179973 0.477829 0.104282 200.000000 200.000000 200.000000
v 0.228540 -0.280802 -0.042940 200.000000 200.000000 200.000000
v 0.342982 0.292419 -0.142467 200.000000 200.000000 200.000000
v 0.314523 0.406020 -0.312239 200.000000 200.000000 200.000000
v 0.331963 0.209304 -0.089505 200.000000 200.000000 200.000000
v -0.079885 -0.406424 -0.045336 200.000000 200.000000 200.000000
v -0.091289 -0.283448 -0.072034 200.000000 200.000000 200.000000
v 0.054401 -0.994376 -0.148363 200.000000 200.000000 200.000000
v -0.132277 0.248136 0.217130 200.000000 200.000000 200.000000
v 0.149628 0.166811 0.097315 200.000000 200.000000 200.000000
v 0.092063 0.171992 -0.130271 200.000000 200.000000 200.000000
v 0.398510 0.605280 -0.342934 200.000000 200.000000 200.000000
v 0.324238 0.157614 -0.102767 200.000000 200.000000 200.000000
v 0.224965 0.099810 0.101979 200.000000 200.000000 200.000000
v -0.125155 -0.312256 -0.085225 200.000000 200.000000 200.000000
v 0.126970 0.562065 0.083027 200.000000 200.000000 200.000000
v -0.096340 0.236792 0.310967 200.000000 200.000000 200.000000
v 0.207765 -0.791096 -0.103429 200.000000 200.000000 200.000000
v 0.271163 -0.226767 -0.163785 200.000000 200.000000 200.000000
v 0.002903 0.284755 0.129991 200.000000 200.000000 200.000000
v 0.389298 0.595036 -0.245389 200.000000 200.000000 200.000000
v 0.100449 -0.057841 0.123653 200.000000 200.000000 200.000000
v 0.274312 0.634867 -0.043930 200.000000 200.000000 200.000000
v 0.176610 0.551520 -0.222527 200.000000 200.000000 200.000000
v -0.172067 0.294115 0.281419 200.000000 200.000000 200.000000
v 0.403300 0.621986 -0.373027 200.000000 200.000000 200.000000
v -0.226476 -0.242792 -0.101014 200.000000 200.000000 200.000000
v -0.362790 0.152334 0.485688 200.000000 200.000000 200.000000
v -0.337511 0.197979 0.386371 200.000000 200.000000 200.000000
v 0.385323 0.602929 -0.394413 200.000000 200.000000 200.000000
v 0.018872 0.112111 -0.054236 200.000000 200.000000 200.000000
v 0.013579 0.682967 -0.152092 200.000000 200.000000 200.000000
v 0.342055 0.587455 -0.140407 200.000000 200.000000 200.000000
v -0.291668 -0.111816 -0.031783 200.000000 200.000000 200.000000
v 0.204022 -0.752157 -0.116042 200.000000 200.000000 200.000000
v 0.389416 0.572286 -0.254810 200.000000 200.000000 200.000000
v -0.246062 -0.034736 -0.155452 200.000000 200.000000 200.000000
v -0.272299 -0.216321 -0.085188 200.000000 200.000000 200.000000
v -0.381454 0.205005 0.480060 200.000000 200.000000 200.000000
v 0.199959 0.229054 0.106096 200.000000 200.000000 200.000000
v 0.188808 -0.527431 -0.028053 200.000000 200.000000 200.000000
v 0.312036 -0.096664 -0.016291 200.000000 200.000000 200.000000
v 0.194123 -0.723763 -0.125231 200.000000 200.000000 200.000000
v 0.167272 0.857954 -0.065159 200.000000 200.000000 200.000000
v 0.239746 -0.239633 -0.204176 200.000000 200.000000 200.000000
v 0.130255 0.154524 -0.246406 200.000000 200.000000 200.000000
v 0.182512 0.248106 -0.276449 200.000000 200.000000 200.000000
v 0.252495 0.771866 -0.365402 200.000000 200.000000 200.000000
v 0.015448 0.368792 -0.020723 200.000000 200.000000 200.000000
v 0.121332 -0.896478 -0.014553 200.000000 200.000000 200.000000
v 0.340625 0.115796 -0.111889 200.000000 200.000000 200.000000
v 0.213877 0.778427 -0.113161 200.000000 200.000000 200.000000
v 0.216393 -0.874572 0.000052 200.000000 200.000000 200.000000
v -0.291602 -0.080815 -0.176186 200.000000 200.000000 200.000000
v 0.017500 0.846488 -0.038187 200.000000 200.000000 200.000000
v -0.038735 0.361087 0.113484 200.000000 200.000000 200.000000
v -0.330446 0.172224 0.376744 200.000000 200.000000 200.000000
v 0.015163 -0.436766 0.058357 200.000000 200.000000 200.000000
v 0.306126 -0.079090 0.002087 200.000000 200.000000 200.000000
v 0.329438 0.076360 -0.036531 200.000000 200.000000 200.000000
v 0.229397 -0.511830 -0.082795 200.000000 200.000000 200.000000
v 0.087774 -0.543393 -0.115033 200.000000 200.000000 200.000000
v -0.158000 0.009550 0.004555 200.000000 200.000000 200.000000
v 0.323132 0.177973 -0.266596 200.000000 200.000000 200.000000
v -0.071167 0.226869 0.295914 200.000000 200.000000 200.000000
v 0.328982 0.489663 -0.020603 200.000000 200.000000 200.000000
v 0.134642 0.374387 -0.236265 200.000000 200.000000 200.000000
v 0.183446 -0.573884 -0.159634 200.000000 200.000000 200.000000
v 0.161586 0.268196 0.069181 200.000000 200.000000 200.000000
v 0.152873 0.405081 0.121613 200.000000 200.000000 200.000000
v 0.199555 -0.521945 -0.164511 200.000000 200.000000 200.000000
v 0.215240 0.857245 -0.456039 200.000000 200.000000 200.000000
v 0.152669 0.839400 -0.018555 200.000000 200.000000 200.000000
v 0.312024 0.260634 -0.019665 200.000000 200.000000 200.000000
v 0.337897 0.384571 -0.279123 200.000000 200.000000 200.000000
v 0.026835 0.318519 0.223248 200.000000 200.000000 200.000000
v 0.139306 -0.283627 -0.221720 200.000000 200.000000 200.000000
v 0.398113 0.636353 -0.339661 200.000000 200.000000 200.000000
v 0.248344 0.004701 -0.300227 200.000000 200.000000 200.000000
v 0.276588 0.698540 -0.414645 200.000000 200.000000 200.000000
v -0.077648 0.245116 0.190747 200.000000 200.000000 200.000000
v 0.178994 -0.408117 -0.188455 200.000000 200.000000 200.000000
v 0.369809 0.446380 -0.150657 200.000000 200.000000 200.000000
v -0.269219 -0.027210 -0.046615 200.000000 200.000000 200.000000
v 0.301194 0.592230 -0.421742 200.000000 200.000000 200.000000
v 0.175283 -0.156891 0.022222 200.000000 200.000000 200.000000
v 0.137992 0.596291 0.032490 200.000000 200.000000 200.000000
v 0.068243 0.344461 0.194441 200.000000 200.000000 200.000000
v -0.104446 -0.153555 -0.016856 200.000000 200.000000 200.000000
v 0.177748 0.819234 -0.178440 200.000000 200.000000 200.000000
v -0.021132 -0.666306 0.020730 200.000000 200.000000 200.000000
v 0.293128 0.562504 0.046481 200.000000 200.000000 200.000000
v 0.147974 0.293558 -0.228298 200.000000 200.000000 200.000000
v 0.345495 0.798451 -0.462835 200.000000 200.000000 200.000000
v -0.013815 0.436360 0.196124 200.000000 200.000000 200.000000
v 0.023837 -0.472523 -0.006162 200.000000 200.000000 200.000000
v 0.182353 0.260502 0.083344 200.000000 200.000000 200.000000
v 0.285003 0.371485 -0.313970 200.000000 200.000000 200.000000
v 0.231531 -0.473553 -0.088203 200.000000 200.000000 200.000000
v 0.179879 0.434608 -0.262906 200.000000 200.000000 200.000000
v 0.269126 0.076204 0.061120 200.000000 200.000000 200.000000
v 0.126799 0.760090 -0.000584 200.000000 200.000000 200.000000
v -0.103238 -0.242385 -0.069755 200.000000 200.000000 200.000000
v 0.235535 0.623461 -0.159325 200.000000 200.000000 200.000000
v -0.053959 -0.438670 0.044274 200.000000 200.000000 200.000000
v 0.316424 -0.141886 -0.119531 200.000000 200.000000 200.000000
v 0.095565 0.662753 -0.169036 200.000000 200.000000 200.000000
v 0.138776 0.500731 -0.210986 200.000000 200.000000 200.000000
v -0.126811 -0.224496 0.009247 200.000000 200.000000 200.000000
v 0.089069 0.313056 0.109638 200.000000 200.000000 200.000000
v 0.304144 0.441414 0.005811 200.000000 200.000000 200.000000
v 0.154740 0.298991 -0.246142 200.000000 200.000000 200.000000
v 0.209518 0.798421 -0.041433 200.000000 200.000000 200.000000
v -0.002852 0.316231 0.087173 200.000000 200.000000 200.000000
v -0.156047 -0.153088 -0.116717 200.000000 200.000000 200.000000
v 0.354924 0.628075 -0.222407 200.000000 200.000000 200.000000
v 0.235314 -0.594490 -0.117921 200.000000 200.000000 200.000000
v -0.088567 0.273339 0.184877 200.000000 200.000000 200.000000
v 0.216650 0.332888 -0.295954 200.000000 200.000000 200.000000
v 0.119491 0.451877 0.149332 200.000000 200.000000 200.000000
v 0.334627 -0.011246 -0.242390 200.000000 200.000000 200.000000
v 0.286982 -0.038368 0.036871 200.000000 200.000000 200.000000
v -0.187118 0.147120 0.354474 200.000000 200.000000 200.000000
v 0.316165 0.345076 -0.291170 200.000000 200.000000 200.000000
v 0.138828 0.081054 -0.241270 200.000000 200.000000 200.000000
v 0.343893 0.357823 -0.149498 200.000000 200.000000 200.000000
v 0.146254 0.870704 -0.412860 200.000000 200.000000 200.000000
v 0.161314 -0.967503 -0.073098 200.000000 200.000000 200.000000
v 0.117374 0.274515 0.087487 200.000000 200.000000 200.000000
v -0.220324 -0.258649 -0.089218 200.000000 200.000000 200.000000
v 0.290919 0.428125 -0.323285 200.000000 200.000000 200.000000
v 0.224401 -0.553484 -0.055596 200.000000 200.000000 200.000000
v 0.341600 -0.078191 -0.063781 200.000000 200.000000 200.000000
v 0.338610 0.135251 -0.137540 200.000000 200.000000 200.000000
v -0.126757 -0.095783 0.019644 200.000000 200.000000 200.000000
v 0.322586 0.297571 -0.039288 200.000000 200.000000 200.000000
v 0.130512 0.210665 -0.242947 200.000000 200.000000 200.000000
v 0.182658 -0.786903 -0.110474 200.000000 200.000000 200.000000
v 0.324788 0.200745 -0.055529 200.000000 200.000000 200.000000
v 0.245028 -0.614920 -0.091780 200.000000 200.000000 200.000000
v 0.033800 -0.164054 -0.080944 200.000000 200.000000 200.000000
v 0.232823 0.790928 -0.439454 200.000000 200.000000 200.000000
v -0.031227 0.410662 0.103920 200.000000 200.000000 200.000000
v 0.077289 -0.999875 -0.122140 200.000000 200.000000 200.000000
v 0.229243 -0.578136 -0.129807 200.000000 200.000000 200.000000
v 0.175360 0.161610 0.103362 200.000000 200.000000 200.000000
v 0.097169 -0.992048 -0.137595 200.000000 200.000000 200.000000
v 0.050115 0.915723 -0.329042 200.000000 200.000000 200.000000
v -0.012659 0.471390 0.145295 200.000000 200.000000 200.000000
v 0.006047 0.724072 -0.147269 200.000000 200.000000 200.000000
v 0.104684 0.288574 -0.217823 200.000000 200.000000 200.000000
v -0.006170 0.473221 0.074295 200.000000 200.000000 200.000000
v -0.155531 0.025926 -0.031020 200.000000 200.000000 200.000000
v 0.221597 -0.751143 -0.107843 200.000000 200.000000 200.000000
v 0.033625 0.335953 -0.059045 200.000000 200.000000 200.000000
v 0.145910 0.037927 0.137424 200.000000 200.000000 200.000000
v -0.031853 0.816829 -0.112945 200.000000 200.000000 200.000000
v 0.081963 -0.983874 -0.122986 200.000000 200.000000 200.000000
v 0.299447 0.687906 -0.358141 200.000000 200.000000 200.000000
v 0.127624 -0.999637 -0.064592 200.000000 200.000000 200.000000
v 0.339053 -0.028821 -0.222565 200.000000 200.000000 200.000000
v 0.290122 0.626168 -0.269856 200.000000 200.000000 200.000000
v 0.313854 0.097739 0.004980 200.000000 200.000000 200.000000
v 0.087834 0.925827 -0.346969 200.000000 200.000000 200.000000
v -0.160622 -0.048514 -0.138562 200.000000 200.000000 200.000000
v 0.287609 0.642959 -0.329760 200.000000 200.000000 200.000000
v 0.147752 -0.958356 -0.077551 200.000000 200.000000 200.000000
v 0.328695 0.174455 -0.096030 200.000000 200.000000 200.000000
v 0.324463 0.184402 -0.230949 200.000000 200.000000 200.000000
v -0.036967 0.786915 -0.063057 200.000000 200.000000 200.000000
v 0.125498 0.888237 -0.364778 200.000000 200.000000 200.000000
v 0.277926 0.197262 -0.297854 200.000000 200.000000 200.000000
v -0.031122 0.748070 -0.041388 200.000000 200.000000 200.000000
v 0.348812 0.019343 -0.111879 200.000000 200.000000 200.000000
v 0.335219 0.474679 -0.330557 200.000000 200.000000 200.000000
v -0.330149 -0.134288 -0.076357 200.000000 200.000000 200.000000
v 0.057468 0.712534 -0.177539 200.000000 200.000000 200.000000
v -0.105592 -0.438840 -0.016819 200.000000 200.000000 200.000000
v 0.337120 0.368963 -0.081164 200.000000 200.000000 200.000000
v -0.000669 0.413116 0.199625 200.000000 200.000000 200.000000
v -0.092638 -0.449228 -0.014768 200.000000 200.000000 200.000000
v 0.348396 0.508991 -0.345557 200.000000 200.000000 200.000000
v 0.019779 0.436353 -0.032065 200.000000 200.000000 200.000000
v 0.094813 0.330964 -0.173743 200.000000 200.000000 200.000000
v 0.099753 0.345908 -0.184692 200.000000 200.000000 200.000000
v 0.327816 0.152279 -0.218065 200.000000 200.000000 200.000000
v 0.238346 -0.073656 0.075174 200.000000 200.000000 200.000000
v -0.056031 0.048030 -0.019904 200.000000 200.000000 200.000000
v 0.322439 -0.040085 -0.156529 200.000000 200.000000 200.000000
v 0.131195 -0.129032 -0.216172 200.000000 200.000000 200.000000
v 0.018885 -0.516239 0.046047 200.000000 200.000000 200.000000
v 0.100229 0.877449 -0.122334 200.000000 200.000000 200.000000
v 0.070429 -0.332316 -0.087730 200.000000 200.000000 200.000000
v -0.051710 -0.477389 0.039120 200.000000 200.000000 200.000000
v 0.095213 0.993179 -0.341220 200.000000 200.000000 200.000000
v -0.091711 0.042770 -0.033370 200.000000 200.000000 200.000000
v 0.238662 0.165039 0.072059 200.000000 200.000000 200.000000
v 0.097937 -0.325123 -0.060385 200.000000 200.000000 200.000000
v 0.403731 0.621695 -0.361415 200.000000 200.000000 200.000000
v 0.209968 0.828096 -0.102778 200.000000 200.000000 200.000000
v 0.270110 -0.161047 -0.027322 200.000000 200.000000 200.000000
v 0.006460 0.296247 0.258726 200.000000 200.000000 200.000000
v -0.134511 -0.280416 0.024689 200.000000 200.000000 200.000000
v 0.256201 0.826717 -0.349807 200.000000 200.000000 200.000000
v 0.114138 -0.159015 -0.018052 200.000000 200.000000 200.000000
v 0.147634 0.900399 -0.376767 200.000000 200.000000 200.000000
v 0.250570 -0.313393 -0.149750 200.000000 200.000000 200.000000
v -0.043446 0.045417 -0.032239 200.000000 200.000000 200.000000
v -0.183305 -0.049567 0.017872 200.000000 200.000000 200.000000
v 0.240115 -0.682197 -0.101689 200.000000 200.000000 200.000000
v 0.344193 0.354776 -0.084927 200.000000 200.000000 200.000000
v 0.186315 -0.478177 -0.041552 200.000000 200.000000 200.000000
v -0.141197 0.331650 0.286314 200.000000 200.000000 200.000000
v 0.339232 0.042578 -0.068377 200.000000 200.000000 200.000000
v 0.311884 0.098404 -0.271705 200.000000 200.000000 200.000000
v 0.137612 0.340832 0.116286 200.000000 200.000000 200.000000
v 0.029813 0.312137 0.052201 200.000000 200.000000 200.000000
v 0.238534 -0.121753 0.025552 200.000000 200.000000 200.000000
v 0.113986 0.893307 -0.338363 200.000000 200.000000 200.000000
v 0.167421 -0.119700 0.081787 200.000000 200.000000 200.000000
v 0.095328 -0.947611 -0.034694 200.000000 200.000000 200.000000
v 0.372304 0.775885 -0.425258 200.000000 200.000000 200.000000
v -0.050835 -0.050395 -0.099121 200.000000 200.000000 200.000000
v 0.021577 0.118491 -0.058903 200.000000 200.000000 200.000000
v 0.339030 0.198827 -0.138373 200.000000 200.000000 200.000000
v -0.042439 0.774260 -0.131141 200.000000 200.000000 200.000000
v -0.037973 0.261686 0.156775 200.000000 200.000000 200.000000
v 0.085225 0.710457 -0.181439 200.000000 200.000000 200.000000
v 0.067876 0.928905 -0.284287 200.000000 200.000000 200.000000
v 0.323442 0.002125 -0.010888 200.000000 200.000000 200.000000
v 0.054976 0.413888 -0.151171 200.000000 200.000000 200.000000
v 0.044270 0.140899 -0.079302 200.000000 200.000000 200.000000
v 0.022285 0.669730 -0.039489 200.000000 200.000000 200.000000
v 0.140225 -0.970572 0.008246 200.000000 200.000000 200.000000
v -0.177594 0.211096 0.387559 200.000000 200.000000 200.000000
v 0.079074 -0.247276 -0.068581 200.000000 200.000000 200.000000
v 0.010386 0.426788 -0.005499 200.000000 200.000000 200.000000
v 0.080642 0.509038 -0.104175 200.000000 200.000000 200.000000
v 0.367784 0.529420 -0.084011 200.000000 200.000000 200.000000
v 0.259423 0.889183 -0.400438 200.000000 200.000000 200.000000
v 0.250991 -0.093115 0.049905 200.000000 200.000000 200.000000
v 0.002281 -0.537540 -0.010442 200.000000 200.000000 200.000000
v 0.126694 -0.872678 -0.064529 200.000000 200.000000 200.000000
v 0.349541 0.458434 -0.066662 200.000000 200.000000 200.000000
v -0.174768 -0.323355 0.000119 200.000000 200.000000 200.000000
v 0.154479 -0.808081 -0.104177 200.000000 200.000000 200.000000
v 0.312656 0.630987 -0.181619 200.000000 200.000000 200.000000
v 0.142060 0.462742 0.132451 200.000000 200.000000 200.000000
v 0.120465 0.018650 -0.219977 200.000000 200.000000 200.000000
v 0.177978 0.855561 -0.092851 200.000000 200.000000 200.000000
v 0.332796 0.644285 -0.455523 200.000000 200.000000 200.000000
v 0.020485 0.708932 -0.012922 200.000000 200.000000 200.000000
v 0.097114 0.866906 -0.042060 200.000000 200.000000 200.000000
v 0.288146 0.635491 -0.375382 200.000000 200.000000 200.000000
v 0.211619 0.654401 -0.037073 200.000000 200.000000 200.000000
v -0.006361 0.426682 0.056138 200.000000 200.000000 200.000000
v 0.339995 0.281973 -0.218846 200.000000 200.000000 200.000000
v -0.260078 -0.036210 -0.030979 200.000000 200.000000 200.000000
v 0.017610 0.264378 -0.006294 200.000000 200.000000 200.000000
v 0.094224 -0.588253 -0.135171 200.000000 200.000000 200.000000
v 0.083887 0.410624 -0.195343 200.000000 200.000000 200.000000
v 0.285085 -0.135803 -0.018354 200.000000 200.000000 200.000000
v 0.091015 0.519079 -0.124783 200.000000 200.000000 200.000000
v -0.227150 -0.169417 0.006999 200.000000 200.000000 200.000000
v 0.284822 0.611919 -0.060891 200.000000 200.000000 200.000000
v 0.067161 0.746391 -0.187676 200.000000 200.000000 200.000000
v 0.245177 0.535023 -0.278146 200.000000 200.000000 200.000000
v 0.076155 -0.285374 -0.162268 200.000000 200.000000 200.000000
v 0.212753 0.665047 -0.094352 200.000000 200.000000 200.000000
v -0.270312 -0.143375 -0.159821 200.000000 200.000000 200.000000
v 0.159529 0.094134 0.131913 200.000000 200.000000 200.000000
v 0.372163 0.508828 -0.086583 200.000000 200.000000 200.000000
v 0.050442 0.213711 -0.121887 200.000000 200.000000 200.000000
v 0.224382 0.175861 -0.287206 200.000000 200.000000 200.000000
v -0.025640 -0.631247 0.064839 200.000000 200.000000 200.000000
v 0.309172 0.653294 -0.467107 200.000000 200.000000 200.000000
v -0.124578 0.248391 0.212128 200.000000 200.000000 200.000000
v 0.201249 -0.431103 -0.043834 200.000000 200.000000 200.000000
v 0.016612 -0.087868 -0.102919 200.000000 200.000000 200.000000
v 0.008140 -0.427255 -0.008263 200.000000 200.000000 200.000000
v -0.269999 0.121932 0.409578 200.000000 200.000000 200.000000
v 0.216607 -0.908328 -0.009917 200.000000 200.000000 200.000000
v 0.164780 0.588253 -0.172642 200.000000 200.000000 200.000000
v 0.211956 0.016842 0.118214 200.000000 200.000000 200.000000
v 0.083778 0.427838 -0.199960 200.000000 200.000000 200.000000
v -0.182802 0.245796 0.390519 200.000000 200.000000 200.000000
v 0.283217 0.422093 0.031161 200.000000 200.000000 200.000000
v -0.092895 0.222209 0.306901 200.000000 200.000000 200.000000
v 0.068867 0.167941 -0.207373 200.000000 200.000000 200.000000
v 0.100667 -0.202742 -0.194688 200.000000 200.000000 200.000000
v 0.016448 0.326111 -0.031186 200.000000 200.000000 200.000000
v 0.019234 0.593293 -0.063494 200.000000 200.000000 200.000000
v 0.160836 0.860486 -0.100577 200.000000 200.000000 200.000000
v 0.154640 -0.739479 -0.005251 200.000000 200.000000 200.000000
v 0.308511 0.847924 -0.408128 200.000000 200.000000 200.000000
v 0.189352 -0.148086 0.037651 200.000000 200.000000 200.000000
v 0.334943 0.105104 -0.189809 200.000000 200.000000 200.000000
v -0.116295 -0.403797 0.018945 200.000000 200.000000 200.000000
v 0.228612 -0.310417 -0.184628 200.000000 200.000000 200.000000
v 0.365339 0.420239 -0.218763 200.000000 200.000000 200.000000
v 0.031036 0.263516 -0.052778 200.000000 200.000000 200.000000
v 0.107844 0.670632 -0.171291 200.000000 200.000000 200.000000
v -0.021919 0.049671 -0.019836 200.000000 200.000000 200.000000
v -0.037519 0.408046 0.148008 200.000000 200.000000 200.000000
v -0.276298 -0.038827 -0.158546 200.000000 200.000000 200.000000
v 0.067419 -0.285878 -0.141200 200.000000 200.000000 200.000000
v 0.163034 -0.188677 -0.039769 200.000000 200.000000 200.000000
v -0.119547 -0.008032 0.037222 200.000000 200.000000 200.000000
v 0.239428 0.877218 -0.446257 200.000000 200.000000 200.000000
v 0.187736 -0.154850 0.001852 200.000000 200.000000 200.000000
v 0.116103 -0.692532 -0.055570 200.000000 200.000000 200.000000
v 0.289102 0.406955 -0.320810 200.000000 200.000000 200.000000
v 0.106266 0.319413 -0.214705 200.000000 200.000000 200.000000
v -0.010421 0.054061 -0.004988 200.000000 200.000000 200.000000
v 0.250588 -0.268805 -0.178693 200.000000 200.000000 200.000000
v 0.327946 -0.032896 -0.014268 200.000000 200.000000 200.000000
v 0.203146 -0.074299 -0.237184 200.000000 200.000000 200.000000
v 0.166858 -0.029407 -0.225488 200.000000 200.000000 200.000000
v -0.042818 0.380711 0.100385 200.000000 200.000000 200.000000
v 0.183845 -0.064134 0.111329 200.000000 200.000000 200.000000
v 0.140178 0.358163 0.116981 200.000000 200.000000 200.000000
v 0.301444 0.674632 -0.328224 200.000000 200.000000 200.000000
v 0.125626 0.616707 -0.020695 200.000000 200.000000 200.000000
v -0.027893 0.814452 -0.117390 200.000000 200.000000 200.000000
v -0.043096 0.274213 0.159053 200.000000 200.000000 200.000000
v 0.349275 0.349725 -0.192436 200.000000 200.000000 200.000000
v 0.335273 0.098241 -0.194838 200.000000 200.000000 200.000000
v -0.103931 -0.089875 0.031757 200.000000 200.000000 200.000000
v -0.222451 0.005232 -0.077120 200.000000 200.000000 200.000000
v 0.337242 0.400718 -0.286290 200.000000 200.000000 200.000000
v -0.224394 -0.113421 -0.015073 200.000000 200.000000 200.000000
v 0.061513 0.386523 -0.151191 200.000000 200.000000 200.000000
v 0.286765 0.610309 -0.109779 200.000000 200.000000 200.000000
v 0.243923 0.843271 -0.345203 200.000000 200.000000 200.000000
v 0.226979 0.165323 0.076165 200.000000 200.000000 200.000000
v -0.152249 -0.167045 -0.008900 200.000000 200.000000 200.000000
v 0.081414 -0.109644 -0.163952 200.000000 200.000000 200.000000
v 0.041598 0.533195 0.055630 200.000000 200.000000 200.000000
v 0.106418 0.443596 -0.219296 200.000000 200.000000 200.000000
v 0.329966 0.340574 -0.267444 200.000000 200.000000 200.000000
v -0.072769 -0.159389 -0.079165 200.000000 200.000000 200.000000
v 0.026539 0.760239 -0.172201 200.000000 200.000000 200.000000
v -0.018236 -0.071209 0.072363 200.000000 200.000000 200.000000
v 0.348342 0.716153 -0.353053 200.000000 200.000000 200.000000
v 0.241548 -0.752341 -0.045336 200.000000 200.000000 200.000000
v 0.324201 -0.138963 -0.102855 200.000000 200.000000 200.000000
v -0.283885 0.205749 0.349244 200.000000 200.000000 200.000000
v 0.178093 0.012349 -0.265282 200.000000 200.000000 200.000000
v 0.029039 -0.446304 -0.007455 200.000000 200.000000 200.000000
v 0.335775 -0.009001 -0.234524 200.000000 200.000000 200.000000
v -0.301330 0.216124 0.367668 200.000000 200.000000 200.000000
v 0.052794 -0.427770 0.011006 200.000000 200.000000 200.000000
v 0.185847 0.355045 -0.259973 200.000000 200.000000 200.000000
v 0.073973 0.304648 0.112944 200.000000 200.000000 200.000000
v 0.187290 -0.830901 -0.099010 200.000000 200.000000 200.000000
v -0.021114 -0.049890 0.079160 200.000000 200.000000 200.000000
v 0.216466 -0.164339 -0.020854 200.000000 200.000000 200.000000
v 0.305015 -0.037641 0.013633 200.000000 200.000000 200.000000
v 0.067039 -0.060091 -0.142839 200.000000 200.000000 200.000000
v 0.299327 -0.015094 -0.190047 200.000000 200.000000 200.000000
v 0.281721 0.599072 0.023046 200.000000 200.000000 200.000000
v -0.071319 0.355393 0.147215 200.000000 200.000000 200.000000
v 0.071385 0.619177 -0.175809 200.000000 200.000000 200.000000
v 0.342468 0.479633 -0.325255 200.000000 200.000000 200.000000
v 0.079928 -0.045932 0.119260 200.000000 200.000000 200.000000
v 0.154260 -0.082190 -0.224615 200.000000 200.000000 200.000000
v 0.095370 -0.323085 -0.061426 200.000000 200.000000 200.000000
v 0.192017 0.701627 -0.141702 200.000000 200.000000 200.000000
v 0.394943 0.532974 -0.221171 200.000000 200.000000 200.000000
v -0.300023 -0.029533 -0.082161 200.000000 200.000000 200.000000
v -0.029966 0.293172 0.294609 200.000000 200.000000 200.000000
v 0.247652 -0.116279 0.022001 200.000000 200.000000 200.000000
v 0.239965 -0.397545 -0.106691 200.000000 200.000000 200.000000
v 0.149353 -0.643524 -0.143835 200.000000 200.000000 200.000000
v 0.147050 0.849852 -0.174867 200.000000 200.000000 200.000000
v 0.189713 0.024568 0.126709 200.000000 200.000000 200.000000
v 0.020113 0.115621 -0.045962 200.000000 200.000000 200.000000
v 0.025266 0.339145 -0.037571 200.000000 200.000000 200.000000
v 0.161549 0.860364 -0.095833 200.000000 200.000000 200.000000
v 0.188574 0.773584 -0.164294 200.000000 200.000000 200.000000
v -0.201747 0.161707 0.395916 200.000000 200.000000 200.000000
v 0.165923 0.635836 0.006640 200.000000 200.000000 200.000000
v 0.293682 0.634641 -0.216710 200.000000 200.000000 200.000000
v 0.196356 0.809560 -0.395043 200.000000 200.000000 200.000000
v 0.057837 0.399325 -0.150759 200.000000 200.000000 200.000000
v 0.069141 -0.340424 -0.151407 200.000000 200.000000 200.000000
v 0.390963 0.736439 -0.418523 200.000000 200.000000 200.000000
v 0.336915 0.209097 -0.220710 200.000000 200.000000 200.000000
v 0.106450 0.483681 0.153563 200.000000 200.000000 200.000000
v -0.016586 -0.647736 -0.009485 200.000000 200.000000 200.000000
v 0.081780 0.252722 -0.189117 200.000000 200.000000 200.000000
v 0.174124 0.663036 0.012043 200.000000 200.000000 200.000000
v 0.026467 0.489117 0.144336 200.000000 200.000000 200.000000
v -0.282133 -0.028055 -0.058267 200.000000 200.000000 200.000000
v 0.090309 -0.551774 -0.151173 200.000000 200.000000 200.000000
v -0.056754 0.366422 0.143943 200.000000 200.000000 200.000000
v 0.144214 0.229981 -0.255355 200.000000 200.000000 200.000000
v 0.033094 0.510836 0.134074 200.000000 200.000000 200.000000
v -0.017550 -0.390509 0.027142 200.000000 200.000000 200.000000
v -0.082635 0.230948 0.227477 200.000000 200.000000 200.000000
v -0.161759 0.212749 0.259338 200.000000 200.000000 200.000000
v 0.206590 0.804440 -0.439908 200.000000 200.000000 200.000000
v 0.213025 0.359296 0.087601 200.000000 200.000000 200.000000
v 0.342236 0.727241 -0.498965 200.000000 200.000000 200.000000
v 0.308195 0.265899 -0.001392 200.000000 200.000000 200.000000
v 0.172867 0.945967 -0.367175 200.000000 200.000000 200.000000
v 0.385849 0.597296 -0.198532 200.000000 200.000000 200.000000
v -0.286487 0.210557 0.445193 200.000000 200.000000 200.000000
v 0.224230 0.273008 0.060839 200.000000 200.000000 200.000000
v 0.355925 0.410981 -0.132591 200.000000 200.000000 200.000000
v -0.086988 -0.026411 0.057509 200.000000 200.000000 200.000000
v 0.226558 0.606539 0.055076 200.000000 200.000000 200.000000
v 0.188679 -0.666608 -0.010407 200.000000 200.000000 200.000000
v 0.030775 0.209711 -0.085287 200.000000 200.000000 200.000000
v 0.227686 -0.642402 -0.124974 200.000000 200.000000 200.000000
v 0.231109 0.155852 0.080444 200.000000 200.000000 200.000000
v 0.245711 0.287849 0.036315 200.000000 200.000000 200.000000
v 0.061157 -0.999788 -0.102477 200.000000 200.000000 200.000000
v 0.245253 -0.659179 -0.049237 200.000000 200.000000 200.000000
v -0.009901 -0.007767 -0.071253 200.000000 200.000000 200.000000
v 0.342637 0.110858 -0.083774 200.000000 200.000000 200.000000
v 0.272803 0.816398 -0.361383 200.000000 200.000000 200.000000
v 0.297124 -0.085888 0.009384 200.000000 200.000000 200.000000
v 0.278701 0.603556 -0.290908 200.000000 200.000000 200.000000
v 0.369421 0.440880 -0.236809 200.000000 200.000000 200.000000
v 0.173155 0.201497 -0.261645 200.000000 200.000000 200.000000
v 0.050047 -0.969080 -0.078091 200.000000 200.000000 200.000000
v -0.067758 -0.400646 -0.048189 200.000000 200.000000 200.000000
v 0.347956 0.029231 -0.122532 200.000000 200.000000 200.000000
v 0.247009 0.657021 -0.030182 200.000000 200.000000 200.000000
v 0.067281 -0.003472 -0.120227 200.000000 200.000000 200.000000
v 0.138146 -0.624290 -0.153761 200.000000 200.000000 200.000000
v 0.298752 0.416197 0.002793 200.000000 200.000000 200.000000
v 0.321662 -0.034443 -0.165963 200.000000 200.000000 200.000000
v 0.303652 -0.090083 -0.167480 200.000000 200.000000 200.000000
v 0.180113 0.805329 -0.116657 200.000000 200.000000 200.000000
v 0.209093 -0.998282 0.027701 200.000000 200.000000 200.000000
v 0.304283 0.636646 -0.264875 200.000000 200.000000 200.000000
v 0.282189 0.051699 -0.296803 200.000000 200.000000 200.000000
v 0.084395 0.661565 -0.010105 200.000000 200.000000 200.000000
v 0.059335 0.237896 -0.161813 200.000000 200.000000 200.000000
v 0.088569 0.088663 0.117233 200.000000 200.000000 200.000000
v 0.056538 -0.018861 -0.106038 200.000000 200.000000 200.000000
v 0.149174 -0.159894 -0.229301 200.000000 200.000000 200.000000
v 0.269735 0.576623 0.068901 200.000000 200.000000 200.000000
v -0.069443 0.365622 0.162195 200.000000 200.000000 200.000000
v -0.366066 0.211471 0.446157 200.000000 200.000000 200.000000
v -0.045063 -0.144407 -0.088983 200.000000 200.000000 200.000000
v 0.164482 0.337619 -0.240768 200.000000 200.000000 200.000000
v -0.053511 0.333163 0.282097 200.000000 200.000000 200.000000
v 0.099194 -0.282190 -0.190774 200.000000 200.000000 200.000000
v 0.175387 -0.966505 0.021426 200.000000 200.000000 200.000000
v 0.228679 0.596628 0.067007 200.000000 200.000000 200.000000
v 0.114595 0.614577 -0.023270 200.000000 200.000000 200.000000
v 0.083885 0.243017 0.038170 200.000000 200.000000 200.000000
v 0.275670 -0.198210 -0.174023 200.000000 200.000000 200.000000
v 0.005038 0.734716 -0.019919 200.000000 200.000000 200.000000
v 0.133501 0.634481 0.080997 200.000000 200.000000 200.000000
v 0.236861 -0.688540 -0.031375 200.000000 200.000000 200.000000
v 0.277265 0.510018 0.035024 200.000000 200.000000 200.000000
v 0.064397 -0.999930 -0.153155 200.000000 200.000000 200.000000
v 0.308373 0.388575 -0.028948 200.000000 200.000000 200.000000
v -0.145801 -0.007160 -0.110463 200.000000 200.000000 200.000000
v -0.105557 -0.439314 -0.016190 200.000000 200.000000 200.000000
v -0.011591 0.038274 0.064023 200.000000 200.000000 200.000000
v 0.240033 0.328180 0.058014 200.000000 200.000000 200.000000
v 0.310621 -0.181302 -0.107934 200.000000 200.000000 200.000000
v 0.114466 -0.664228 -0.057403 200.000000 200.000000 200.000000
v 0.077344 0.954776 -0.358101 200.000000 200.000000 200.000000
v 0.405147 0.615861 -0.361987 200.000000 200.000000 200.000000
v 0.234738 0.126734 0.092880 200.000000 200.000000 200.000000
v 0.152435 0.636018 0.069386 200.000000 200.000000 200.000000
v 0.352287 0.659280 -0.291828 200.000000 200.000000 200.000000
v 0.289357 0.860403 -0.404018 200.000000 200.000000 200.000000
v 0.119940 -0.471977 -0.045099 200.000000 200.000000 200.000000
v 0.303464 0.707511 -0.371517 200.000000 200.000000 200.000000
v 0.310515 -0.135689 -0.147631 200.000000 200.000000 200.000000
v 0.025225 0.517283 0.066245 200.000000 200.000000 200.000000
v 0.046307 0.381654 0.196244 200.000000 200.000000 200.000000
v -0.285490 0.184908 0.466914 200.000000 200.000000 200.000000
v 0.310110 0.455710 0.003694 200.000000 200.000000 200.000000
v -0.092628 -0.361707 -0.066447 200.000000 200.000000 200.000000
v -0.002746 -0.440436 0.054587 200.000000 200.000000 200.000000
v 0.304613 0.307921 -0.015789 200.000000 200.000000 200.000000
v 0.034721 -0.475526 0.005332 200.000000 200.000000 200.000000
v 0.033208 0.691232 -0.018826 200.000000 200.000000 200.000000
v -0.283342 -0.137457 -0.161794 200.000000 200.000000 200.000000
v 0.275881 -0.060015 0.038344 200.000000 200.000000 200.000000
v 0.088689 0.575900 0.041338 200.000000 200.000000 200.000000
v 0.101922 0.535739 -0.140844 200.000000 200.000000 200.000000
v -0.117622 -0.203450 -0.027013 200.000000 200.000000 200.000000
v 0.059119 0.488298 -0.117817 200.000000 200.000000 200.000000
v -0.074540 0.256095 0.296878 200.000000 200.000000 200.000000
v -0.000771 0.627596 -0.080675 200.000000 200.000000 200.000000
v -0.233452 0.264114 0.357371 200.000000 200.000000 200.000000
v 0.233729 -0.756815 -0.087398 200.000000 200.000000 200.000000
v 0.281110 0.003249 -0.249386 200.000000 200.000000 200.000000
v 0.300040 0.135285 0.000916 200.000000 200.000000 200.000000
v -0.295442 0.165956 0.372259 200.000000 200.000000 200.000000
v 0.175597 -0.745717 0.002671 200.000000 200.000000 200.000000
v -0.065637 0.033602 -0.058611 200.000000 200.000000 200.000000
v 0.082415 0.605993 -0.188191 200.000000 200.000000 200.000000
v 0.245558 0.425856 0.067890 200.000000 200.000000 200.000000
v 0.261840 0.764481 -0.386450 200.000000 200.000000 200.000000
v -0.201690 0.284424 0.333540 200.000000 200.000000 200.000000
v 0.387808 0.587059 -0.375631 200.000000 200.000000 200.000000
v 0.305526 0.494531 -0.358674 200.000000 200.000000 200.000000
v 0.120645 -0.783698 -0.057783 200.000000 200.000000 200.000000
v 0.122519 -0.862179 -0.012229 200.000000 200.000000 200.000000
v 0.096510 -0.999693 -0.124115 200.000000 200.000000 200.000000
v 0.121775 0.608008 -0.205024 200.000000 200.000000 200.000000
v 0.139862 -0.999520 -0.076401 200.000000 200.000000 200.000000
v -0.043801 -0.040758 0.072167 200.000000 200.000000 200.000000
v -0.057429 0.047835 -0.003595 200.000000 200.000000 200.000000
v 0.304449 0.718407 -0.474262 200.000000 200.000000 200.000000
v -0.357248 0.180313 0.405149 200.000000 200.000000 200.000000
v -0.308493 -0.039608 -0.076356 200.000000 200.000000 200.000000
v 0.342649 0.148604 -0.122335 200.000000 200.000000 200.000000
v -0.190516 0.263791 0.270089 200.000000 200.000000 200.000000
v 0.032684 0.134689 -0.077268 200.000000 200.000000 200.000000
v -0.260572 -0.087639 -0.177921 200.000000 200.000000 200.000000
v 0.368061 0.516342 -0.321051 200.000000 200.000000 200.000000
v 0.174535 0.896979 -0.431829 200.000000 200.000000 200.000000
v 0.299821 0.527762 -0.380909 200.000000 200.000000 200.000000
v 0.175508 0.786054 -0.016411 200.000000 200.000000 200.000000
v 0.206516 -0.176737 -0.237026 200.000000 200.000000 200.000000
v 0.075944 0.330450 -0.146322 200.000000 200.000000 200.000000
v 0.332481 0.726899 -0.363679 200.000000 200.000000 200.000000
v 0.106136 0.412499 -0.212866 200.000000 200.000000 200.000000
v 0.054501 -0.425016 0.038833 200.000000 200.000000 200.000000
v -0.094106 -0.360676 -0.066869 200.000000 200.000000 200.000000
v 0.049327 0.036645 -0.129791 200.000000 200.000000 200.000000
v 0.233263 -0.747430 -0.092094 200.000000 200.000000 200.000000
v 0.105925 -0.621988 -0.087504 200.000000 200.000000 200.000000
v -0.038735 0.805269 -0.099369 200.000000 200.000000 200.000000
v 0.214519 -0.915242 -0.027294 200.000000 200.000000 200.000000
v -0.253738 -0.015040 -0.128823 200.000000 200.000000 200.000000
v 0.244896 0.470014 -0.305061 200.000000 200.000000 200.000000
v 0.003548 0.458885 0.049373 200.000000 200.000000 200.000000
v -0.107244 0.222424 0.324633 200.000000 200.000000 200.000000
v -0.177913 -0.045977 0.020619 200.000000 200.000000 200.000000
v 0.292022 0.758884 -0.368850 200.000000 200.000000 200.000000
v -0.047504 0.391719 0.214826 200.000000 200.000000 200.000000
v 0.074547 -0.404987 -0.167685 200.000000 200.000000 200.000000
v 0.291974 0.512902 -0.012770 200.000000 200.000000 200.000000
v -0.086925 -0.040980 -0.107184 200.000000 200.000000 200.000000
v 0.103093 0.587868 -0.178779 200.000000 200.000000 200.000000
v 0.085087 -0.473970 -0.174696 200.000000 200.000000 200.000000
v 0.130664 -0.701174 -0.029071 200.000000 200.000000 200.000000
v -0.289159 -0.167989 -0.043112 200.000000 200.000000 200.000000
v -0.010360 -0.645443 0.038611 200.000000 200.000000 200.000000
v 0.200678 -0.553881 -0.029322 200.000000 200.000000 200.000000
v 0.130065 0.167329 0.102765 200.000000 200.000000 200.000000
v 0.141472 -0.989542 0.009527 200.000000 200.000000 200.000000
v -0.011226 0.473163 0.115808 200.000000 200.000000 200.000000
v 0.108705 0.865145 -0.040951 200.000000 200.000000 200.000000
v 0.089306 0.453588 0.161924 200.000000 200.000000 200.000000
v 0.049643 0.540100 0.060554 200.000000 200.000000 200.000000
v 0.031132 -0.983302 -0.116360 200.000000 200.000000 200.000000
v 0.128182 0.813207 -0.202439 200.000000 200.000000 200.000000
v -0.180930 0.011171 -0.090123 200.000000 200.000000 200.000000
v 0.039325 -0.999899 -0.132122 200.000000 200.000000 200.000000
v 0.291562 0.576148 0.019842 200.000000 200.000000 200.000000
v -0.109566 0.348083 0.236532 200.000000 200.000000 200.000000
v 0.233338 -0.540196 -0.071561 200.000000 200.000000 200.000000
v 0.377380 0.486884 -0.203487 200.000000 200.000000 200.000000
v 0.091872 -0.160060 -0.013115 200.000000 200.000000 200.000000
v 0.315856 -0.025824 -0.290938 200.000000 200.000000 200.000000
v -0.005770 0.331820 0.023448 200.000000 200.000000 200.000000
v 0.306960 0.690630 -0.347033 200.000000 200.000000 200.000000
v 0.283076 0.381003 0.010717 200.000000 200.000000 200.000000
v 0.085131 0.887273 -0.339314 200.000000 200.000000 200.000000
v 0.390513 0.596883 -0.296571 200.000000 200.000000 200.000000
v 0.130619 0.699741 -0.178825 200.000000 200.000000 200.000000
v 0.264849 0.869038 -0.441044 200.000000 200.000000 200.000000
v -0.143171 0.029974 -0.045272 200.000000 200.000000 200.000000
v 0.009097 0.494226 0.100750 200.000000 200.000000 200.000000
v -0.239531 0.158744 0.340128 200.000000 200.000000 200.000000
v 0.154025 0.249245 0.098317 200.000000 200.000000 200.000000
v 0.325053 -0.004517 -0.014353 200.000000 200.000000 200.000000
v 0.179938 0.855118 -0.097599 200.000000 200.000000 200.000000
v 0.372070 0.751067 -0.485896 200.000000 200.000000 200.000000
v 0.225805 -0.372653 -0.048076 200.000000 200.000000 200.000000
v 0.203158 0.674949 -0.029011 200.000000 200.000000 200.000000
v 0.095721 -0.553111 -0.099325 200.000000 200.000000 200.000000
v 0.136947 -0.969873 0.006674 200.000000 200.000000 200.000000
v 0.330129 0.277352 -0.104776 200.000000 200.000000 200.000000
v 0.141150 0.253534 -0.258770 200.000000 200.000000 200.000000
v 0.054633 -0.234250 -0.109578 200.000000 200.000000 200.000000
v 0.239213 -0.302522 -0.049722 200.000000 200.000000 200.000000
v -0.214771 -0.169851 -0.145196 200.000000 200.000000 200.000000
v 0.117936 0.005574 -0.220390 200.000000 200.000000 200.000000
v -0.341453 0.199235 0.483418 200.000000 200.000000 200.000000
v 0.009381 0.806663 -0.170989 200.000000 200.000000 200.000000
v -0.279807 -0.035964 -0.046895 200.000000 200.000000 200.000000
v -0.289598 0.160876 0.468144 200.000000 200.000000 200.000000
v 0.071481 0.161082 -0.159965 200.000000 200.000000 200.000000
v 0.302174 0.533483 -0.386247 200.000000 200.000000 200.000000
v 0.239697 0.112000 0.090045 200.000000 200.000000 200.000000
v 0.205917 0.162005 0.090664 200.000000 200.000000 200.000000
v 0.205011 0.086238 -0.279722 200.000000 200.000000 200.000000
v 0.228384 -0.746311 -0.100853 200.000000 200.000000 200.000000
v -0.126613 0.207049 0.337870 200.000000 200.000000 200.000000
v 0.237243 0.452869 -0.296094 200.000000 200.000000 200.000000
v -0.309812 0.128541 0.415520 200.000000 200.000000 200.000000
v -0.158743 -0.000745 -0.107041 200.000000 200.000000 200.000000
v 0.215652 0.651437 -0.143642 200.000000 200.000000 200.000000
v -0.348001 0.163680 0.409111 200.000000 200.000000 200.000000
v -0.039687 0.777155 -0.132221 200.000000 200.000000 200.000000
v 0.354632 -0.042146 -0.103426 200.000000 200.000000 200.000000
v 0.068197 -0.999395 -0.068791 200.000000 200.000000 200.000000
v 0.146539 0.653336 -0.180977 200.000000 200.000000 200.000000
v -0.145322 0.325156 0.302363 200.000000 200.000000 200.000000
v 0.039929 0.864168 -0.054743 200.000000 200.000000 200.000000
v -0.398274 0.162148 0.444532 200.000000 200.000000 200.000000
v 0.026481 0.325815 -0.045743 200.000000 200.000000 200.000000
v -0.137509 0.012612 0.014147 200.000000 200.000000 200.000000
v 0.064270 -0.276107 -0.124916 200.000000 200.000000 200.000000
v 0.290581 0.563880 -0.362264 200.000000 200.000000 200.000000
v 0.188920 0.689518 -0.052897 200.000000 200.000000 200.000000
v 0.149495 0.854811 -0.412172 200.000000 200.000000 200.000000
v 0.197178 0.918802 -0.422326 200.000000 200.000000 200.000000
v 0.380991 0.593854 -0.182709 200.000000 200.000000 200.000000
v 0.323512 0.233914 -0.068785 200.000000 200.000000 200.000000
v 0.018114 -0.999820 -0.151837 200.000000 200.000000 200.000000
v 0.156815 0.286768 0.090131 200.000000 200.000000 200.000000
v 0.335104 -0.094180 -0.099925 200.000000 200.000000 200.000000
v 0.115210 0.843375 -0.013284 200.000000 200.000000 200.000000
v 0.103998 0.555069 0.093618 200.000000 200.000000 200.000000
v -0.231107 -0.271428 -0.035199 200.000000 200.000000 200.000000
v -0.112449 -0.212064 -0.025856 200.000000 200.000000 200.000000
v -0.007258 -0.131617 0.033438 200.000000 200.000000 200.000000
v 0.154586 -0.043285 -0.219945 200.000000 200.000000 200.000000
v 0.039983 0.245073 -0.108956 200.000000 200.000000 200.000000
v -0.068805 -0.307164 -0.056913 200.000000 200.000000 200.000000
v 0.298450 0.002733 -0.204909 200.000000 200.000000 200.000000
v 0.249527 -0.134621 -0.224858 200.000000 200.000000 200.000000
v 0.130093 -0.637949 -0.035855 200.000000 200.000000 200.000000
v 0.095296 0.828566 0.000650 200.000000 200.000000 200.000000
v 0.099560 0.185406 -0.223320 200.000000 200.000000 200.000000
v 0.160477 0.763322 -0.009190 200.000000 200.000000 200.000000
v 0.322324 0.636148 -0.457850 200.000000 200.000000 200.000000
v 0.247650 0.496888 0.050332 200.000000 200.000000 200.000000
v 0.275821 0.191281 0.044892 200.000000 200.000000 200.000000
v 0.035319 -0.999655 -0.104113 200.000000 200.000000 200.000000
v 0.009736 -0.393031 0.021284 200.000000 200.000000 200.000000
v -0.290167 -0.023318 -0.117919 200.000000 200.000000 200.000000
v -0.331508 0.126111 0.460078 200.000000 200.000000 200.000000
v 0.217183 0.217232 0.088603 200.000000 200.000000 200.000000
v 0.131228 0.170265 0.101559 200.000000 200.000000 200.000000
v -0.332365 0.221169 0.420244 200.000000 200.000000 200.000000
v 0.323563 -0.026814 -0.277993 200.000000 200.000000 200.000000
v 0.207740 0.607380 0.055240 200.000000 200.000000 200.000000
v 0.038433 0.674558 -0.165097 200.000000 200.000000 200.000000
v 0.096913 0.313346 -0.189280 200.000000 200.000000 200.000000
v 0.324556 0.270865 -0.090346 200.000000 200.000000 200.000000
v 0.093457 -0.476602 -0.078211 200.000000 200.000000 200.000000
v 0.131070 -0.682826 -0.125483 200.000000 200.000000 200.000000
v -0.034384 0.781056 -0.052646 200.000000 200.000000 200.000000
v 0.170353 0.745978 -0.181966 200.000000 200.000000 200.000000
v 0.192893 0.470451 -0.265949 200.000000 200.000000 200.000000
v 0.171132 -0.618461 -0.149712 200.000000 200.000000 200.000000
v 0.165179 -0.999426 0.008837 200.000000 200.000000 200.000000
v 0.261551 0.440524 0.054866 200.000000 200.000000 200.000000
v 0.102637 -0.943063 -0.029496 200.000000 200.000000 200.000000
v 0.213013 -0.212303 -0.224571 200.000000 200.000000 200.000000
v 0.356411 0.394114 -0.149342 200.000000 200.000000 200.000000
v -0.297377 -0.042544 -0.057978 200.000000 200.000000 200.000000
v -0.149647 0.291640 0.247663 200.000000 200.000000 200.000000
v -0.381410 0.219620 0.426841 200.000000 200.000000 200.000000
v 0.249949 -0.369573 -0.104056 200.000000 200.000000 200.000000
v -0.317851 0.187534 0.470664 200.000000 200.000000 200.000000
v -0.213197 0.235623 0.293985 200.000000 200.000000 200.000000
v 0.211266 -0.877759 0.004412 200.000000 200.000000 200.000000
v 0.354982 0.447114 -0.270755 200.000000 200.000000 200.000000
v 0.147153 0.487756 -0.232123 200.000000 200.000000 200.000000
v -0.195479 -0.136280 -0.138796 200.000000 200.000000 200.000000
v 0.322288 0.145484 -0.092173 200.000000 200.000000 200.000000
v -0.075292 0.037559 0.020176 200.000000 200.000000 200.000000
v 0.113525 0.850350 -0.019897 200.000000 200.000000 200.000000
v 0.186034 0.851870 -0.072470 200.000000 200.000000 200.000000
v -0.175760 -0.002206 -0.110927 200.000000 200.000000 200.000000
v -0.005567 0.337317 0.272129 200.000000 200.000000 200.000000
v -0.120386 0.186912 0.287688 200.000000 200.000000 200.000000
v 0.321831 0.382081 -0.056225 200.000000 200.000000 200.000000
v 0.066140 0.537158 -0.033988 200.000000 200.000000 200.000000
v -0.019390 -0.147478 0.012211 200.000000 200.000000 200.000000
v 0.258024 -0.247064 -0.066247 200.000000 200.000000 200.000000
v -0.218327 -0.161847 0.009013 200.000000 200.000000 200.000000
v 0.250877 -0.366211 -0.091997 200.000000 200.000000 200.000000
v 0.116206 0.019068 0.135900 200.000000 200.000000 200.000000
v 0.092313 0.240835 0.040720 200.000000 200.000000 200.000000
v 0.342241 -0.042223 -0.213408 200.000000 200.000000 200.000000
v 0.192840 0.630100 0.025384 200.000000 200.000000 200.000000
v 0.277845 0.630438 -0.392483 200.000000 200.000000 200.000000
v 0.305789 0.702153 -0.472556 200.000000 200.000000 200.000000
v 0.100592 0.331823 -0.183854 200.000000 200.000000 200.000000
v -0.332654 0.200782 0.384931 200.000000 200.000000 200.000000
v 0.355437 0.402978 -0.249862 200.000000 200.000000 200.000000
v 0.127888 -0.197358 -0.222838 200.000000 200.000000 200.000000
v 0.213111 0.434752 0.093060 200.000000 200.000000 200.000000
v 0.144300 -0.087303 0.109481 200.000000 200.000000 200.000000
v 0.317055 0.115268 -0.060447 200.000000 200.000000 200.000000
v 0.149887 -0.641412 -0.024070 200.000000 200.000000 200.000000
v 0.119883 -0.822864 -0.066942 200.000000 200.000000 200.000000
v 0.195973 0.268850 0.065812 200.000000 200.000000 200.000000
v 0.338848 0.239468 -0.138981 200.000000 200.000000 200.000000
v -0.252860 -0.162423 -0.007099 200.000000 200.000000 200.000000
v 0.331491 -0.131828 -0.087078 200.000000 200.000000 200.000000
v 0.114408 -0.159237 -0.016135 200.000000 200.000000 200.000000
v 0.100024 0.333855 0.142536 200.000000 200.000000 200.000000
v 0.010220 0.082435 -0.057148 200.000000 200.000000 200.000000
v -0.166746 0.298494 0.279026 200.000000 200.000000 200.000000
v 0.041317 0.429757 -0.114595 200.000000 200.000000 200.000000
v -0.267296 -0.076124 -0.178480 200.000000 200.000000 200.000000
v 0.186942 -0.129725 0.066345 200.000000 200.000000 200.000000
v -0.053459 0.341490 0.123653 200.000000 200.000000 200.000000
v 0.166838 -0.964049 0.018072 200.000000 200.000000 200.000000
v 0.180866 -0.016391 0.129704 200.000000 200.000000 200.000000
v 0.085413 -0.509982 -0.105303 200.000000 200.000000 200.000000
v 0.227781 -0.448509 -0.084452 200.000000 200.000000 200.000000
v -0.141031 0.030492 -0.044913 200.000000 200.000000 200.000000
v 0.148873 -0.974323 -0.083189 200.000000 200.000000 200.000000
v 0.170716 -0.597923 -0.159151 200.000000 200.000000 200.000000
v -0.204002 -0.253153 0.005078 200.000000 200.000000 200.000000
v 0.356372 0.634402 -0.242174 200.000000 200.000000 200.000000
v -0.166657 0.309017 0.327502 200.000000 200.000000 200.000000
v 0.033697 -0.980156 -0.108516 200.000000 200.000000 200.000000
v -0.079732 -0.426242 -0.040414 200.000000 200.000000 200.000000
v 0.050167 0.667741 -0.168615 200.000000 200.000000 200.000000
v 0.303269 0.147495 -0.001810 200.000000 200.000000 200.000000
v -0.039367 -0.539430 0.049715 200.000000 200.000000 200.000000
v 0.196410 -0.044864 -0.236342 200.000000 200.000000 200.000000
v 0.139594 0.048096 -0.250558 200.000000 200.000000 200.000000
v 0.306940 -0.092256 -0.009236 200.000000 200.000000 200.000000
v -0.113809 0.036853 -0.040106 200.000000 200.000000 200.000000
v 0.348310 -0.034758 -0.061156 200.000000 200.000000 200.000000
v -0.017440 -0.043976 0.080385 200.000000 200.000000 200.000000
v 0.296056 -0.083165 0.011107 200.000000 200.000000 200.000000
v 0.330678 0.177122 -0.216731 200.000000 200.000000 200.000000
v 0.350304 -0.017299 -0.079424 200.000000 200.000000 200.000000
v 0.355423 0.465930 -0.074182 200.000000 200.000000 200.000000
v 0.194459 -0.803348 -0.106052 200.000000 200.000000 200.000000
v 0.146475 0.483696 -0.232229 200.000000 200.000000 200.000000
v 0.114799 -0.541343 -0.052833 200.000000 200.000000 200.000000
v 0.026828 0.760080 -0.005166 200.000000 200.000000 200.000000
v 0.325522 0.120354 -0.259612 200.000000 200.000000 200.000000
v 0.096648 0.195895 -0.151911 200.000000 200.000000 200.000000
v -0.010125 -0.564411 -0.014370 200.000000 200.000000 200.000000
v 0.382653 0.757196 -0.458017 200.000000 200.000000 200.000000
v 0.065157 0.026971 -0.153514 200.000000 200.000000 200.000000
v 0.048351 0.195210 -0.039976 200.000000 200.000000 200.000000
v 0.301602 0.523487 -0.022277 200.000000 200.000000 200.000000
v 0.059282 -0.211739 -0.134931 200.000000 200.000000 200.000000
v 0.007646 0.415459 -0.008504 200.000000 200.000000 200.000000
v 0.206756 -0.971776 -0.024898 200.000000 200.000000 200.000000
v 0.343864 -0.029816 -0.041946 200.000000 200.000000 200.000000
v 0.030581 -0.458613 0.060212 200.000000 200.000000 200.000000
v 0.208103 0.567927 -0.204837 200.000000 200.000000 200.000000
v 0.400555 0.588630 -0.345583 200.000000 200.000000 200.000000
v 0.068190 0.983482 -0.344485 200.000000 200.000000 200.000000
v 0.260755 0.505902 0.051536 200.000000 200.000000 200.000000
v 0.060201 0.396406 -0.153484 200.000000 200.000000 200.000000
v -0.162414 0.006374 -0.099344 200.000000 200.000000 200.000000
v -0.311210 -0.129565 -0.148368 200.000000 200.000000 200.000000
v 0.130217 0.600749 0.072377 200.000000 200.000000 200.000000
v 0.320550 0.335959 -0.032215 200.000000 200.000000 200.000000
v 0.021846 0.525104 0.089510 200.000000 200.000000 200.000000
v -0.212070 -0.166922 -0.142890 200.000000 200.000000 200.000000
v 0.300137 -0.158714 -0.043018 200.000000 200.000000 200.000000
v -0.190331 -0.178572 -0.135269 200.000000 200.000000 200.000000
v 0.347848 -0.069686 -0.057934 200.000000 200.000000 200.000000
v 0.380469 0.524476 -0.269012 200.000000 200.000000 200.000000
v 0.335730 0.231807 -0.084939 200.000000 200.000000 200.000000
v -0.046449 -0.113681 0.035024 200.000000 200.000000 200.000000
v 0.220270 0.507499 0.092748 200.000000 200.000000 200.000000
v 0.222260 -0.398186 -0.163498 200.000000 200.000000 200.000000
v 0.091862 0.161993 -0.157159 200.000000 200.000000 200.000000
v 0.085120 0.085631 0.116794 200.000000 200.000000 200.000000
v 0.006014 0.338100 -0.004051 200.000000 200.000000 200.000000
v 0.212162 -0.583422 -0.144191 200.000000 200.000000 200.000000
v 0.188609 0.376566 -0.252411 200.000000 200.000000 200.000000
v 0.161278 -0.158483 0.025608 200.000000 200.000000 200.000000
v 0.361290 0.533661 -0.083075 200.000000 200.000000 200.000000
v 0.048428 0.480850 -0.087945 200.000000 200.000000 200.000000
v 0.075876 -0.954797 -0.056862 200.000000 200.000000 200.000000
v 0.124288 0.210361 -0.191406 200.000000 200.000000 200.000000
v 0.153845 0.582335 -0.171850 200.000000 200.000000 200.000000
v 0.142997 -0.492923 -0.033872 200.000000 200.000000 200.000000
v 0.098669 -0.546451 -0.079754 200.000000 200.000000 200.000000
v 0.216675 0.922633 -0.392043 200.000000 200.000000 200.000000
v 0.126474 -0.852273 -0.078701 200.000000 200.000000 200.000000
v 0.052792 -0.200105 -0.123317 200.000000 200.000000 200.000000
v 0.127878 -0.421034 -0.176946 200.000000 200.000000 200.000000
v 0.305787 0.439739 -0.325678 200.000000 200.000000 200.000000
v 0.263521 0.056498 0.066910 200.000000 200.000000 200.000000
v -0.079990 0.272070 0.304022 200.000000 200.000000 200.000000
v 0.059515 -0.235837 -0.127252 200.000000 200.000000 200.000000
v 0.120906 -0.154550 0.035277 200.000000 200.000000 200.000000
v -0.122463 -0.270602 -0.097561 200.000000 200.000000 200.000000
v 0.324885 0.643796 -0.258733 200.000000 200.000000 200.000000
v 0.111508 0.848605 -0.179132 200.000000 200.000000 200.000000
v 0.307672 0.759332 -0.362489 200.000000 200.000000 200.000000
v -0.048443 0.396625 0.205511 200.000000 200.000000 200.000000
v -0.173388 0.158132 0.315707 200.000000 200.000000 200.000000
v 0.218778 0.798150 -0.421097 200.000000 200.000000 200.000000
v -0.186393 -0.326257 -0.014992 200.000000 200.000000 200.000000
v 0.215408 0.147617 -0.287175 200.000000 200.000000 200.000000
v 0.350591 -0.005136 -0.082378 200.000000 200.000000 200.000000
v 0.150190 -0.833764 0.011049 200.000000 200.000000 200.000000
v 0.142970 -0.170408 -0.227444 200.000000 200.000000 200.000000
v 0.142617 0.008487 -0.225953 200.000000 200.000000 200.000000
v 0.286993 0.556573 0.057462 200.000000 200.000000 200.000000
v 0.282940 -0.164879 -0.035715 200.000000 200.000000 200.000000
v -0.196434 -0.160818 -0.139501 200.000000 200.000000 200.000000
v -0.101541 -0.081293 -0.122747 200.000000 200.000000 200.000000
v 0.057401 0.436196 0.173092 200.000000 200.000000 200.000000
v 0.100072 0.111053 0.105060 200.000000 200.000000 200.000000
v 0.241713 0.202627 -0.293057 200.000000 200.000000 200.000000
v 0.281075 0.627250 -0.298490 200.000000 200.000000 200.000000
v 0.076458 -0.342673 -0.171068 200.000000 200.000000 200.000000
v 0.132488 -0.889760 -0.000863 200.000000 200.000000 200.000000
v -0.033846 -0.145290 -0.085577 200.000000 200.000000 200.000000
v 0.344371 0.050418 -0.145870 200.000000 200.000000 200.000000
v 0.099760 0.987568 -0.313926 200.000000 200.000000 200.000000
v 0.276955 0.025016 -0.298838 200.000000 200.000000 200.000000
v 0.166003 0.834921 -0.182641 200.000000 200.000000 200.000000
v 0.200208 0.665319 -0.007907 200.000000 200.000000 200.000000
v -0.303177 -0.029607 -0.094124 200.000000 200.000000 200.000000
v 0.017625 -0.474255 -0.010566 200.000000 200.000000 200.000000
v -0.092128 -0.252810 -0.010316 200.000000 200.000000 200.000000
v 0.060581 -0.231487 -0.132355 200.000000 200.000000 200.000000
v 0.043675 0.374096 -0.102815 200.000000 200.000000 200.000000
v -0.059846 -0.502445 0.015364 200.000000 200.000000 200.000000
v 0.308083 0.177389 -0.007412 200.000000 200.000000 200.000000
v 0.404404 0.680304 -0.402818 200.000000 200.000000 200.000000
v 0.138834 -0.059179 -0.206718 200.000000 200.000000 200.000000
v -0.020251 -0.418399 0.047144 200.000000 200.000000 200.000000
v 0.133616 -0.377087 -0.203330 200.000000 200.000000 200.000000
v 0.325887 0.169909 -0.247668 200.000000 200.000000 200.000000
v 0.155109 0.331864 0.106731 200.000000 200.000000 200.000000
v -0.031233 -0.012912 -0.080362 200.000000 200.000000 200.000000
v 0.336931 0.219182 -0.195981 200.000000 200.000000 200.000000
v -0.098289 0.335629 0.296461 200.000000 200.000000 200.000000
v 0.083204 0.878928 -0.106381 200.000000 200.000000 200.000000
v -0.052949 0.399185 0.131810 200.000000 200.000000 200.000000
v 0.070615 0.161258 -0.161788 200.000000 200.000000 200.000000
v 0.035620 -0.028981 -0.091250 200.000000 200.000000 200.000000
v 0.197991 0.670914 -0.011898 200.000000 200.000000 200.000000
v -0.160093 -0.172411 -0.104962 200.000000 200.000000 200.000000
v 0.214747 -0.655935 -0.135983 200.000000 200.000000 200.000000
v -0.020039 0.407206 0.215025 200.000000 200.000000 200.000000
v 0.333977 0.031655 -0.034853 200.000000 200.000000 200.000000
v -0.146595 0.209417 0.256899 200.000000 200.000000 200.000000
v 0.120972 0.615421 0.094650 200.000000 200.000000 200.000000
v 0.138774 0.621467 0.086995 200.000000 200.000000 200.000000
v -0.305609 0.129014 0.387330 200.000000 200.000000 200.000000
v 0.208115 0.305328 -0.289250 200.000000 200.000000 200.000000
v 0.269039 0.347514 0.027065 200.000000 200.000000 200.000000
v -0.017512 0.785784 -0.017018 200.000000 200.000000 200.000000
v -0.171815 -0.292872 -0.087736 200.000000 200.000000 200.000000
v 0.121057 -0.730957 -0.046843 200.000000 200.000000 200.000000
v 0.243672 -0.601704 -0.080959 200.000000 200.000000 200.000000
v 0.103114 0.411325 -0.210183 200.000000 200.000000 200.000000
v -0.062921 -0.130033 -0.103371 200.000000 200.000000 200.000000
v 0.140117 -0.477834 -0.032542 200.000000 200.000000 200.000000
v 0.175595 0.873597 -0.439539 200.000000 200.000000 200.000000
v -0.155618 -0.372315 -0.034636 200.000000 200.000000 200.000000
v 0.091213 -0.999530 -0.073624 200.000000 200.000000 200.000000
v 0.191137 -0.217614 -0.035314 200.000000 200.000000 200.000000
v 0.142731 0.447534 0.130681 200.000000 200.000000 200.000000
v 0.344298 0.716404 -0.352113 200.000000 200.000000 200.000000
v -0.187711 0.146853 0.354726 200.000000 200.000000 200.000000
v -0.151225 0.302044 0.261399 200.000000 200.000000 200.000000
v 0.064376 -0.033699 0.115580 200.000000 200.000000 200.000000
v 0.093790 0.714471 -0.184483 200.000000 200.000000 200.000000
v -0.040380 0.793138 -0.082081 200.000000 200.000000 200.000000
v -0.265655 -0.215356 -0.038710 200.000000 200.000000 200.000000
v 0.174669 0.100380 -0.263170 200.000000 200.000000 200.000000
v 0.397680 0.523130 -0.163028 200.000000 200.000000 200.000000
v 0.329884 0.503220 -0.033509 200.000000 200.000000 200.000000
v 0.079146 0.819151 0.007905 200.000000 200.000000 200.000000
v 0.129958 0.926790 -0.376781 200.000000 200.000000 200.000000
v 0.166347 -0.162480 -0.021782 200.000000 200.000000 200.000000
v 0.281692 -0.155797 -0.029284 200.000000 200.000000 200.000000
v -0.090008 0.359698 0.239325 200.000000 200.000000 200.000000
v 0.088594 0.039576 0.132590 200.000000 200.000000 200.000000
v -0.076918 -0.144326 0.002425 200.000000 200.000000 200.000000
v 0.145477 0.343177 -0.239514 200.000000 200.000000 200.000000
v -0.206554 -0.284185 -0.078208 200.000000 200.000000 200.000000
v 0.046056 -0.122132 0.062436 200.000000 200.000000 200.000000
v 0.299349 0.379644 -0.312672 200.000000 200.000000 200.000000
v 0.047464 0.394991 -0.125875 200.000000 200.000000 200.000000
v 0.015784 0.092879 0.027715 200.000000 200.000000 200.000000
v 0.153858 -0.181973 -0.041848 200.000000 200.000000 200.000000
v 0.019325 0.487235 0.134205 200.000000 200.000000 200.000000
v 0.071446 -0.059496 0.110981 200.000000 200.000000 200.000000
v -0.166840 -0.358611 -0.013872 200.000000 200.000000 200.000000
v 0.308578 -0.176489 -0.141632 200.000000 200.000000 200.000000
v 0.332770 -0.012037 -0.251992 200.000000 200.000000 200.000000
v 0.346406 0.275446 -0.112740 200.000000 200.000000 200.000000
v 0.334137 0.262867 -0.172107 200.000000 200.000000 200.000000
v 0.268943 -0.137070 -0.209312 200.000000 200.000000 200.000000
v 0.341529 0.420143 -0.079831 200.000000 200.000000 200.000000
v 0.221251 0.479122 0.076723 200.000000 200.000000 200.000000
v 0.017324 -0.473492 -0.011050 200.000000 200.000000 200.000000
v -0.152748 0.195389 0.358034 200.000000 200.000000 200.000000
v 0.353922 0.407837 -0.128577 200.000000 200.000000 200.000000
v 0.355010 0.390153 -0.142300 200.000000 200.000000 200.000000
v 0.033467 0.537303 0.090381 200.000000 200.000000 200.000000
v 0.137086 0.443069 -0.228930 200.000000 200.000000 200.000000
v 0.188838 0.690345 -0.129535 200.000000 200.000000 200.000000
v 0.029541 0.333685 -0.137780 200.000000 200.000000 200.000000
v 0.016939 0.373588 -0.027796 200.000000 200.000000 200.000000
v 0.167334 0.789445 -0.158836 200.000000 200.000000 200.000000
v 0.157584 -0.647354 -0.145071 200.000000 200.000000 200.000000
v -0.013953 -0.389313 0.022339 200.000000 200.000000 200.000000
v 0.177117 -0.476572 -0.183107 200.000000 200.000000 200.000000
v 0.073264 0.605921 0.058177 200.000000 200.000000 200.000000
v 0.377954 0.492853 -0.224664 200.000000 200.000000 200.000000
v 0.260796 0.482520 0.048229 200.000000 200.000000 200.000000
v 0.323388 0.185689 -0.251322 200.000000 200.000000 200.000000
v -0.035077 0.420627 0.131097 200.000000 200.000000 200.000000
v 0.188109 0.623377 0.021215 200.000000 200.000000 200.000000
v 0.035033 0.132681 -0.033552 200.000000 200.000000 200.000000
v 0.034146 -0.461460 0.057088 200.000000 200.000000 200.000000
v 0.026389 0.623769 -0.042879 200.000000 200.000000 200.000000
v 0.170911 -0.351914 -0.207100 200.000000 200.000000 200.000000
v 0.029440 0.613090 -0.136515 200.000000 200.000000 200.000000
v 0.212893 0.651173 -0.070220 200.000000 200.000000 200.000000
v 0.314394 0.801836 -0.476338 200.000000 200.000000 200.000000
v 0.117490 -0.459021 -0.174658 200.000000 200.000000 200.000000
v -0.137307 -0.255428 -0.106496 200.000000 200.000000 200.000000
v -0.066975 -0.135898 0.011914 200.000000 200.000000 200.000000
v 0.223872 0.100159 -0.285887 200.000000 200.000000 200.000000
v 0.120736 0.148725 -0.242024 200.000000 200.000000 200.000000
v -0.118333 0.220826 0.241735 200.000000 200.000000 200.000000
v 0.343046 0.369888 -0.241753 200.000000 200.000000 200.000000
v -0.052077 0.041921 0.027205 200.000000 200.000000 200.000000
v 0.027938 0.475250 -0.012304 200.000000 200.000000 200.000000
v 0.295033 0.542730 0.040153 200.000000 200.000000 200.000000
v 0.285127 0.849523 -0.449757 200.000000 200.000000 200.000000
v -0.036801 0.049917 -0.012326 200.000000 200.000000 200.000000
v 0.088924 0.876772 -0.093171 200.000000 200.000000 200.000000
v -0.061644 -0.137073 -0.098628 200.000000 200.000000 200.000000
v 0.229797 -0.140164 0.005855 200.000000 200.000000 200.000000
v -0.056798 0.379286 0.247400 200.000000 200.000000 200.000000
v -0.117633 -0.058222 -0.121835 200.000000 200.000000 200.000000
v 0.241667 0.216331 -0.289852 200.000000 200.000000 200.000000
v -0.090051 0.043522 -0.029207 200.000000 200.000000 200.000000
v 0.162660 0.316185 -0.273468 200.000000 200.000000 200.000000
v 0.263665 -0.274448 -0.075209 200.000000 200.000000 200.000000
v -0.035444 -0.600712 0.015172 200.000000 200.000000 200.000000
v 0.213330 0.664947 -0.075854 200.000000 200.000000 200.000000
v 0.187614 0.642277 -0.054239 200.000000 200.000000 200.000000
v 0.178132 0.732736 -0.028319 200.000000 200.000000 200.000000
v 0.108244 -0.609788 -0.109116 200.000000 200.000000 200.000000
v 0.058970 -0.165299 -0.143143 200.000000 200.000000 200.000000
v 0.370455 0.459610 -0.251752 200.000000 200.000000 200.000000
v 0.317778 0.342465 -0.289305 200.000000 200.000000 200.000000
v 0.115289 0.960597 -0.301955 200.000000 200.000000 200.000000
v 0.352652 0.712096 -0.353489 200.000000 200.000000 200.000000
v 0.168889 -0.780689 -0.111680 200.000000 200.000000 200.000000
v 0.016869 0.266883 0.226653 200.000000 200.000000 200.000000
v -0.182644 -0.222988 0.018774 200.000000 200.000000 200.000000
v 0.260853 0.356144 0.035470 200.000000 200.000000 200.000000
v 0.227280 0.868908 -0.453715 200.000000 200.000000 200.000000
v 0.091222 -0.436547 -0.178449 200.000000 200.000000 200.000000
v 0.011267 0.850425 -0.129317 200.000000 200.000000 200.000000
v 0.345790 0.241782 -0.174455 200.000000 200.000000 200.000000
v 0.163786 0.821280 -0.117369 200.000000 200.000000 200.000000
v -0.023507 0.436812 0.177627 200.000000 200.000000 200.000000
v 0.049806 0.428466 0.190450 200.000000 200.000000 200.000000
v 0.262276 0.583620 -0.265571 200.000000 200.000000 200.000000
v -0.057235 -0.509630 0.021534 200.000000 200.000000 200.000000
v 0.068897 0.879952 -0.107443 200.000000 200.000000 200.000000
v 0.290720 0.324316 0.008825 200.000000 200.000000 200.000000
v 0.036583 0.517802 0.130461 200.000000 200.000000 200.000000
v 0.359831 0.617870 -0.187651 200.000000 200.000000 200.000000
v 0.310007 -0.168545 -0.148777 200.000000 200.000000 200.000000
v -0.090928 0.228760 0.227257 200.000000 200.000000 200.000000
v -0.092190 0.204988 0.269366 200.000000 200.000000 200.000000
v 0.362476 0.441358 -0.118422 200.000000 200.000000 200.000000
v -0.042659 -0.447738 0.048424 200.000000 200.000000 200.000000
v 0.074985 -0.055650 0.113242 200.000000 200.000000 200.000000
v 0.007763 -0.567575 0.064930 200.000000 200.000000 200.000000
v 0.158871 -0.125779 0.078057 200.000000 200.000000 200.000000
v 0.283889 -0.189702 -0.061835 200.000000 200.000000 200.000000
v -0.142023 0.020894 -0.077808 200.000000 200.000000 200.000000
v 0.099931 0.602493 -0.197968 200.000000 200.000000 200.000000
v 0.228088 0.835092 -0.461309 200.000000 200.000000 200.000000
v -0.288511 -0.108114 -0.170958 200.000000 200.000000 200.000000
v 0.152985 -0.774214 0.001312 200.000000 200.000000 200.000000
v 0.153623 0.648389 -0.183135 200.000000 200.000000 200.000000
v -0.046574 0.782601 -0.119908 200.000000 200.000000 200.000000
v 0.048437 0.476008 -0.101436 200.000000 200.000000 200.000000
v 0.332205 0.815976 -0.411307 200.000000 200.000000 200.000000
v 0.150202 0.100310 -0.247030 200.000000 200.000000 200.000000
v 0.204599 -0.380260 -0.186497 200.000000 200.000000 200.000000
v 0.088449 -0.403017 -0.175619 200.000000 200.000000 200.000000
v 0.264393 -0.010524 -0.281105 200.000000 200.000000 200.000000
v 0.227796 0.644646 0.009538 200.000000 200.000000 200.000000
v -0.160238 0.197822 0.366910 200.000000 200.000000 200.000000
v -0.073338 -0.168501 -0.042175 200.000000 200.000000 200.000000
v 0.302879 0.452094 0.013202 200.000000 200.000000 200.000000
v 0.153936 0.368784 0.116558 200.000000 200.000000 200.000000
v -0.324607 -0.151262 -0.115255 200.000000 200.000000 200.000000
v 0.335148 0.298086 -0.234663 200.000000 200.000000 200.000000
v 0.069548 -0.362786 -0.144181 200.000000 200.000000 200.000000
v 0.353234 0.591702 -0.151737 200.000000 200.000000 200.000000
v 0.200841 0.209746 -0.267813 200.000000 200.000000 200.000000
v 0.061886 0.285774 -0.165262 200.000000 200.000000 200.000000
v 0.140870 -0.686289 -0.131028 200.000000 200.000000 200.000000
v 0.072331 -0.445059 -0.151498 200.000000 200.000000 200.000000
v 0.147208 -0.336998 -0.045111 200.000000 200.000000 200.000000
v 0.069807 -0.344024 -0.158175 200.000000 200.000000 200.000000
v 0.197391 0.597533 -0.201320 200.000000 200.000000 200.000000
v 0.191828 -0.491929 -0.175885 200.000000 200.000000 200.000000
v 0.146332 0.851941 -0.165736 200.000000 200.000000 200.000000
v 0.050813 0.349804 -0.108525 200.000000 200.000000 200.000000
v 0.014469 0.101506 -0.051365 200.000000 200.000000 200.000000
v 0.052246 0.255786 -0.166347 200.000000 200.000000 200.000000
v 0.126986 -0.726086 -0.030291 200.000000 200.000000 200.000000
v 0.330448 -0.098267 -0.043204 200.000000 200.000000 200.000000
v -0.212369 -0.254034 -0.000794 200.000000 200.000000 200.000000
v 0.005341 -0.467047 -0.017457 200.000000 200.000000 200.000000
v 0.254385 0.636275 -0.124962 200.000000 200.000000 200.000000
v 0.242794 -0.684596 -0.042206 200.000000 200.000000 200.000000
v 0.100065 0.818203 -0.199698 200.000000 200.000000 200.000000
v 0.153821 0.695613 -0.176290 200.000000 200.000000 200.000000
v 0.342592 0.491054 -0.034677 200.000000 200.000000 200.000000
v 0.282454 0.380561 -0.315562 200.000000 200.000000 200.000000
v -0.021022 0.038682 -0.038681 200.000000 200.000000 200.000000
v 0.097463 0.679258 -0.010118 200.000000 200.000000 200.000000
v 0.113089 0.870883 -0.064537 200.000000 200.000000 200.000000
v 0.092741 0.834377 -0.003056 200.000000 200.000000 200.000000
v 0.191938 0.284801 0.079931 200.000000 200.000000 200.000000
v 0.301593 0.467847 -0.336984 200.000000 200.000000 200.000000
v 0.340746 0.276296 -0.106194 200.000000 200.000000 200.000000
v 0.224682 0.316498 0.064210 200.000000 200.000000 200.000000
v -0.268504 0.165702 0.351494 200.000000 200.000000 200.000000
v -0.003117 -0.037236 -0.084312 200.000000 200.000000 200.000000
v 0.089722 0.728775 -0.202923 200.000000 200.000000 200.000000
v 0.150154 0.509252 -0.210354 200.000000 200.000000 200.000000
v 0.304078 0.468826 -0.339789 200.000000 200.000000 200.000000
v -0.132319 0.320685 0.241277 200.000000 200.000000 200.000000
v 0.340747 -0.009911 -0.214786 200.000000 200.000000 200.000000
v 0.290077 0.392909 0.007007 200.000000 200.000000 200.000000
v 0.119178 0.214909 -0.185802 200.000000 200.000000 200.000000
v 0.322894 0.510968 -0.367929 200.000000 200.000000 200.000000
v 0.087806 0.389931 0.177949 200.000000 200.000000 200.000000
v 0.056728 0.301288 0.120434 200.000000 200.000000 200.000000
v 0.351615 -0.023288 -0.108381 200.000000 200.000000 200.000000
v 0.308746 0.544901 -0.051483 200.000000 200.000000 200.000000
v 0.328712 0.635354 -0.219472 200.000000 200.000000 200.000000
v 0.179845 0.465689 -0.245819 200.000000 200.000000 200.000000
v 0.147956 0.920837 -0.410859 200.000000 200.000000 200.000000
v 0.162277 -0.549545 -0.165056 200.000000 200.000000 200.000000
v -0.229112 -0.004831 -0.040376 200.000000 200.000000 200.000000
v 0.341322 0.069227 -0.206303 200.000000 200.000000 200.000000
v 0.159358 0.160007 -0.252425 200.000000 200.000000 200.000000
v 0.034869 -0.473737 0.048417 200.000000 200.000000 200.000000
v 0.262243 0.746073 -0.457600 200.000000 200.000000 200.000000
v 0.124917 -0.387490 -0.193588 200.000000 200.000000 200.000000
v -0.190450 -0.216936 -0.130014 200.000000 200.000000 200.000000
v 0.215036 -0.697579 -0.126585 200.000000 200.000000 200.000000
v 0.024889 0.516870 0.117116 200.000000 200.000000 200.000000
v 0.130028 -0.417431 -0.181359 200.000000 200.000000 200.000000
v 0.147672 0.062068 -0.257240 200.000000 200.000000 200.000000
v 0.252675 0.489037 -0.309063 200.000000 200.000000 200.000000
v 0.338785 0.314998 -0.208781 200.000000 200.000000 200.000000
v 0.211930 0.824344 -0.064916 200.000000 200.000000 200.000000
v 0.323015 0.626579 -0.450462 200.000000 200.000000 200.000000
v 0.051861 -0.001668 -0.138025 200.000000 200.000000 200.000000
v -0.132957 0.320163 0.241717 200.000000 200.000000 200.000000
v -0.002667 0.475961 0.067727 200.000000 200.000000 200.000000
v 0.306679 0.018613 -0.291216 200.000000 200.000000 200.000000
v -0.232944 -0.270793 -0.056090 200.000000 200.000000 200.000000
v 0.243691 0.574929 0.079531 200.000000 200.000000 200.000000
v 0.162108 0.641225 0.045861 200.000000 200.000000 200.000000
v 0.334638 0.221845 -0.228568 200.000000 200.000000 200.000000
v 0.241390 -0.756990 -0.045904 200.000000 200.000000 200.000000
v 0.345206 0.141975 -0.162943 200.000000 200.000000 200.000000
v 0.294303 0.032014 -0.295542 200.000000 200.000000 200.000000
v 0.339392 0.144612 -0.098328 200.000000 200.000000 200.000000
v 0.094443 0.709159 -0.184445 200.000000 200.000000 200.000000
v 0.210585 -0.932215 -0.028846 200.000000 200.000000 200.000000
v -0.118205 0.183727 0.292921 200.000000 200.000000 200.000000
v 0.195190 -0.178735 -0.032757 200.000000 200.000000 200.000000
v 0.062887 0.563544 -0.019991 200.000000 200.000000 200.000000
v 0.051175 0.804393 0.014334 200.000000 200.000000 200.000000
v 0.333572 0.295467 -0.241199 200.000000 200.000000 200.000000
v 0.145744 -0.999239 0.006541 200.000000 200.000000 200.000000
v 0.095330 0.872023 -0.068102 200.000000 200.000000 200.000000
v 0.333947 0.411831 -0.065021 200.000000 200.000000 200.000000
v 0.127968 0.633128 -0.035710 200.000000 200.000000 200.000000
v 0.002732 0.763276 -0.015911 200.000000 200.000000 200.000000
v -0.005301 0.243392 0.203806 200.000000 200.000000 200.000000
v -0.014606 0.242369 0.195414 200.000000 200.000000 200.000000
v 0.342902 -0.044835 -0.206901 200.000000 200.000000 200.000000
v -0.322934 0.126772 0.438825 200.000000 200.000000 200.000000
v 0.160307 -0.649200 -0.019210 200.000000 200.000000 200.000000
v 0.089868 0.923547 -0.275933 200.000000 200.000000 200.000000
v -0.071532 0.227412 0.291474 200.000000 200.000000 200.000000
v -0.046830 0.325947 0.116075 200.000000 200.000000 200.000000
v 0.026155 0.033449 0.102376 200.000000 200.000000 200.000000
v 0.149577 0.276966 -0.268630 200.000000 200.000000 200.000000
v 0.380547 0.551559 -0.344526 200.000000 200.000000 200.000000
v -0.185152 0.016653 -0.069864 200.000000 200.000000 200.000000
v 0.116992 0.565572 -0.170445 200.000000 200.000000 200.000000
v 0.364089 0.699225 -0.356165 200.000000 200.000000 200.000000
v 0.297411 0.600310 -0.112797 200.000000 200.000000 200.000000
v 0.129906 0.624248 -0.192545 200.000000 200.000000 200.000000
v 0.184232 -0.658154 -0.012789 200.000000 200.000000 200.000000
v -0.289082 0.208999 0.455983 200.000000 200.000000 200.000000
v 0.157417 0.844052 -0.377987 200.000000 200.000000 200.000000
v 0.188025 -0.363678 -0.196351 200.000000 200.000000 200.000000
v 0.082861 0.278659 -0.202874 200.000000 200.000000 200.000000
v 0.158037 -0.795986 -0.105445 200.000000 200.000000 200.000000
v 0.331171 0.256815 -0.176050 200.000000 200.000000 200.000000
v 0.160646 0.693558 -0.041317 200.000000 200.000000 200.000000
v -0.072770 0.240568 0.310042 200.000000 200.000000 200.000000
v 0.352607 0.327782 -0.161586 200.000000 200.000000 200.000000
v 0.069296 -0.351618 -0.153354 200.000000 200.000000 200.000000
v 0.056406 -0.014290 -0.101359 200.000000 200.000000 200.000000
v -0.002722 0.272107 0.136493 200.000000 200.000000 200.000000
v 0.187271 0.835913 -0.157594 200.000000 200.000000 200.000000
v 0.073164 -0.069970 -0.150368 200.000000 200.000000 200.000000
v 0.093615 -0.156933 -0.033355 200.000000 200.000000 200.000000
v 0.000983 0.317763 -0.020670 200.000000 200.000000 200.000000
v 0.118886 0.080658 0.131644 200.000000 200.000000 200.000000
v 0.336034 0.248594 -0.219292 200.000000 200.000000 200.000000
v -0.112838 -0.270929 0.023160 200.000000 200.000000 200.000000
v 0.066618 -0.298726 -0.130753 200.000000 200.000000 200.000000
v 0.367276 0.597568 -0.157889 200.000000 200.000000 200.000000
v -0.263925 -0.150506 -0.013930 200.000000 200.000000 200.000000
v 0.287527 0.587922 -0.395695 200.000000 200.000000 200.000000
v 0.128053 -0.747051 -0.025715 200.000000 200.000000 200.000000
v 0.319101 0.557247 -0.402872 200.000000 200.000000 200.000000
v -0.038950 0.767701 -0.048771 200.000000 200.000000 200.000000
v 0.235691 -0.793653 -0.024631 200.000000 200.000000 200.000000
v -0.236969 -0.069287 -0.009412 200.000000 200.000000 200.000000
v 0.228402 -0.587632 -0.129232 200.000000 200.000000 200.000000
v 0.226069 0.791685 -0.421311 200.000000 200.000000 200.000000
v 0.055487 0.567680 -0.081716 200.000000 200.000000 200.000000
v 0.145359 0.643684 0.063388 200.000000 200.000000 200.000000
v 0.333175 0.289897 -0.061802 200.000000 200.000000 200.000000
v 0.343899 0.364530 -0.125526 200.000000 200.000000 200.000000
v 0.347425 0.589758 -0.142176 200.000000 200.000000 200.000000
v 0.228429 -0.558774 -0.059286 200.000000 200.000000 200.000000
v 0.071513 0.569233 -0.115145 200.000000 200.000000 200.000000
v -0.053527 -0.518964 0.027816 200.000000 200.000000 200.000000
v 0.017304 0.667346 -0.047540 200.000000 200.000000 200.000000
v 0.204313 0.635985 0.049583 200.000000 200.000000 200.000000
v 0.235190 0.003169 0.107888 200.000000 200.000000 200.000000
v 0.397681 0.629356 -0.329485 200.000000 200.000000 200.000000
v 0.160716 -0.427506 -0.039648 200.000000 200.000000 200.000000
v 0.389641 0.680705 -0.442335 200.000000 200.000000 200.000000
v 0.346260 0.055643 -0.100650 200.000000 200.000000 200.000000
v -0.147415 0.322469 0.307703 200.000000 200.000000 200.000000
v 0.095532 -0.537378 -0.089100 200.000000 200.000000 200.000000
v -0.112154 -0.159104 -0.026225 200.000000 200.000000 200.000000
v -0.097289 0.270249 0.192942 200.000000 200.000000 200.000000
v 0.211063 -0.865404 0.009256 200.000000 200.000000 200.000000
v 0.019943 0.770531 0.015736 200.000000 200.000000 200.000000
v 0.066264 0.321142 0.195815 200.000000 200.000000 200.000000
v 0.041855 0.269903 0.015168 200.000000 200.000000 200.000000
v 0.101414 0.589157 -0.180410 200.000000 200.000000 200.000000
v 0.178318 0.933095 -0.386771 200.000000 200.000000 200.000000
v 0.302326 0.392678 -0.015916 200.000000 200.000000 200.000000
v 0.203687 0.766496 -0.128833 200.000000 200.000000 200.000000
v 0.185407 -0.309456 -0.213597 200.000000 200.000000 200.000000
v 0.220536 0.643470 -0.145847 200.000000 200.000000 200.000000
v 0.073415 -0.395724 -0.165882 200.000000 200.000000 200.000000
v 0.304390 -0.003389 -0.296310 200.000000 200.000000 200.000000
v 0.030629 0.324256 0.215760 200.000000 200.000000 200.000000
v 0.181800 0.455620 0.112695 200.000000 200.000000 200.000000
v -0.007442 -0.659848 0.014996 200.000000 200.000000 200.000000
v 0.093080 0.171725 -0.216063 200.000000 200.000000 200.000000
v 0.219449 -0.979926 -0.000157 200.000000 200.000000 200.000000
v 0.386324 0.509256 -0.199915 200.000000 200.000000 200.000000
v 0.061968 0.206562 0.025625 200.000000 200.000000 200.000000
v -0.012719 -0.015626 0.084498 200.000000 200.000000 200.000000
v 0.238002 -0.332029 -0.159136 200.000000 200.000000 200.000000
v 0.395259 0.745556 -0.442495 200.000000 200.000000 200.000000
v 0.155502 0.792045 -0.000197 200.000000 200.000000 200.000000
v 0.036332 0.135981 -0.059972 200.000000 200.000000 200.000000
v 0.212094 -0.241007 -0.037858 200.000000 200.000000 200.000000
v 0.134590 -0.735374 -0.017406 200.000000 200.000000 200.000000
v -0.307341 0.189625 0.465054 200.000000 200.000000 200.000000
v -0.072224 0.330223 0.144080 200.000000 200.000000 200.000000
v 0.022380 0.713932 -0.158715 200.000000 200.000000 200.000000
v 0.300951 0.744953 -0.484962 200.000000 200.000000 200.000000
v 0.170205 0.649394 0.035384 200.000000 200.000000 200.000000
v 0.082713 0.415343 -0.195733 200.000000 200.000000 200.000000
v 0.083088 -0.373525 -0.172828 200.000000 200.000000 200.000000
v 0.206255 0.754140 -0.092249 200.000000 200.000000 200.000000
v -0.183998 0.258753 0.258605 200.000000 200.000000 200.000000
v 0.086397 -0.470474 -0.175951 200.000000 200.000000 200.000000
v 0.073307 0.669060 -0.171498 200.000000 200.000000 200.000000
v 0.208016 0.799185 -0.374841 200.000000 200.000000 200.000000
v 0.245330 0.859063 -0.458332 200.000000 200.000000 200.000000
v -0.027646 -0.358354 -0.019036 200.000000 200.000000 200.000000
v 0.226985 -0.849602 -0.055649 200.000000 200.000000 200.000000
v 0.078662 0.940392 -0.351702 200.000000 200.000000 200.000000
v 0.172973 0.089738 -0.267929 200.000000 200.000000 200.000000
v 0.248110 -0.261406 -0.186050 200.000000 200.000000 200.000000
v 0.191229 0.451167 0.106505 200.000000 200.000000 200.000000
v 0.361402 0.724644 -0.362159 200.000000 200.000000 200.000000
v 0.097331 0.336993 -0.178869 200.000000 200.000000 200.000000
v 0.188872 0.617114 0.013248 200.000000 200.000000 200.000000
v -0.033731 -0.064501 -0.098012 200.000000 200.000000 200.000000
v 0.197948 0.849559 -0.446812 200.000000 200.000000 200.000000
v 0.331321 0.140693 -0.234870 200.000000 200.000000 200.000000
v 0.145939 -0.881859 -0.073903 200.000000 200.000000 200.000000
v 0.008615 0.504014 0.088796 200.000000 200.000000 200.000000
v 0.087677 0.912981 -0.356200 200.000000 200.000000 200.000000
v -0.102512 -0.113197 0.016123 200.000000 200.000000 200.000000
v 0.234622 -0.784505 -0.021935 200.000000 200.000000 200.000000
v 0.359926 0.412786 -0.218275 200.000000 200.000000 200.000000
v 0.039323 0.286917 0.012658 200.000000 200.000000 200.000000
v 0.273599 0.863688 -0.442195 200.000000 200.000000 200.000000
v 0.342188 0.309374 -0.222834 200.000000 200.000000 200.000000
v 0.284386 0.314235 0.013218 200.000000 200.000000 200.000000
v 0.023537 -0.999802 -0.152290 200.000000 200.000000 200.000000
v 0.326049 0.652842 -0.280056 200.000000 200.000000 200.000000
v 0.148866 0.575674 -0.172726 200.000000 200.000000 200.000000
v 0.135661 0.960476 -0.366549 200.000000 200.000000 200.000000
v -0.210147 0.146230 0.384785 200.000000 200.000000 200.000000
v 0.288688 -0.033222 -0.193024 200.000000 200.000000 200.000000
v 0.335425 0.221168 -0.121268 200.000000 200.000000 200.000000
v 0.201041 0.567032 -0.207664 200.000000 200.000000 200.000000
v -0.116632 -0.240513 0.011068 200.000000 200.000000 200.000000
v 0.215453 -0.376749 -0.179688 200.000000 200.000000 200.000000
v 0.151459 0.895250 -0.377287 200.000000 200.000000 200.000000
v -0.222525 -0.257195 -0.009116 200.000000 200.000000 200.000000
v -0.137662 0.326736 0.258582 200.000000 200.000000 200.000000
v 0.257849 0.536026 -0.293997 200.000000 200.000000 200.000000
v 0.126648 0.858168 -0.161125 200.000000 200.000000 200.000000
v 0.387314 0.659585 -0.322992 200.000000 200.000000 200.000000
v 0.334800 0.353389 -0.062626 200.000000 200.000000 200.000000
v -0.038754 -0.387596 -0.038319 200.000000 200.000000 200.000000
v 0.094085 0.510485 -0.169118 200.000000 200.000000 200.000000
v 0.272194 -0.208330 -0.173421 200.000000 200.000000 200.000000
v 0.097695 0.469907 -0.190883 200.000000 200.000000 200.000000
v 0.263007 0.883567 -0.414463 200.000000 200.000000 200.000000
v 0.172947 0.450843 -0.244864 200.000000 200.000000 200.000000
v -0.000248 0.454680 0.176064 200.000000 200.000000 200.000000
v -0.132889 0.204359 0.259613 200.000000 200.000000 200.000000
v -0.002343 0.059023 -0.000393 200.000000 200.000000 200.000000
v 0.142307 -0.069551 -0.213199 200.000000 200.000000 200.000000
v -0.287083 -0.021944 -0.118640 200.000000 200.000000 200.000000
v -0.298136 -0.186394 -0.065818 200.000000 200.000000 200.000000
v 0.370283 0.489359 -0.270321 200.000000 200.000000 200.000000
v -0.000969 0.343740 0.239011 200.000000 200.000000 200.000000
v 0.252035 0.547857 0.090170 200.000000 200.000000 200.000000
v 0.396383 0.710277 -0.447241 200.000000 200.000000 200.000000
v -0.353141 0.189559 0.496244 200.000000 200.000000 200.000000
v 0.009615 0.674585 -0.147240 200.000000 200.000000 200.000000
v 0.319851 0.639072 -0.239441 200.000000 200.000000 200.000000
v 0.131374 -0.776693 -0.013913 200.000000 200.000000 200.000000
v 0.114644 -0.320808 -0.049963 200.000000 200.000000 200.000000
v 0.129779 0.856438 -0.167175 200.000000 200.000000 200.000000
v 0.312603 0.559365 -0.406946 200.000000 200.000000 200.000000
v 0.030386 0.735800 -0.168439 200.000000 200.000000 200.000000
v -0.310175 -0.057348 -0.059009 200.000000 200.000000 200.000000
v 0.341600 0.389520 -0.102779 200.000000 200.000000 200.000000
v -0.041732 -0.502225 0.051465 200.000000 200.000000 200.000000
v 0.272167 -0.081576 0.036864 200.000000 200.000000 200.000000
v 0.245641 -0.170680 -0.217301 200.000000 200.000000 200.000000
v -0.050831 -0.436248 0.046767 200.000000 200.000000 200.000000
v 0.022538 0.657309 -0.043929 200.000000 200.000000 200.000000
v -0.124614 0.027241 0.002247 200.000000 200.000000 200.000000
v 0.013446 0.500165 0.105720 200.000000 200.000000 200.000000
v 0.241752 -0.590813 -0.098012 200.000000 200.000000 200.000000
v 0.145733 -0.913516 -0.066648 200.000000 200.000000 200.000000
v 0.093619 0.175050 0.028509 200.000000 200.000000 200.000000
v 0.337291 0.082873 -0.182844 200.000000 200.000000 200.000000
v 0.074698 0.607399 -0.182412 200.000000 200.000000 200.000000
v -0.150848 -0.061899 0.028751 200.000000 200.000000 200.000000
v 0.104536 0.141930 0.110463 200.000000 200.000000 200.000000
v 0.102491 0.370675 -0.195815 200.000000 200.000000 200.000000
v -0.004349 -0.602138 -0.015048 200.000000 200.000000 200.000000
v 0.072347 0.833183 -0.191300 200.000000 200.000000 200.000000
v 0.266903 0.061917 -0.298919 200.000000 200.000000 200.000000
v 0.153577 0.090959 0.134204 200.000000 200.000000 200.000000
v 0.337944 0.404072 -0.286865 200.000000 200.000000 200.000000
v 0.297234 -0.172921 -0.051723 200.000000 200.000000 200.000000
v -0.075960 -0.093216 -0.112097 200.000000 200.000000 200.000000
v 0.067891 0.160844 -0.089110 200.000000 200.000000 200.000000
v 0.181931 0.635557 0.038839 200.000000 200.000000 200.000000
v 0.281021 0.693622 -0.429109 200.000000 200.000000 200.000000
v 0.153126 0.873675 -0.340111 200.000000 200.000000 200.000000
v 0.315499 0.009502 -0.253470 200.000000 200.000000 200.000000
v 0.079519 0.147655 -0.083815 200.000000 200.000000 200.000000
v 0.057125 -0.973482 -0.103212 200.000000 200.000000 200.000000
v 0.236821 0.815986 -0.464897 200.000000 200.000000 200.000000
v 0.019037 -0.117588 0.055873 200.000000 200.000000 200.000000
v -0.257910 -0.238423 -0.064364 200.000000 200.000000 200.000000
v 0.231661 0.108310 -0.286627 200.000000 200.000000 200.000000
v 0.202046 -0.319241 -0.205608 200.000000 200.000000 200.000000
v 0.279731 -0.155753 -0.184672 200.000000 200.000000 200.000000
v -0.005467 -0.999458 -0.112378 200.000000 200.000000 200.000000
v 0.160193 0.905551 -0.422841 200.000000 200.000000 200.000000
v 0.209066 0.931720 -0.380199 200.000000 200.000000 200.000000
v -0.068287 -0.060938 -0.104794 200.000000 200.000000 200.000000
v 0.191609 0.022254 0.126271 200.000000 200.000000 200.000000
v 0.089082 0.267101 -0.204202 200.000000 200.000000 200.000000
v 0.001191 0.372393 0.239413 200.000000 200.000000 200.000000
v 0.305229 0.227110 -0.287431 200.000000 200.000000 200.000000
v 0.170446 0.597679 0.076685 200.000000 200.000000 200.000000
v 0.341260 0.166547 -0.116242 200.000000 200.000000 200.000000
v 0.313677 0.234282 -0.282209 200.000000 200.000000 200.000000
v 0.162418 0.791061 -0.166379 200.000000 200.000000 200.000000
v 0.189926 0.552262 -0.236550 200.000000 200.000000 200.000000
v 0.080531 0.458765 0.165260 200.000000 200.000000 200.000000
v 0.259127 0.266247 -0.299777 200.000000 200.000000 200.000000
v 0.246590 0.646419 0.026435 200.000000 200.000000 200.000000
v 0.122650 -0.752521 -0.090712 200.000000 200.000000 200.000000
v 0.012005 0.295239 -0.002152 200.000000 200.000000 200.000000
v -0.300002 -0.053412 -0.048133 200.000000 200.000000 200.000000
v 0.080923 0.735719 -0.199874 200.000000 200.000000 200.000000
v 0.022185 -0.488935 0.001300 200.000000 200.000000 200.000000
v 0.375758 0.771119 -0.433726 200.000000 200.000000 200.000000
v 0.093859 0.944769 -0.347606 200.000000 200.000000 200.000000
v -0.012886 0.665653 -0.074503 200.000000 200.000000 200.000000
v 0.000459 -0.601631 0.063562 200.000000 200.000000 200.000000
v 0.048762 0.476380 0.170724 200.000000 200.000000 200.000000
v -0.130107 -0.122573 -0.121899 200.000000 200.000000 200.000000
v 0.270630 0.037734 -0.299601 200.000000 200.000000 200.000000
v 0.209303 0.061172 0.110757 200.000000 200.000000 200.000000
v 0.047471 -0.031241 -0.101146 200.000000 200.000000 200.000000
v 0.062675 0.179021 -0.031639 200.000000 200.000000 200.000000
v 0.187223 0.827333 -0.172575 200.000000 200.000000 200.000000
v 0.034770 0.237382 -0.054102 200.000000 200.000000 200.000000
v 0.340172 0.277386 -0.106836 200.000000 200.000000 200.000000
v 0.259720 0.831250 -0.350832 200.000000 200.000000 200.000000
v 0.291017 0.622248 -0.167829 200.000000 200.000000 200.000000
v 0.210168 0.787689 -0.049803 200.000000 200.000000 200.000000
v 0.255487 -0.335195 -0.125827 200.000000 200.000000 200.000000
v 0.164723 -0.981010 -0.072900 200.000000 200.000000 200.000000
v -0.006679 0.752137 -0.138301 200.000000 200.000000 200.000000
v 0.034107 -0.414075 0.003848 200.000000 200.000000 200.000000
v 0.120946 -0.768208 -0.039694 200.000000 200.000000 200.000000
v 0.286632 0.647613 -0.390540 200.000000 200.000000 200.000000
v 0.070951 0.586843 -0.050390 200.000000 200.000000 200.000000
v 0.106172 0.164600 -0.156328 200.000000 200.000000 200.000000
v -0.077838 0.258412 0.180373 200.000000 200.000000 200.000000
v 0.119694 -0.777435 -0.055546 200.000000 200.000000 200.000000
v -0.103934 0.331952 0.303505 200.000000 200.000000 200.000000
v 0.152957 0.870356 -0.422020 200.000000 200.000000 200.000000
v 0.134493 0.315968 -0.230550 200.000000 200.000000 200.000000
v 0.293775 0.604624 -0.096073 200.000000 200.000000 200.000000
v 0.220282 0.498563 0.083425 200.000000 200.000000 200.000000
v 0.216232 -0.517794 -0.153710 200.000000 200.000000 200.000000
v 0.071422 0.300197 -0.156278 200.000000 200.000000 200.000000
v 0.183711 0.650201 -0.015004 200.000000 200.000000 200.000000
v -0.395280 0.199891 0.434513 200.000000 200.000000 200.000000
v 0.187989 0.690107 -0.130293 200.000000 200.000000 200.000000
v 0.298536 0.131935 -0.279011 200.000000 200.000000 200.000000
v 0.047389 0.878266 -0.106816 200.000000 200.000000 200.000000
v 0.176205 0.415522 0.116572 200.000000 200.000000 200.000000
v 0.000248 0.315726 0.088229 200.000000 200.000000 200.000000
v 0.318171 0.228107 -0.061505 200.000000 200.000000 200.000000
v 0.213638 0.812436 -0.052543 200.000000 200.000000 200.000000
v 0.077490 0.495195 0.153928 200.000000 200.000000 200.000000
v 0.222850 0.102187 -0.285905 200.000000 200.000000 200.000000
v -0.146196 0.263685 0.231858 200.000000 200.000000 200.000000
v -0.291722 -0.096531 -0.031093 200.000000 200.000000 200.000000
v 0.064061 -0.285234 -0.106007 200.000000 200.000000 200.000000
v 0.193646 -0.566166 -0.026380 200.000000 200.000000 200.000000
v 0.277452 0.707912 -0.439074 200.000000 200.000000 200.000000
v -0.264006 0.162004 0.351479 200.000000 200.000000 200.000000
v 0.228918 -0.532925 -0.124321 200.000000 200.000000 200.000000
v 0.337941 0.110674 -0.235800 200.000000 200.000000 200.000000
v -0.299147 -0.060671 -0.167006 200.000000 200.000000 200.000000
v 0.170690 -0.998722 -0.044632 200.000000 200.000000 200.000000
v 0.386216 0.660083 -0.443999 200.000000 200.000000 200.000000
v 0.268482 0.815837 -0.359741 200.000000 200.000000 200.000000
v 0.010558 0.368548 0.215686 200.000000 200.000000 200.000000
v 0.337833 0.111235 -0.235811 200.000000 200.000000 200.000000
v -0.126144 -0.129496 0.003597 200.000000 200.000000 200.000000
v 0.168579 -0.308924 -0.218081 200.000000 200.000000 200.000000
v -0.388711 0.183622 0.419870 200.000000 200.000000 200.000000
v 0.341192 0.340398 -0.139101 200.000000 200.000000 200.000000
v 0.124369 -0.423371 -0.035491 200.000000 200.000000 200.000000
v 0.023037 -0.457584 0.062562 200.000000 200.000000 200.000000
v 0.064483 0.402012 -0.165206 200.000000 200.000000 200.000000
v 0.102061 0.996399 -0.332763 200.000000 200.000000 200.000000
v 0.127428 -0.015742 0.136211 200.000000 200.000000 200.000000
v 0.159530 -0.999395 -0.020487 200.000000 200.000000 200.000000
v -0.318138 -0.041686 -0.093860 200.000000 200.000000 200.000000
v 0.168561 -0.186098 -0.234521 200.000000 200.000000 200.000000
v 0.092005 0.249732 -0.192961 200.000000 200.000000 200.000000
v 0.351833 0.413595 -0.233903 200.000000 200.000000 200.000000
v 0.402262 0.651322 -0.396499 200.000000 200.000000 200.000000
v -0.032241 -0.455903 -0.024879 200.000000 200.000000 200.000000
v 0.210825 -0.754201 -0.001661 200.000000 200.000000 200.000000
v -0.097063 -0.434262 -0.030737 200.000000 200.000000 200.000000
v 0.229168 0.017745 0.106824 200.000000 200.000000 200.000000
v -0.007810 0.729997 -0.133838 200.000000 200.000000 200.000000
v 0.237335 -0.826469 -0.047666 200.000000 200.000000 200.000000
v -0.177897 0.014992 -0.081973 200.000000 200.000000 200.000000
v 0.356153 0.660937 -0.460056 200.000000 200.000000 200.000000
v 0.027325 0.573280 -0.098345 200.000000 200.000000 200.000000
v 0.071738 0.148296 -0.102929 200.000000 200.000000 200.000000
v 0.090877 -0.357886 -0.054804 200.000000 200.000000 200.000000
v 0.160227 0.123644 -0.257764 200.000000 200.000000 200.000000
v 0.326636 -0.016261 -0.015271 200.000000 200.000000 200.000000
v 0.121770 0.621055 0.098054 200.000000 200.000000 200.000000
v 0.355897 0.345725 -0.162211 200.000000 200.000000 200.000000
v 0.108189 -0.629798 -0.095794 200.000000 200.000000 200.000000
v 0.105415 -0.140541 -0.193704 200.000000 200.000000 200.000000
v 0.182948 0.076422 0.125714 200.000000 200.000000 200.000000
v 0.237655 -0.828315 -0.035842 200.000000 200.000000 200.000000
v 0.071715 0.497145 0.154490 200.000000 200.000000 200.000000
v 0.378126 0.514494 -0.272438 200.000000 200.000000 200.000000
v -0.138940 -0.022284 0.034190 200.000000 200.000000 200.000000
v 0.147573 0.289430 -0.227950 200.000000 200.000000 200.000000
v 0.058024 -0.097172 0.087612 200.000000 200.000000 200.000000
v 0.293469 0.265277 0.004126 200.000000 200.000000 200.000000
v 0.114181 0.437019 -0.218706 200.000000 200.000000 200.000000
v 0.079694 0.073405 0.122074 200.000000 200.000000 200.000000
v 0.050919 0.291232 0.175426 200.000000 200.000000 200.000000
v 0.319962 0.632536 -0.184798 200.000000 200.000000 200.000000
v 0.158464 -0.303497 -0.220273 200.000000 200.000000 200.000000
v 0.038794 0.070556 0.076486 200.000000 200.000000 200.000000
v 0.178049 -0.816901 -0.104448 200.000000 200.000000 200.000000
v 0.254627 -0.014189 0.084299 200.000000 200.000000 200.000000
v -0.010107 -0.657000 0.022850 200.000000 200.000000 200.000000
v 0.092203 -0.481576 -0.082157 200.000000 200.000000 200.000000
v 0.039962 -0.107844 0.072581 200.000000 200.000000 200.000000
v -0.227956 -0.138824 -0.164482 200.000000 200.000000 200.000000
v 0.238286 -0.725549 -0.033220 200.000000 200.000000 200.000000
v 0.156544 0.841245 -0.182358 200.000000 200.000000 200.000000
v 0.284405 0.003616 -0.299387 200.000000 200.000000 200.000000
v 0.228019 0.151376 0.082324 200.000000 200.000000 200.000000
v 0.139228 0.438736 0.132109 200.000000 200.000000 200.000000
v 0.049714 0.144688 -0.053556 200.000000 200.000000 200.000000
v 0.051397 0.483294 -0.069956 200.000000 200.000000 200.000000
v 0.310330 0.000974 0.009489 200.000000 200.000000 200.000000
v 0.262604 -0.190152 -0.049930 200.000000 200.000000 200.000000
v -0.047799 -0.162046 -0.069660 200.000000 200.000000 200.000000
v -0.001147 0.070705 0.016238 200.000000 200.000000 200.000000
v -0.263169 -0.097089 -0.177106 200.000000 200.000000 200.000000
v 0.217961 -0.009931 -0.277277 200.000000 200.000000 200.000000
v -0.015038 0.246899 0.262239 200.000000 200.000000 200.000000
v -0.029180 -0.482523 0.058533 200.000000 200.000000 200.000000
v -0.170800 0.267324 0.377195 200.000000 200.000000 200.000000
v -0.005623 0.747026 -0.030147 200.000000 200.000000 200.000000
v -0.025926 0.359802 0.079820 200.000000 200.000000 200.000000
v -0.213661 -0.244671 -0.109432 200.000000 200.000000 200.000000
v 0.022725 0.268923 -0.057029 200.000000 200.000000 200.000000
v 0.033124 -0.431942 0.058038 200.000000 200.000000 200.000000
v 0.249319 -0.371797 -0.092993 200.000000 200.000000 200.000000
v 0.210002 0.341575 -0.294906 200.000000 200.000000 200.000000
v 0.175901 0.634296 -0.031674 200.000000 200.000000 200.000000
v -0.035265 -0.375658 0.027210 200.000000 200.000000 200.000000
v 0.196397 0.686843 -0.101171 200.000000 200.000000 200.000000
v -0.130012 -0.406088 -0.007976 200.000000 200.000000 200.000000
v 0.347906 0.379167 -0.246530 200.000000 200.000000 200.000000
v -0.000496 -0.488528 0.068420 200.000000 200.000000 200.000000
v -0.251643 -0.058037 -0.170984 200.000000 200.000000 200.000000
v 0.209312 0.533867 -0.251354 200.000000 200.000000 200.000000
v -0.000418 -0.442918 0.055786 200.000000 200.000000 200.000000
v 0.313552 0.109235 -0.048164 200.000000 200.000000 200.000000
v -0.203750 -0.231162 -0.126199 200.000000 200.000000 200.000000
v 0.100977 -0.165756 -0.191675 200.000000 200.000000 200.000000
v 0.026313 -0.022913 -0.078682 200.000000 200.000000 200.000000
v 0.384439 0.560549 -0.296528 200.000000 200.000000 200.000000
v -0.006900 -0.054255 -0.090086 200.000000 200.000000 200.000000
v -0.264960 0.234678 0.419912 200.000000 200.000000 200.000000
v 0.322733 0.063834 -0.022651 200.000000 200.000000 200.000000
v 0.058206 -0.976226 -0.107642 200.000000 200.000000 200.000000
v 0.050593 -0.220559 -0.077311 200.000000 200.000000 200.000000
v 0.140710 -0.499831 -0.167962 200.000000 200.000000 200.000000
v 0.138607 0.908091 -0.403909 200.000000 200.000000 200.000000
v 0.313854 0.102344 0.002898 200.000000 200.000000 200.000000
v 0.070519 -0.173495 -0.075178 200.000000 200.000000 200.000000
v -0.038599 0.783301 -0.065965 200.000000 200.000000 200.000000
v 0.099707 0.217933 -0.233863 200.000000 200.000000 200.000000
v 0.356777 0.621979 -0.210016 200.000000 200.000000 200.000000
v -0.025020 0.728315 -0.103298 200.000000 200.000000 200.000000
v 0.068739 0.556452 0.065434 200.000000 200.000000 200.000000
v 0.268761 0.356158 -0.308513 200.000000 200.000000 200.000000
v 0.061582 0.484880 -0.139213 200.000000 200.000000 200.000000
v 0.270461 0.722940 -0.438367 200.000000 200.000000 200.000000
v 0.320531 -0.049872 -0.154416 200.000000 200.000000 200.000000
v 0.181052 -0.085985 -0.236047 200.000000 200.000000 200.000000
v 0.254005 0.611506 -0.186810 200.000000 200.000000 200.000000
v 0.228322 -0.451827 -0.082993 200.000000 200.000000 200.000000
v 0.148277 -0.429163 -0.192308 200.000000 200.000000 200.000000
v -0.128745 -0.142477 -0.109773 200.000000 200.000000 200.000000
v 0.059400 0.208961 0.019505 200.000000 200.000000 200.000000
v -0.057669 -0.073617 -0.106088 200.000000 200.000000 200.000000
v 0.056628 -0.424087 0.028260 200.000000 200.000000 200.000000
v 0.117486 0.511499 0.134180 200.000000 200.000000 200.000000
v -0.008352 0.313480 0.098320 200.000000 200.000000 200.000000
v 0.095963 0.306588 -0.198693 200.000000 200.000000 200.000000
v 0.229654 -0.465701 -0.079560 200.000000 200.000000 200.000000
v 0.237148 0.099996 0.092067 200.000000 200.000000 200.000000
v 0.123538 0.645677 -0.026746 200.000000 200.000000 200.000000
v 0.042620 -0.447189 -0.001105 200.000000 200.000000 200.000000
v 0.261951 0.520857 0.069568 200.000000 200.000000 200.000000
v 0.272788 0.572324 -0.311588 200.000000 200.000000 200.000000
v 0.065153 0.097854 -0.176358 200.000000 200.000000 200.000000
v 0.249703 0.755683 -0.444217 200.000000 200.000000 200.000000
v 0.101155 0.319449 -0.189728 200.000000 200.000000 200.000000
v -0.223251 -0.188554 0.008263 200.000000 200.000000 200.000000
v -0.031711 -0.147332 0.009282 200.000000 200.000000 200.000000
v -0.132413 -0.248193 0.020070 200.000000 200.000000 200.000000
v 0.219280 -0.771057 -0.103136 200.000000 200.000000 200.000000
v 0.143530 -0.358745 -0.211518 200.000000 200.000000 200.000000
v 0.319661 0.210951 -0.264531 200.000000 200.000000 200.000000
v -0.040994 0.253033 0.168053 200.000000 200.000000 200.000000
v 0.160279 -0.019238 -0.220497 200.000000 200.000000 200.000000
v 0.065447 0.670834 -0.006726 200.000000 200.000000 200.000000
v 0.185637 0.566236 0.107740 200.000000 200.000000 200.000000
v 0.203777 -0.149220 -0.240564 200.000000 200.000000 200.000000
v 0.005779 0.329831 0.256545 200.000000 200.000000 200.000000
v 0.028179 -0.999559 -0.099139 200.000000 200.000000 200.000000
v 0.052794 0.087162 -0.158852 200.000000 200.000000 200.000000
v 0.026478 -0.137144 0.039054 200.000000 200.000000 200.000000
v 0.066409 0.879393 -0.131754 200.000000 200.000000 200.000000
v 0.118194 -0.082427 0.114267 200.000000 200.000000 200.000000
v 0.236698 -0.684750 -0.106317 200.000000 200.000000 200.000000
v 0.355536 -0.056417 -0.095529 200.000000 200.000000 200.000000
v 0.129139 0.605105 0.099359 200.000000 200.000000 200.000000
v 0.393602 0.555313 -0.321781 200.000000 200.000000 200.000000
v -0.248257 0.245411 0.419115 200.000000 200.000000 200.000000
v 0.174769 0.032934 0.131534 200.000000 200.000000 200.000000
v 0.134187 0.410829 0.130837 200.000000 200.000000 200.000000
v 0.079756 0.952935 -0.288980 200.000000 200.000000 200.000000
v 0.288516 0.487169 0.012134 200.000000 200.000000 200.000000
v 0.390236 0.621595 -0.410015 200.000000 200.000000 200.000000
v 0.399142 0.685517 -0.371713 200.000000 200.000000 200.000000
v 0.355930 -0.064276 -0.096359 200.000000 200.000000 200.000000
v 0.140983 -0.488487 -0.166929 200.000000 200.000000 200.000000
v -0.042005 0.398172 0.197625 200.000000 200.000000 200.000000
v -0.006300 0.340845 0.070834 200.000000 200.000000 200.000000
v 0.131999 0.594754 0.019294 200.000000 200.000000 200.000000
v 0.193368 0.571076 -0.221624 200.000000 200.000000 200.000000
v 0.084367 0.705503 -0.195067 200.000000 200.000000 200.000000
v -0.014818 -0.392020 -0.010075 200.000000 200.000000 200.000000
v 0.105346 -0.938401 -0.068296 200.000000 200.000000 200.000000
v 0.196648 -0.862251 0.014938 200.000000 200.000000 200.000000
v 0.117270 0.483189 -0.203245 200.000000 200.000000 200.000000
v 0.252067 -0.313289 -0.146324 200.000000 200.000000 200.000000
v 0.122917 0.975192 -0.357743 200.000000 200.000000 200.000000
v -0.024085 -0.400785 0.036927 200.000000 200.000000 200.000000
v -0.186355 0.252732 0.392227 200.000000 200.000000 200.000000
v 0.335233 -0.012428 -0.210027 200.000000 200.000000 200.000000
v 0.340199 0.004898 -0.049517 200.000000 200.000000 200.000000
v 0.330273 0.725038 -0.363155 200.000000 200.000000 200.000000
v 0.056970 0.065469 0.112445 200.000000 200.000000 200.000000
v 0.084307 0.875317 -0.083695 200.000000 200.000000 200.000000
v 0.159317 -0.511032 -0.028089 200.000000 200.000000 200.000000
v 0.113742 -0.669232 -0.089742 200.000000 200.000000 200.000000
v 0.308310 0.078224 0.007052 200.000000 200.000000 200.000000
v 0.259536 -0.331733 -0.102693 200.000000 200.000000 200.000000
v -0.242683 0.181877 0.431080 200.000000 200.000000 200.000000
v 0.277982 0.144214 -0.294988 200.000000 200.000000 200.000000
v 0.365768 0.614513 -0.189680 200.000000 200.000000 200.000000
v 0.391497 0.616626 -0.399808 200.000000 200.000000 200.000000
v 0.025192 0.701272 -0.160929 200.000000 200.000000 200.000000
v -0.061750 -0.424141 -0.042146 200.000000 200.000000 200.000000
v 0.082342 -0.555215 -0.128824 200.000000 200.000000 200.000000
v 0.227957 0.376510 -0.303697 200.000000 200.000000 200.000000
v -0.293211 0.214873 0.453204 200.000000 200.000000 200.000000
v 0.248956 0.074952 -0.291729 200.000000 200.000000 200.000000
v 0.272683 -0.268304 -0.103402 200.000000 200.000000 200.000000
v -0.087703 -0.145957 -0.002916 200.000000 200.000000 200.000000
v 0.077193 -0.236197 -0.162792 200.000000 200.000000 200.000000
v -0.191362 -0.281888 0.005667 200.000000 200.000000 200.000000
v -0.195042 -0.253589 0.010927 200.000000 200.000000 200.000000
v 0.246557 0.347969 0.060910 200.000000 200.000000 200.000000
v 0.060707 0.460306 -0.166483 200.000000 200.000000 200.000000
v 0.086708 -0.006022 -0.142546 200.000000 200.000000 200.000000
v -0.013866 0.411050 0.053586 200.000000 200.000000 200.000000
v 0.002950 -0.074321 -0.097677 200.000000 200.000000 200.000000
v -0.153962 0.209992 0.260485 200.000000 200.000000 200.000000
v 0.117374 -0.520558 -0.050013 200.000000 200.000000 200.000000
v -0.229408 -0.221903 -0.124072 200.000000 200.000000 200.000000
v -0.000753 0.404307 0.201614 200.000000 200.000000 200.000000
v 0.222609 0.325077 0.067774 200.000000 200.000000 200.000000
v 0.085505 -0.247660 -0.068562 200.000000 200.000000 200.000000
v 0.184178 -0.391372 -0.038507 200.000000 200.000000 200.000000
v 0.203471 0.314407 0.078426 200.000000 200.000000 200.000000
v 0.022996 0.005392 0.101168 200.000000 200.000000 200.000000
v 0.232270 -0.481175 -0.106952 200.000000 200.000000 200.000000
v 0.068224 0.726502 -0.000631 200.000000 200.000000 200.000000
v 0.225163 -0.622417 -0.031661 200.000000 200.000000 200.000000
v 0.343322 0.353004 -0.128083 200.000000 200.000000 200.000000
v 0.205366 -0.666330 -0.137529 200.000000 200.000000 200.000000
v 0.037953 0.143349 0.014456 200.000000 200.000000 200.000000
v 0.290764 0.573485 -0.362726 200.000000 200.000000 200.000000
v 0.356141 0.459853 -0.283582 200.000000 200.000000 200.000000
v -0.092068 0.249527 0.192644 200.000000 200.000000 200.000000
v -0.329864 0.140186 0.469495 200.000000 200.000000 200.000000
v 0.053008 0.878792 -0.106282 200.000000 200.000000 200.000000
v 0.144634 0.262465 0.102805 200.000000 200.000000 200.000000
v -0.217676 0.154809 0.406728 200.000000 200.000000 200.000000
v 0.270092 -0.227304 -0.164741 200.000000 200.000000 200.000000
v 0.041984 0.121452 -0.169595 200.000000 200.000000 200.000000
v 0.265654 0.491917 -0.320928 200.000000 200.000000 200.000000
v 0.146975 -0.580150 -0.162303 200.000000 200.000000 200.000000
v -0.028760 0.817112 -0.091545 200.000000 200.000000 200.000000
v 0.087284 0.854781 -0.166783 200.000000 200.000000 200.000000
v 0.264123 0.052792 -0.299585 200.000000 200.000000 200.000000
v -0.352009 0.201548 0.492977 200.000000 200.000000 200.000000
v -0.289532 -0.180614 -0.119775 200.000000 200.000000 200.000000
v -0.294617 -0.193439 -0.069350 200.000000 200.000000 200.000000
v -0.095625 0.327722 0.185792 200.000000 200.000000 200.000000
v 0.100134 0.779805 0.009294 200.000000 200.000000 200.000000
v 0.222387 -0.126232 0.043363 200.000000 200.000000 200.000000
v -0.088887 -0.009074 0.050785 200.000000 200.000000 200.000000
v 0.342348 0.339147 -0.117859 200.000000 200.000000 200.000000
v 0.147809 -0.009629 -0.203878 200.000000 200.000000 200.000000
v 0.185325 -0.051810 -0.235746 200.000000 200.000000 200.000000
v 0.201733 -0.746485 0.000784 200.000000 200.000000 200.000000
v 0.362568 0.412446 -0.200375 200.000000 200.000000 200.000000
v 0.153590 0.576821 0.083080 200.000000 200.000000 200.000000
v 0.270577 0.570813 -0.350503 200.000000 200.000000 200.000000
v 0.195666 0.725249 -0.145590 200.000000 200.000000 200.000000
v 0.196685 -0.999194 0.028924 200.000000 200.000000 200.000000
v 0.301303 0.443848 0.012026 200.000000 200.000000 200.000000
v 0.285890 0.603976 -0.003866 200.000000 200.000000 200.000000
v 0.098400 0.442041 -0.222491 200.000000 200.000000 200.000000
v -0.054573 -0.105875 -0.109310 200.000000 200.000000 200.000000
v 0.331633 -0.005157 -0.252598 200.000000 200.000000 200.000000
v 0.158728 -0.521745 -0.162890 200.000000 200.000000 200.000000
v 0.233848 0.283460 0.048784 200.000000 200.000000 200.000000
v 0.218934 -0.108147 0.067072 200.000000 200.000000 200.000000
v 0.086000 -0.150993 -0.173592 200.000000 200.000000 200.000000
v 0.008854 -0.534781 0.069774 200.000000 200.000000 200.000000
v -0.039419 -0.626163 0.020808 200.000000 200.000000 200.000000
v 0.043136 0.374659 -0.101517 200.000000 200.000000 200.000000
v 0.053163 -0.441368 0.041708 200.000000 200.000000 200.000000
v 0.013795 0.763081 0.008901 200.000000 200.000000 200.000000
v 0.066257 -0.105930 -0.147674 200.000000 200.000000 200.000000
v 0.035060 0.492329 0.156219 200.000000 200.000000 200.000000
v 0.152771 0.317552 -0.234074 200.000000 200.000000 200.000000
v -0.007186 -0.537044 -0.014599 200.000000 200.000000 200.000000
v 0.088383 0.613582 -0.029198 200.000000 200.000000 200.000000
v -0.121422 -0.095790 -0.130623 200.000000 200.000000 200.000000
v 0.354007 0.333825 -0.162953 200.000000 200.000000 200.000000
v 0.171796 -0.124384 -0.234641 200.000000 200.000000 200.000000
v 0.228673 0.395823 -0.305913 200.000000 200.000000 200.000000
v 0.093976 -0.380332 -0.172562 200.000000 200.000000 200.000000
v 0.077374 -0.530464 -0.142981 200.000000 200.000000 200.000000
v 0.122579 -0.882449 -0.054042 200.000000 200.000000 200.000000
v 0.318568 0.109753 -0.018602 200.000000 200.000000 200.000000
v 0.219826 0.804484 -0.454716 200.000000 200.000000 200.000000
v 0.248930 0.526730 -0.279011 200.000000 200.000000 200.000000
v 0.073629 -0.444009 -0.130894 200.000000 200.000000 200.000000
v 0.286224 0.591741 -0.343645 200.000000 200.000000 200.000000
v 0.328056 0.634555 -0.213440 200.000000 200.000000 200.000000
v -0.046314 0.345997 0.268125 200.000000 200.000000 200.000000
v 0.152883 0.862875 -0.351509 200.000000 200.000000 200.000000
v -0.001381 0.677819 -0.087262 200.000000 200.000000 200.000000
v -0.111008 -0.421994 0.015178 200.000000 200.000000 200.000000
v 0.026406 0.853836 -0.045944 200.000000 200.000000 200.000000
v 0.099883 0.680338 -0.172388 200.000000 200.000000 200.000000
v -0.286723 -0.160549 -0.139588 200.000000 200.000000 200.000000
v 0.177985 0.180859 -0.259410 200.000000 200.000000 200.000000
v 0.169928 -0.651186 -0.149875 200.000000 200.000000 200.000000
v 0.253494 0.620730 0.045713 200.000000 200.000000 200.000000
v 0.169917 0.410969 0.119373 200.000000 200.000000 200.000000
v 0.183897 0.822105 -0.023917 200.000000 200.000000 200.000000
v 0.328994 0.157740 -0.075798 200.000000 200.000000 200.000000
v 0.171853 -0.821875 -0.104072 200.000000 200.000000 200.000000
v 0.027341 0.094009 0.063426 200.000000 200.000000 200.000000
v 0.164626 0.318484 0.096999 200.000000 200.000000 200.000000
v 0.161869 0.525395 0.093428 200.000000 200.000000 200.000000
v 0.069926 -0.321181 -0.105992 200.000000 200.000000 200.000000
v -0.079092 0.318143 0.309669 200.000000 200.000000 200.000000
v 0.324716 0.405025 -0.049274 200.000000 200.000000 200.000000
v -0.019522 0.427852 0.105964 200.000000 200.000000 200.000000
v -0.318272 0.128443 0.454730 200.000000 200.000000 200.000000
v 0.075270 0.849397 -0.020352 200.000000 200.000000 200.000000
v 0.364453 0.657458 -0.448627 200.000000 200.000000 200.000000
v 0.191065 0.287727 -0.283577 200.000000 200.000000 200.000000
v 0.287807 0.021279 0.042038 200.000000 200.000000 200.000000
v 0.085664 -0.119718 -0.169533 200.000000 200.000000 200.000000
v 0.251774 -0.176168 -0.209940 200.000000 200.000000 200.000000
v 0.149954 0.875143 -0.420031 200.000000 200.000000 200.000000
v 0.383575 0.630828 -0.288404 200.000000 200.000000 200.000000
v 0.176263 0.836855 -0.123986 200.000000 200.000000 200.000000
v 0.215816 -0.592135 -0.140427 200.000000 200.000000 200.000000
v 0.227860 0.024568 -0.292452 200.000000 200.000000 200.000000
v 0.217155 0.384024 0.088197 200.000000 200.000000 200.000000
v 0.148361 -0.999417 -0.075156 200.000000 200.000000 200.000000
v 0.272034 -0.010781 0.063229 200.000000 200.000000 200.000000
v -0.393978 0.155154 0.456272 200.000000 200.000000 200.000000
v 0.084398 -0.118437 0.080152 200.000000 200.000000 200.000000
v -0.134065 -0.165825 -0.094646 200.000000 200.000000 200.000000
v -0.057876 -0.105475 -0.111798 200.000000 200.000000 200.000000
v -0.115307 -0.330680 0.036283 200.000000 200.000000 200.000000
v 0.165255 -0.697083 -0.133504 200.000000 200.000000 200.000000
v -0.067096 -0.295786 -0.043680 200.000000 200.000000 200.000000
v 0.233619 -0.616982 -0.041837 200.000000 200.000000 200.000000
v 0.221278 0.211381 0.085658 200.000000 200.000000 200.000000
v 0.235835 0.563837 0.096977 200.000000 200.000000 200.000000
v 0.041658 0.809137 -0.195607 200.000000 200.000000 200.000000
v -0.178643 -0.145756 -0.007045 200.000000 200.000000 200.000000
v 0.319020 0.315668 -0.278655 200.000000 200.000000 200.000000
v 0.002861 -0.454130 -0.016377 200.000000 200.000000 200.000000
v 0.279597 0.143510 0.044342 200.000000 200.000000 200.000000
v 0.357330 0.508604 -0.331055 200.000000 200.000000 200.000000
v 0.319449 0.616384 -0.167027 200.000000 200.000000 200.000000
v 0.049507 0.919169 -0.328195 200.000000 200.000000 200.000000
v 0.181776 -0.760704 -0.116980 200.000000 200.000000 200.000000
v 0.074777 0.568468 -0.122129 200.000000 200.000000 200.000000
v 0.268557 -0.175409 -0.192890 200.000000 200.000000 200.000000
v 0.028377 0.523098 0.064560 200.000000 200.000000 200.000000
v 0.199677 -0.260147 -0.218766 200.000000 200.000000 200.000000
v -0.046486 0.365092 0.256717 200.000000 200.000000 200.000000
v 0.298865 -0.177235 -0.159380 200.000000 200.000000 200.000000
v 0.389615 0.660473 -0.329509 200.000000 200.000000 200.000000
v -0.156647 -0.261688 -0.113509 200.000000 200.000000 200.000000
v 0.119586 -0.779290 -0.054463 200.000000 200.000000 200.000000
v 0.211264 -0.386678 -0.181089 200.000000 200.000000 200.000000
v -0.130592 0.000026 0.027590 200.000000 200.000000 200.000000
v 0.097309 -0.496308 -0.074041 200.000000 200.000000 200.000000
v 0.140835 0.258546 0.100362 200.000000 200.000000 200.000000
v 0.273573 0.609834 -0.298625 200.000000 200.000000 200.000000
v 0.342969 0.257140 -0.100620 200.000000 200.000000 200.000000
v 0.200997 0.885625 -0.330631 200.000000 200.000000 200.000000
v 0.099039 0.609037 -0.194555 200.000000 200.000000 200.000000
v 0.108251 -0.485261 -0.055454 200.000000 200.000000 200.000000
v 0.052536 0.039331 0.115794 200.000000 200.000000 200.000000
v 0.360856 0.420157 -0.138758 200.000000 200.000000 200.000000
v 0.159127 -0.920601 0.015805 200.000000 200.000000 200.000000
v -0.379346 0.178678 0.477686 200.000000 200.000000 200.000000
v -0.013844 0.742169 -0.045622 200.000000 200.000000 200.000000
v 0.092700 -0.943588 -0.071485 200.000000 200.000000 200.000000
v 0.337525 0.340770 -0.060607 200.000000 200.000000 200.000000
v -0.303240 -0.029607 -0.094910 200.000000 200.000000 200.000000
v -0.185007 0.290954 0.341925 200.000000 200.000000 200.000000
v 0.022651 0.036301 -0.069850 200.000000 200.000000 200.000000
v 0.235555 -0.713195 -0.100840 200.000000 200.000000 200.000000
v 0.398643 0.565833 -0.211232 200.000000 200.000000 200.000000
v 0.375541 0.614502 -0.223599 200.000000 200.000000 200.000000
v 0.177272 -0.446145 -0.188918 200.000000 200.000000 200.000000
v 0.065799 0.511181 0.146535 200.000000 200.000000 200.000000
v 0.137993 0.868345 -0.366819 200.000000 200.000000 200.000000
v -0.100640 0.274418 0.334420 200.000000 200.000000 200.000000
v 0.344389 0.478953 -0.321906 200.000000 200.000000 200.000000
v 0.025361 0.438572 -0.054122 200.000000 200.000000 200.000000
v 0.288654 0.483793 0.016975 200.000000 200.000000 200.000000
v 0.310110 0.257788 -0.009917 200.000000 200.000000 200.000000
v 0.088802 -0.970497 -0.029797 200.000000 200.000000 200.000000
v 0.026039 0.050024 -0.108948 200.000000 200.000000 200.000000
v 0.321599 0.376573 -0.058792 200.000000 200.000000 200.000000
v 0.073298 -0.999942 -0.139427 200.000000 200.000000 200.000000
v 0.184561 0.125411 -0.269231 200.000000 200.000000 200.000000
v 0.221132 -0.473951 -0.064332 200.000000 200.000000 200.000000
v -0.080213 -0.106194 0.028932 200.000000 200.000000 200.000000
v -0.123300 -0.406820 0.005486 200.000000 200.000000 200.000000
v -0.020935 0.236030 0.264605 200.000000 200.000000 200.000000
v -0.216315 0.217272 0.295504 200.000000 200.000000 200.000000
v -0.222190 -0.013225 -0.021335 200.000000 200.000000 200.000000
v 0.247346 -0.015325 -0.300921 200.000000 200.000000 200.000000
v 0.270068 0.146771 -0.295871 200.000000 200.000000 200.000000
v 0.282093 0.861107 -0.375915 200.000000 200.000000 200.000000
v -0.234606 -0.223847 -0.116466 200.000000 200.000000 200.000000
v -0.132624 -0.249891 -0.102701 200.000000 200.000000 200.000000
v 0.172035 0.125683 -0.263436 200.000000 200.000000 200.000000
v -0.116464 0.030462 0.002556 200.000000 200.000000 200.000000
v 0.347527 0.010582 -0.156737 200.000000 200.000000 200.000000
v 0.294029 0.570711 0.032228 200.000000 200.000000 200.000000
v -0.255544 0.156182 0.441648 200.000000 200.000000 200.000000
v 0.006586 -0.612664 0.026806 200.000000 200.000000 200.000000
v 0.193524 0.781432 -0.159447 200.000000 200.000000 200.000000
v 0.253044 0.749309 -0.401459 200.000000 200.000000 200.000000
v 0.331309 0.677929 -0.310829 200.000000 200.000000 200.000000
v 0.034664 0.648755 -0.159126 200.000000 200.000000 200.000000
v 0.106491 0.300556 -0.222166 200.000000 200.000000 200.000000
v -0.138647 -0.292007 0.023845 200.000000 200.000000 200.000000
v -0.002805 -0.546272 0.078001 200.000000 200.000000 200.000000
v 0.343382 0.805226 -0.424854 200.000000 200.000000 200.000000
v -0.036550 -0.597436 0.038730 200.000000 200.000000 200.000000
v 0.034093 0.133546 -0.118396 200.000000 200.000000 200.000000
v 0.189765 0.618439 -0.199347 200.000000 200.000000 200.000000
v 0.306399 0.551361 0.027804 200.000000 200.000000 200.000000
v 0.172590 0.808392 -0.152941 200.000000 200.000000 200.000000
v 0.190675 0.280788 -0.284761 200.000000 200.000000 200.000000
v 0.190168 0.657379 -0.062039 200.000000 200.000000 200.000000
v -0.033267 -0.133285 0.023259 200.000000 200.000000 200.000000
v 0.070143 0.305376 0.152181 200.000000 200.000000 200.000000
v 0.209133 -0.112515 -0.240219 200.000000 200.000000 200.000000
v 0.325885 -0.021395 -0.012996 200.000000 200.000000 200.000000
v 0.183870 0.737729 -0.167211 200.000000 200.000000 200.000000
v 0.212613 0.385922 0.091800 200.000000 200.000000 200.000000
v 0.348919 -0.045284 -0.185135 200.000000 200.000000 200.000000
v -0.084314 0.376771 0.230779 200.000000 200.000000 200.000000
v 0.111395 -0.997513 -0.140490 200.000000 200.000000 200.000000
v 0.099064 -0.475060 -0.180709 200.000000 200.000000 200.000000
v 0.061386 0.785296 -0.189855 200.000000 200.000000 200.000000
v 0.020832 0.303850 0.226369 200.000000 200.000000 200.000000
v 0.314674 0.536857 -0.388846 200.000000 200.000000 200.000000
v -0.001453 0.694264 -0.086193 200.000000 200.000000 200.000000
v 0.008682 0.068778 0.054168 200.000000 200.000000 200.000000
v 0.082325 -0.996513 -0.150053 200.000000 200.000000 200.000000
v 0.318944 0.222821 -0.261056 200.000000 200.000000 200.000000
v 0.113084 -0.921200 -0.030951 200.000000 200.000000 200.000000
v 0.092010 -0.444739 -0.179039 200.000000 200.000000 200.000000
v -0.038110 0.774834 -0.057349 200.000000 200.000000 200.000000
v 0.212550 0.304668 0.072787 200.000000 200.000000 200.000000
v 0.134587 0.246615 0.079468 200.000000 200.000000 200.000000
v 0.279317 0.619637 -0.164413 200.000000 200.000000 200.000000
v -0.234598 -0.267927 -0.059023 200.000000 200.000000 200.000000
v 0.292991 0.609145 -0.042854 200.000000 200.000000 200.000000
v -0.052925 -0.396251 -0.045395 200.000000 200.000000 200.000000
v 0.106490 0.092363 -0.220586 200.000000 200.000000 200.000000
v 0.245814 -0.027164 0.088415 200.000000 200.000000 200.000000
v 0.181263 0.637520 -0.027987 200.000000 200.000000 200.000000
v 0.049456 0.833903 -0.179672 200.000000 200.000000 200.000000
v 0.092733 0.018909 -0.191975 200.000000 200.000000 200.000000
v -0.177675 0.188875 0.386993 200.000000 200.000000 200.000000
v 0.130293 0.960066 -0.369990 200.000000 200.000000 200.000000
v 0.022073 -0.148023 -0.103322 200.000000 200.000000 200.000000
v 0.394916 0.601178 -0.312170 200.000000 200.000000 200.000000
v 0.068872 -0.213390 -0.151836 200.000000 200.000000 200.000000
v 0.323051 0.656460 -0.470649 200.000000 200.000000 200.000000
v 0.194425 0.697900 -0.114051 200.000000 200.000000 200.000000
v 0.243123 -0.744077 -0.052508 200.000000 200.000000 200.000000
v 0.099747 -0.598532 -0.139170 200.000000 200.000000 200.000000
v 0.149897 -0.048060 -0.216736 200.000000 200.000000 200.000000
v 0.337604 0.086379 -0.241716 200.000000 200.000000 200.000000
v 0.126156 -0.794286 -0.073167 200.000000 200.000000 200.000000
v 0.195393 0.698837 -0.058957 200.000000 200.000000 200.000000
v 0.075386 0.155805 -0.205001 200.000000 200.000000 200.000000
v 0.255027 0.245590 -0.296248 200.000000 200.000000 200.000000
v 0.025921 0.048130 -0.107781 200.000000 200.000000 200.000000
v 0.127672 -0.469560 -0.170713 200.000000 200.000000 200.000000
v 0.302364 0.393915 -0.015263 200.000000 200.000000 200.000000
v -0.073492 0.218153 0.273778 200.000000 200.000000 200.000000
v -0.238154 -0.188252 -0.000688 200.000000 200.000000 200.000000
v 0.134575 0.472342 0.137849 200.000000 200.000000 200.000000
v -0.301583 0.216013 0.451392 200.000000 200.000000 200.000000
v -0.060711 0.390041 0.223242 200.000000 200.000000 200.000000
v 0.223531 -0.317709 -0.186510 200.000000 200.000000 200.000000
v 0.331472 -0.001291 -0.245248 200.000000 200.000000 200.000000
v 0.383897 0.569515 -0.177864 200.000000 200.000000 200.000000
v 0.173738 -0.114042 0.084803 200.000000 200.000000 200.000000
v 0.013927 -0.150100 -0.065634 200.000000 200.000000 200.000000
v 0.087523 -0.407814 -0.069928 200.000000 200.000000 200.000000
v 0.330252 0.473532 -0.019106 200.000000 200.000000 200.000000
v -0.089020 0.216931 0.309428 200.000000 200.000000 200.000000
v 0.139856 -0.390294 -0.202918 200.000000 200.000000 200.000000
v -0.197501 -0.169481 -0.135390 200.000000 200.000000 200.000000
v 0.348983 0.381369 -0.215885 200.000000 200.000000 200.000000
v 0.219426 0.070068 0.102722 200.000000 200.000000 200.000000
v 0.232954 -0.401318 -0.065170 200.000000 200.000000 200.000000
v 0.326342 0.296034 -0.266454 200.000000 200.000000 200.000000
v -0.138273 -0.141688 -0.011398 200.000000 200.000000 200.000000
v 0.156688 0.812531 -0.001242 200.000000 200.000000 200.000000
v -0.106639 -0.093349 0.028982 200.000000 200.000000 200.000000
v 0.199636 -0.750529 -0.117261 200.000000 200.000000 200.000000
v 0.343845 -0.038851 -0.155907 200.000000 200.000000 200.000000
v 0.152338 -0.376676 -0.208686 200.000000 200.000000 200.000000
v 0.268045 0.101293 -0.290644 200.000000 200.000000 200.000000
v 0.387434 0.697408 -0.366105 200.000000 200.000000 200.000000
v 0.031334 0.202078 -0.065744 200.000000 200.000000 200.000000
v 0.341478 -0.083876 -0.073857 200.000000 200.000000 200.000000
v 0.091685 0.888435 -0.344284 200.000000 200.000000 200.000000
v 0.148127 0.463317 -0.232190 200.000000 200.000000 200.000000
v 0.193552 -0.916563 -0.060855 200.000000 200.000000 200.000000
v 0.277504 0.366104 -0.312757 200.000000 200.000000 200.000000
v 0.309664 -0.031014 -0.171385 200.000000 200.000000 200.000000
v 0.188756 -0.548098 -0.158366 200.000000 200.000000 200.000000
v -0.380037 0.168582 0.479480 200.000000 200.000000 200.000000
v 0.136738 -0.038924 0.130672 200.000000 200.000000 200.000000
v 0.368818 0.743744 -0.493616 200.000000 200.000000 200.000000
v -0.068515 0.228124 0.238095 200.000000 200.000000 200.000000
v 0.224528 0.529723 -0.267548 200.000000 200.000000 200.000000
v 0.197975 0.579524 0.086564 200.000000 200.000000 200.000000
v 0.202859 0.284531 -0.283322 200.000000 200.000000 200.000000
v 0.349169 0.412482 -0.266318 200.000000 200.000000 200.000000
v 0.029978 0.349698 -0.055050 200.000000 200.000000 200.000000
v 0.293366 0.633399 -0.452531 200.000000 200.000000 200.000000
v 0.232947 -0.676087 -0.026870 200.000000 200.000000 200.000000
v 0.149464 0.291196 -0.228982 200.000000 200.000000 200.000000
v 0.142400 -0.229508 -0.228619 200.000000 200.000000 200.000000
v -0.319793 -0.057824 -0.145355 200.000000 200.000000 200.000000
v 0.261240 0.794228 -0.356800 200.000000 200.000000 200.000000
v 0.171375 0.173941 -0.256919 200.000000 200.000000 200.000000
v 0.176563 -0.820956 -0.103916 200.000000 200.000000 200.000000
v 0.178207 0.641767 0.034093 200.000000 200.000000 200.000000
v 0.200539 -0.137905 -0.241120 200.000000 200.000000 200.000000
v 0.015419 -0.145772 0.024205 200.000000 200.000000 200.000000
v -0.037727 0.260919 0.297766 200.000000 200.000000 200.000000
v -0.370439 0.188580 0.411916 200.000000 200.000000 200.000000
v -0.367898 0.132020 0.461176 200.000000 200.000000 200.000000
v -0.035664 -0.620868 0.048878 200.000000 200.000000 200.000000
v 0.010353 0.786884 -0.163472 200.000000 200.000000 200.000000
v 0.254661 0.360894 -0.305276 200.000000 200.000000 200.000000
v 0.172958 0.336904 -0.277487 200.000000 200.000000 200.000000
v 0.111590 0.932844 -0.366223 200.000000 200.000000 200.000000
v 0.307862 -0.086415 -0.158449 200.000000 200.000000 200.000000
v 0.377991 0.490717 -0.204865 200.000000 200.000000 200.000000
v -0.207208 0.166959 0.402334 200.000000 200.000000 200.000000
v 0.170073 -0.331696 -0.212508 200.000000 200.000000 200.000000
v -0.163730 0.202429 0.273831 200.000000 200.000000 200.000000
v 0.378492 0.517922 -0.264460 200.000000 200.000000 200.000000
v -0.033326 -0.335355 -0.025274 200.000000 200.000000 200.000000
v 0.339600 0.076475 -0.099036 200.000000 200.000000 200.000000
v 0.334286 0.229135 -0.089248 200.000000 200.000000 200.000000
v -0.052727 0.361970 0.134425 200.000000 200.000000 200.000000
v 0.129187 -0.024774 0.134355 200.000000 200.000000 200.000000
v -0.185071 0.198224 0.288378 200.000000 200.000000 200.000000
v 0.116834 0.608689 -0.202273 200.000000 200.000000 200.000000
v -0.191059 -0.263333 0.009799 200.000000 200.000000 200.000000
v -0.103447 -0.131359 -0.110029 200.000000 200.000000 200.000000
v 0.029493 0.131793 -0.073896 200.000000 200.000000 200.000000
v -0.036126 -0.004415 -0.077862 200.000000 200.000000 200.000000
v -0.273911 -0.202917 -0.042474 200.000000 200.000000 200.000000
v 0.283754 0.589543 -0.390712 200.000000 200.000000 200.000000
v 0.240795 -0.215491 -0.208950 200.000000 200.000000 200.000000
v 0.088816 -0.571952 -0.127332 200.000000 200.000000 200.000000
v 0.346644 0.542736 -0.379089 200.000000 200.000000 200.000000
v 0.156983 -0.175872 -0.042045 200.000000 200.000000 200.000000
v 0.254114 0.272330 0.032417 200.000000 200.000000 200.000000
v 0.346553 0.741021 -0.370386 200.000000 200.000000 200.000000
v 0.137693 -0.713140 -0.120122 200.000000 200.000000 200.000000
v 0.380262 0.514465 -0.254941 200.000000 200.000000 200.000000
v -0.024052 0.797392 -0.034936 200.000000 200.000000 200.000000
v 0.147289 0.692660 -0.175536 200.000000 200.000000 200.000000
v 0.105947 -0.282901 -0.060570 200.000000 200.000000 200.000000
v 0.285317 0.760481 -0.372633 200.000000 200.000000 200.000000
v 0.066747 0.297788 0.125393 200.000000 200.000000 200.000000
v -0.136622 -0.155200 -0.105906 200.000000 200.000000 200.000000
v 0.120193 0.127593 0.121613 200.000000 200.000000 200.000000
v 0.303148 0.762239 -0.491677 200.000000 200.000000 200.000000
v 0.009260 0.603236 -0.097607 200.000000 200.000000 200.000000
v 0.377537 0.661424 -0.319396 200.000000 200.000000 200.000000
v -0.073506 0.280731 0.298582 200.000000 200.000000 200.000000
v 0.321933 0.472060 -0.338619 200.000000 200.000000 200.000000
v 0.028767 -0.400536 0.034392 200.000000 200.000000 200.000000
v 0.269204 -0.282147 -0.112568 200.000000 200.000000 200.000000
v 0.106092 0.181844 -0.223263 200.000000 200.000000 200.000000
v 0.191068 0.394581 -0.255254 200.000000 200.000000 200.000000
v 0.008799 -0.995337 -0.143380 200.000000 200.000000 200.000000
v 0.127405 0.362968 -0.218678 200.000000 200.000000 200.000000
v 0.125748 -0.697395 -0.112457 200.000000 200.000000 200.000000
v 0.352134 -0.048703 -0.127399 200.000000 200.000000 200.000000
v -0.007849 -0.062681 -0.097069 200.000000 200.000000 200.000000
v 0.122468 0.375515 0.133346 200.000000 200.000000 200.000000
v -0.208870 -0.220064 -0.128467 200.000000 200.000000 200.000000
v 0.207209 0.285635 -0.283876 200.000000 200.000000 200.000000
v -0.192076 -0.149506 0.003117 200.000000 200.000000 200.000000
v -0.142949 -0.146896 -0.016464 200.000000 200.000000 200.000000
v 0.118986 -0.584079 -0.155918 200.000000 200.000000 200.000000
v -0.017943 -0.536706 0.073840 200.000000 200.000000 200.000000
v 0.101305 -0.549230 -0.072918 200.000000 200.000000 200.000000
v 0.225082 -0.856915 -0.056562 200.000000 200.000000 200.000000
v 0.050582 0.482602 -0.054466 200.000000 200.000000 200.000000
v 0.238504 -0.729289 -0.033454 200.000000 200.000000 200.000000
v -0.258559 0.220410 0.345668 200.000000 200.000000 200.000000
v 0.248109 0.477833 -0.305495 200.000000 200.000000 200.000000
v 0.354061 0.704411 -0.350409 200.000000 200.000000 200.000000
v 0.067303 0.438596 -0.185477 200.000000 200.000000 200.000000
v 0.247496 -0.018863 0.089856 200.000000 200.000000 200.000000
v 0.212092 -0.789004 0.001115 200.000000 200.000000 200.000000
v 0.312734 -0.131293 -0.136205 200.000000 200.000000 200.000000
v 0.053964 -0.999876 -0.145184 200.000000 200.000000 200.000000
v -0.126431 0.006845 -0.094448 200.000000 200.000000 200.000000
v 0.217235 -0.623657 -0.137795 200.000000 200.000000 200.000000
v 0.241652 -0.721446 -0.041717 200.000000 200.000000 200.000000
v 0.189121 0.564561 0.109898 200.000000 200.000000 200.000000
v -0.007202 0.700297 -0.084495 200.000000 200.000000 200.000000
v -0.242075 -0.099114 -0.006818 200.000000 200.000000 200.000000
v 0.018017 0.697514 -0.031914 200.000000 200.000000 200.000000
v 0.074518 -0.358098 -0.105171 200.000000 200.000000 200.000000
v -0.037571 -0.334482 0.014462 200.000000 200.000000 200.000000
v 0.313758 0.675870 -0.315204 200.000000 200.000000 200.000000
v -0.292728 -0.024040 -0.112715 200.000000 200.000000 200.000000
v -0.320172 -0.152209 -0.070089 200.000000 200.000000 200.000000
v 0.349684 -0.054665 -0.173855 200.000000 200.000000 200.000000
v 0.038476 0.230152 0.020776 200.000000 200.000000 200.000000
v 0.302092 0.516408 -0.373043 200.000000 200.000000 200.000000
v 0.276254 0.063058 0.053592 200.000000 200.000000 200.000000
v 0.321533 0.227463 -0.245375 200.000000 200.000000 200.000000
v 0.152379 -0.868874 -0.091629 200.000000 200.000000 200.000000
v 0.076500 0.827418 0.002735 200.000000 200.000000 200.000000
v 0.288073 0.014695 0.039698 200.000000 200.000000 200.000000
v -0.002466 0.815440 -0.019521 200.000000 200.000000 200.000000
v 0.053253 -0.985017 -0.057715 200.000000 200.000000 200.000000
v 0.177689 0.388816 0.113419 200.000000 200.000000 200.000000
v 0.244332 0.015960 -0.297709 200.000000 200.000000 200.000000
v 0.288432 0.207654 -0.296452 200.000000 200.000000 200.000000
v 0.360162 0.418498 -0.137518 200.000000 200.000000 200.000000
v 0.068644 0.337650 -0.138541 200.000000 200.000000 200.000000
v -0.258352 -0.127942 -0.167728 200.000000 200.000000 200.000000
v 0.324380 0.714590 -0.356102 200.000000 200.000000 200.000000
v 0.147493 -0.914619 0.011409 200.000000 200.000000 200.000000
v -0.020342 -0.393676 -0.017834 200.000000 200.000000 200.000000
v 0.179766 0.647038 0.019686 200.000000 200.000000 200.000000
v -0.112173 -0.254668 0.015549 200.000000 200.000000 200.000000
v -0.177701 -0.151861 -0.001644 200.000000 200.000000 200.000000
v -0.023333 0.310946 0.113979 200.000000 200.000000 200.000000
v 0.182444 0.366789 -0.249386 200.000000 200.000000 200.000000
v -0.195548 0.191895 0.306310 200.000000 200.000000 200.000000
v -0.006992 -0.999674 -0.139796 200.000000 200.000000 200.000000
v 0.058317 0.581243 -0.021062 200.000000 200.000000 200.000000
v 0.231292 0.023440 0.105018 200.000000 200.000000 200.000000
v 0.009185 0.672403 -0.146150 200.000000 200.000000 200.000000
v -0.280017 -0.138762 -0.161754 200.000000 200.000000 200.000000
v -0.009749 -0.660519 -0.004395 200.000000 200.000000 200.000000
v 0.053211 0.734441 0.000150 200.000000 200.000000 200.000000
v -0.243642 0.146885 0.354802 200.000000 200.000000 200.000000
v 0.367509 0.739323 -0.495900 200.000000 200.000000 200.000000
v -0.265871 0.142258 0.437864 200.000000 200.000000 200.000000
v -0.008445 0.309854 0.109119 200.000000 200.000000 200.000000
v 0.169556 0.643819 0.034593 200.000000 200.000000 200.000000
v -0.296118 0.130179 0.385971 200.000000 200.000000 200.000000
v -0.031830 -0.132068 -0.096101 200.000000 200.000000 200.000000
v 0.239082 0.008217 0.105886 200.000000 200.000000 200.000000
v 0.202422 -0.473944 -0.041304 200.000000 200.000000 200.000000
v 0.089912 0.449353 -0.205810 200.000000 200.000000 200.000000
v -0.055539 -0.301828 -0.006973 200.000000 200.000000 200.000000
v -0.180895 0.192565 0.292394 200.000000 200.000000 200.000000
v 0.156451 0.861195 -0.049983 200.000000 200.000000 200.000000
v 0.159186 0.891012 -0.428493 200.000000 200.000000 200.000000
v 0.290562 0.146489 -0.288077 200.000000 200.000000 200.000000
v 0.162552 0.792594 -0.154522 200.000000 200.000000 200.000000
v 0.047779 0.144730 -0.109062 200.000000 200.000000 200.000000
v -0.033420 0.405885 0.081464 200.000000 200.000000 200.000000
v 0.240369 -0.611768 -0.056228 200.000000 200.000000 200.000000
v 0.233961 -0.495876 -0.098816 200.000000 200.000000 200.000000
v 0.228131 -0.411035 -0.142857 200.000000 200.000000 200.000000
v 0.014599 0.769588 -0.013527 200.000000 200.000000 200.000000
v -0.056748 0.363156 0.141337 200.000000 200.000000 200.000000
v 0.297850 0.657543 -0.316336 200.000000 200.000000 200.000000
v -0.233306 -0.256904 -0.020260 200.000000 200.000000 200.000000
v 0.370356 0.624666 -0.240004 200.000000 200.000000 200.000000
v 0.110778 0.102217 -0.226761 200.000000 200.000000 200.000000
v 0.132447 0.595981 0.043653 200.000000 200.000000 200.000000
v -0.206413 0.198821 0.411705 200.000000 200.000000 200.000000
v -0.112175 -0.043364 0.046996 200.000000 200.000000 200.000000
v 0.007154 0.448738 0.008374 200.000000 200.000000 200.000000
v 0.139084 0.872443 -0.356346 200.000000 200.000000 200.000000
v 0.246893 -0.634665 -0.089907 200.000000 200.000000 200.000000
v 0.067254 0.224184 -0.159947 200.000000 200.000000 200.000000
v 0.080385 -0.999760 -0.104099 200.000000 200.000000 200.000000
v 0.384042 0.618110 -0.261471 200.000000 200.000000 200.000000
v -0.032453 -0.438353 -0.027561 200.000000 200.000000 200.000000
v -0.037274 0.413724 0.156413 200.000000 200.000000 200.000000
v 0.054680 0.566142 -0.064817 200.000000 200.000000 200.000000
v 0.168262 0.019032 -0.260646 200.000000 200.000000 200.000000
v -0.166662 -0.359664 -0.016745 200.000000 200.000000 200.000000
v -0.281814 0.184142 0.462566 200.000000 200.000000 200.000000
v 0.265823 0.440567 -0.319862 200.000000 200.000000 200.000000
v 0.397066 0.613299 -0.318381 200.000000 200.000000 200.000000
v -0.125129 0.307428 0.216792 200.000000 200.000000 200.000000
v 0.058034 0.292906 0.184188 200.000000 200.000000 200.000000
v -0.036946 0.000113 -0.075483 200.000000 200.000000 200.000000
v 0.010527 0.604677 -0.102231 200.000000 200.000000 200.000000
v 0.363078 0.485050 -0.298975 200.000000 200.000000 200.000000
v 0.007914 -0.627190 0.006478 200.000000 200.000000 200.000000
v 0.045242 -0.999884 -0.115691 200.000000 200.000000 200.000000
v 0.347488 0.055919 -0.132957 200.000000 200.000000 200.000000
v 0.294682 0.612389 -0.381472 200.000000 200.000000 200.000000
v 0.281688 0.773240 -0.486197 200.000000 200.000000 200.000000
v 0.203855 -0.929797 -0.049409 200.000000 200.000000 200.000000
v 0.176607 -0.253450 -0.226018 200.000000 200.000000 200.000000
v 0.196916 -0.733545 -0.122195 200.000000 200.000000 200.000000
v 0.232550 -0.811775 -0.066209 200.000000 200.000000 200.000000
v 0.061590 -0.254534 -0.124929 200.000000 200.000000 200.000000
v 0.285156 0.850978 -0.445288 200.000000 200.000000 200.000000
v 0.132857 0.866459 -0.096085 200.000000 200.000000 200.000000
v 0.276919 0.625254 -0.072370 200.000000 200.000000 200.000000
v 0.335560 0.388876 -0.284031 200.000000 200.000000 200.000000
v 0.101243 0.222304 0.056666 200.000000 200.000000 200.000000
v 0.103569 0.263291 -0.207618 200.000000 200.000000 200.000000
v 0.184347 -0.430992 -0.181370 200.000000 200.000000 200.000000
v 0.033355 0.307583 0.074180 200.000000 200.000000 200.000000
v -0.104062 -0.167812 -0.071915 200.000000 200.000000 200.000000
v 0.338420 0.752802 -0.498702 200.000000 200.000000 200.000000
v -0.053323 0.284142 0.166627 200.000000 200.000000 200.000000
v 0.208216 -0.937250 -0.030310 200.000000 200.000000 200.000000
v -0.043199 0.773428 -0.072193 200.000000 200.000000 200.000000
v 0.350147 0.425366 -0.277687 200.000000 200.000000 200.000000
v 0.094175 -0.311091 -0.058282 200.000000 200.000000 200.000000
v 0.048576 0.010709 -0.130675 200.000000 200.000000 200.000000
v 0.159077 0.842455 -0.152189 200.000000 200.000000 200.000000
v 0.164753 -0.998869 -0.063661 200.000000 200.000000 200.000000
v 0.039037 0.289130 -0.124919 200.000000 200.000000 200.000000
v 0.077021 -0.005843 -0.149113 200.000000 200.000000 200.000000
v 0.239440 0.896630 -0.359809 200.000000 200.000000 200.000000
v 0.226064 -0.183111 -0.031383 200.000000 200.000000 200.000000
v 0.030051 0.299847 0.199095 200.000000 200.000000 200.000000
v 0.023544 0.036256 -0.090344 200.000000 200.000000 200.000000
v -0.007251 0.479243 0.091366 200.000000 200.000000 200.000000
v 0.227858 -0.445663 -0.099102 200.000000 200.000000 200.000000
v -0.213950 0.240406 0.298197 200.000000 200.000000 200.000000
v 0.019109 0.653311 -0.147512 200.000000 200.000000 200.000000
v 0.128270 0.727516 -0.191929 200.000000 200.000000 200.000000
v 0.112593 -0.641932 -0.057902 200.000000 200.000000 200.000000
v 0.368633 0.468035 -0.149881 200.000000 200.000000 200.000000
v -0.022120 -0.144002 -0.084312 200.000000 200.000000 200.000000
v 0.008782 0.658141 -0.137495 200.000000 200.000000 200.000000
v 0.217037 -0.130929 -0.241926 200.000000 200.000000 200.000000
v 0.328960 -0.015633 -0.253053 200.000000 200.000000 200.000000
v -0.187343 0.267328 0.269426 200.000000 200.000000 200.000000
v 0.057384 0.802957 0.015764 200.000000 200.000000 200.000000
v 0.026656 -0.066068 -0.087696 200.000000 200.000000 200.000000
v 0.143588 0.569601 0.090811 200.000000 200.000000 200.000000
v -0.003297 0.687277 -0.062576 200.000000 200.000000 200.000000
v 0.240622 -0.680686 -0.037705 200.000000 200.000000 200.000000
v 0.328063 0.123137 -0.074710 200.000000 200.000000 200.000000
v -0.174464 -0.089200 0.006613 200.000000 200.000000 200.000000
v 0.244264 -0.717295 -0.077408 200.000000 200.000000 200.000000
v 0.277848 0.178373 0.024086 200.000000 200.000000 200.000000
v 0.104192 0.437919 0.155838 200.000000 200.000000 200.000000
v 0.022444 -0.494922 0.008573 200.000000 200.000000 200.000000
v 0.226153 0.657737 -0.123500 200.000000 200.000000 200.000000
v 0.295032 0.571568 0.029470 200.000000 200.000000 200.000000
v 0.304769 0.219164 -0.034753 200.000000 200.000000 200.000000
v 0.138011 0.258975 -0.259821 200.000000 200.000000 200.000000
v 0.121424 0.527372 -0.185938 200.000000 200.000000 200.000000
v 0.056990 0.506521 -0.013359 200.000000 200.000000 200.000000
v 0.402256 0.671570 -0.412065 200.000000 200.000000 200.000000
v 0.031178 0.218880 -0.064815 200.000000 200.000000 200.000000
v 0.059745 -0.965188 -0.069136 200.000000 200.000000 200.000000
v 0.037235 0.259419 -0.055053 200.000000 200.000000 200.000000
v 0.214194 -0.456728 -0.058323 200.000000 200.000000 200.000000
v 0.294308 0.449427 0.023661 200.000000 200.000000 200.000000
v 0.296351 0.229317 -0.005622 200.000000 200.000000 200.000000
v 0.217630 -0.230163 -0.218405 200.000000 200.000000 200.000000
v 0.246491 0.850505 -0.462617 200.000000 200.000000 200.000000
v 0.047298 -0.051925 0.103830 200.000000 200.000000 200.000000
v 0.122097 0.857257 -0.034975 200.000000 200.000000 200.000000
v 0.117967 0.527655 -0.181973 200.000000 200.000000 200.000000
v 0.329709 0.282408 -0.258875 200.000000 200.000000 200.000000
v 0.101869 -0.948096 -0.026156 200.000000 200.000000 200.000000
v 0.133584 0.605924 0.098868 200.000000 200.000000 200.000000
v -0.034866 -0.127325 0.027959 200.000000 200.000000 200.000000
v 0.294255 -0.083070 -0.184452 200.000000 200.000000 200.000000
v 0.318444 0.162199 -0.044915 200.000000 200.000000 200.000000
v 0.210554 -0.503971 -0.159254 200.000000 200.000000 200.000000
v 0.302172 0.249049 -0.290359 200.000000 200.000000 200.000000
v -0.325935 -0.053079 -0.120159 200.000000 200.000000 200.000000
v 0.268618 0.629605 -0.003350 200.000000 200.000000 200.000000
v 0.136312 -0.319322 -0.216138 200.000000 200.000000 200.000000
v 0.263495 -0.266306 -0.071878 200.000000 200.000000 200.000000
v 0.154057 0.509908 0.100913 200.000000 200.000000 200.000000
v 0.160151 -0.411228 -0.035705 200.000000 200.000000 200.000000
v 0.207074 -0.148595 0.004586 200.000000 200.000000 200.000000
v 0.090920 -0.999756 -0.112534 200.000000 200.000000 200.000000
v 0.178515 0.640000 0.031267 200.000000 200.000000 200.000000
v 0.203510 0.567279 0.103762 200.000000 200.000000 200.000000
v 0.036660 0.859976 -0.045324 200.000000 200.000000 200.000000
v 0.056210 0.289040 0.065301 200.000000 200.000000 200.000000
v 0.044487 -0.445476 -0.000127 200.000000 200.000000 200.000000
v 0.334598 0.028166 -0.245889 200.000000 200.000000 200.000000
v 0.200049 -0.003265 -0.284002 200.000000 200.000000 200.000000
v 0.073132 -0.983501 -0.122317 200.000000 200.000000 200.000000
v -0.242559 -0.214700 -0.121450 200.000000 200.000000 200.000000
v 0.100584 0.439052 -0.217700 200.000000 200.000000 200.000000
v 0.135211 -0.078919 -0.208708 200.000000 200.000000 200.000000
v 0.218300 0.055894 0.106167 200.000000 200.000000 200.000000
v 0.338658 0.310887 -0.090483 200.000000 200.000000 200.000000
v 0.175248 0.802838 -0.004149 200.000000 200.000000 200.000000
v 0.210324 0.576203 -0.240073 200.000000 200.000000 200.000000
v 0.088559 0.891773 -0.308284 200.000000 200.000000 200.000000
v 0.040460 0.254270 0.027671 200.000000 200.000000 200.000000
v 0.227898 -0.012556 -0.293551 200.000000 200.000000 200.000000
v 0.056935 0.703838 -0.004795 200.000000 200.000000 200.000000
v 0.314361 0.390004 -0.306594 200.000000 200.000000 200.000000
v -0.016769 -0.578597 0.081408 200.000000 200.000000 200.000000
v 0.323348 0.179896 -0.118300 200.000000 200.000000 200.000000
v -0.197932 0.261739 0.279191 200.000000 200.000000 200.000000
v 0.325439 0.822945 -0.401497 200.000000 200.000000 200.000000
v 0.152870 -0.005026 -0.251884 200.000000 200.000000 200.000000
v -0.027089 -0.073474 -0.098882 200.000000 200.000000 200.000000
v 0.271287 -0.065961 -0.213916 200.000000 200.000000 200.000000
v -0.045545 -0.379164 -0.044553 200.000000 200.000000 200.000000
v -0.190885 0.169123 0.388425 200.000000 200.000000 200.000000
v 0.221881 -0.279366 -0.204710 200.000000 200.000000 200.000000
v 0.095147 0.877713 -0.130129 200.000000 200.000000 200.000000
v -0.205497 0.006166 -0.035991 200.000000 200.000000 200.000000
v 0.073876 0.602452 0.064437 200.000000 200.000000 200.000000
v 0.274119 0.700298 -0.387059 200.000000 200.000000 200.000000
v 0.064854 -0.292729 -0.102406 200.000000 200.000000 200.000000
v 0.076371 0.307800 0.134074 200.000000 200.000000 200.000000
v -0.279859 0.146802 0.460045 200.000000 200.000000 200.000000
v 0.335281 0.462949 -0.319475 200.000000 200.000000 200.000000
v 0.161990 0.281714 0.085004 200.000000 200.000000 200.000000
v 0.201167 0.666257 -0.126895 200.000000 200.000000 200.000000
v 0.236945 -0.657583 -0.111749 200.000000 200.000000 200.000000
v -0.176857 -0.005280 0.006058 200.000000 200.000000 200.000000
v 0.319706 -0.135850 -0.047702 200.000000 200.000000 200.000000
v -0.183914 0.015849 -0.074746 200.000000 200.000000 200.000000
v 0.223111 0.908414 -0.417593 200.000000 200.000000 200.000000
v 0.229649 -0.204610 -0.038881 200.000000 200.000000 200.000000
v 0.180827 0.655462 0.018193 200.000000 200.000000 200.000000
v 0.226752 -0.601519 -0.038441 200.000000 200.000000 200.000000
v 0.221770 -0.109153 -0.235259 200.000000 200.000000 200.000000
v 0.282763 0.006545 0.048745 200.000000 200.000000 200.000000
v 0.085809 -0.999805 -0.147207 200.000000 200.000000 200.000000
v 0.333808 0.543100 -0.389190 200.000000 200.000000 200.000000
v 0.087800 0.213971 0.059975 200.000000 200.000000 200.000000
v -0.182969 0.245026 0.390614 200.000000 200.000000 200.000000
v -0.050073 -0.434177 0.047505 200.000000 200.000000 200.000000
v 0.261069 0.517563 0.067613 200.000000 200.000000 200.000000
v 0.039788 0.025639 -0.113886 200.000000 200.000000 200.000000
v 0.117308 -0.056225 0.125849 200.000000 200.000000 200.000000
v 0.347109 0.136446 -0.165658 200.000000 200.000000 200.000000
v 0.199448 -0.268205 -0.033664 200.000000 200.000000 200.000000
v 0.221978 -0.564759 -0.139828 200.000000 200.000000 200.000000
v 0.141555 -0.284739 -0.043134 200.000000 200.000000 200.000000
v -0.211734 -0.064477 -0.161527 200.000000 200.000000 200.000000
v 0.158805 0.672339 -0.038801 200.000000 200.000000 200.000000
v -0.017455 0.245106 0.263820 200.000000 200.000000 200.000000
v 0.051643 -0.003735 -0.121229 200.000000 200.000000 200.000000
v 0.016154 0.602808 -0.113635 200.000000 200.000000 200.000000
v 0.041476 -0.998174 -0.064739 200.000000 200.000000 200.000000
v 0.152158 -0.125552 0.079232 200.000000 200.000000 200.000000
v 0.025009 0.863543 -0.085513 200.000000 200.000000 200.000000
v 0.229585 -0.647612 -0.028985 200.000000 200.000000 200.000000
v 0.122146 0.387689 -0.220329 200.000000 200.000000 200.000000
v -0.274754 0.125456 0.423906 200.000000 200.000000 200.000000
v 0.049000 0.293181 0.057488 200.000000 200.000000 200.000000
v -0.384370 0.203169 0.452309 200.000000 200.000000 200.000000
v 0.038976 0.124514 0.070711 200.000000 200.000000 200.000000
v 0.316970 0.172332 -0.276503 200.000000 200.000000 200.000000
v 0.278620 0.146868 -0.295033 200.000000 200.000000 200.000000
v 0.137386 -0.366548 -0.208061 200.000000 200.000000 200.000000
v 0.183363 -0.738907 -0.123029 200.000000 200.000000 200.000000
v 0.145507 -0.797292 -0.102767 200.000000 200.000000 200.000000
v 0.287409 0.606015 -0.059331 200.000000 200.000000 200.000000
v 0.282088 0.124171 -0.293552 200.000000 200.000000 200.000000
v -0.040353 0.266798 0.302263 200.000000 200.000000 200.000000
v 0.317368 -0.009404 -0.002250 200.000000 200.000000 200.000000
v 0.042702 -0.463964 0.044304 200.000000 200.000000 200.000000
v 0.030330 0.311313 0.088590 200.000000 200.000000 200.000000
v 0.266862 0.435877 -0.319394 200.000000 200.000000 200.000000
v 0.085333 0.956972 -0.355789 200.000000 200.000000 200.000000
v 0.066809 0.924761 -0.286414 200.000000 200.000000 200.000000
v -0.318144 -0.128882 -0.057364 200.000000 200.000000 200.000000
v 0.222050 0.606316 0.054329 200.000000 200.000000 200.000000
v 0.054462 0.172500 -0.039361 200.000000 200.000000 200.000000
v 0.008031 0.467654 0.043208 200.000000 200.000000 200.000000
v 0.052811 0.246623 -0.162244 200.000000 200.000000 200.000000
v 0.115596 0.187852 -0.228480 200.000000 200.000000 200.000000
v -0.005698 0.370942 0.039056 200.000000 200.000000 200.000000
v 0.183906 0.155944 -0.268767 200.000000 200.000000 200.000000
v 0.027403 0.295662 0.127435 200.000000 200.000000 200.000000
v 0.327015 0.078642 -0.257962 200.000000 200.000000 200.000000
v 0.106755 -0.159919 0.009427 200.000000 200.000000 200.000000
v 0.310259 0.260055 -0.005037 200.000000 200.000000 200.000000
v 0.161887 0.834260 -0.130695 200.000000 200.000000 200.000000
v 0.063366 -0.999170 -0.059888 200.000000 200.000000 200.000000
v 0.292621 0.602124 -0.135278 200.000000 200.000000 200.000000
v 0.030991 0.004057 -0.099436 200.000000 200.000000 200.000000
v 0.109647 -0.297904 -0.202368 200.000000 200.000000 200.000000
v 0.185557 0.333584 -0.288774 200.000000 200.000000 200.000000
v 0.100436 -0.597401 -0.093515 200.000000 200.000000 200.000000
v -0.163318 -0.243222 0.020078 200.000000 200.000000 200.000000
v 0.231474 0.582181 -0.194315 200.000000 200.000000 200.000000
v 0.248587 0.182916 -0.297101 200.000000 200.000000 200.000000
v 0.006855 -0.039338 -0.086147 200.000000 200.000000 200.000000
v 0.277207 -0.177950 -0.041827 200.000000 200.000000 200.000000
v -0.407289 0.180201 0.457863 200.000000 200.000000 200.000000
v 0.116784 0.973210 -0.362775 200.000000 200.000000 200.000000
v 0.388450 0.606207 -0.302144 200.000000 200.000000 200.000000
v 0.115104 0.291084 0.095875 200.000000 200.000000 200.000000
v 0.102681 0.161896 0.096395 200.000000 200.000000 200.000000
v 0.073254 -0.471010 -0.153720 200.000000 200.000000 200.000000
v -0.286315 -0.055282 -0.034266 200.000000 200.000000 200.000000
v 0.341865 0.463242 -0.045928 200.000000 200.000000 200.000000
v 0.347000 0.564669 -0.125473 200.000000 200.000000 200.000000
v 0.160601 -0.159797 0.019693 200.000000 200.000000 200.000000
v 0.030988 0.610210 -0.044567 200.000000 200.000000 200.000000
v -0.170180 0.239708 0.256709 200.000000 200.000000 200.000000
v 0.320057 -0.153210 -0.065716 200.000000 200.000000 200.000000
v 0.272767 0.744395 -0.382069 200.000000 200.000000 200.000000
v -0.236772 0.259512 0.328969 200.000000 200.000000 200.000000
v 0.221344 -0.840907 -0.069415 200.000000 200.000000 200.000000
v 0.150009 -0.240974 -0.041937 200.000000 200.000000 200.000000
v 0.110316 0.872659 -0.088365 200.000000 200.000000 200.000000
v -0.308913 -0.177840 -0.098596 200.000000 200.000000 200.000000
v 0.055266 0.861354 -0.148876 200.000000 200.000000 200.000000
v -0.023766 0.277489 0.145426 200.000000 200.000000 200.000000
v -0.308773 0.222658 0.377926 200.000000 200.000000 200.000000
v 0.217306 -0.145386 0.004885 200.000000 200.000000 200.000000
v 0.341533 0.272351 -0.210844 200.000000 200.000000 200.000000
v 0.043519 0.604660 -0.039585 200.000000 200.000000 200.000000
v 0.125817 0.852138 -0.170933 200.000000 200.000000 200.000000
v 0.361138 0.376331 -0.186191 200.000000 200.000000 200.000000
v 0.173757 -0.058965 0.116407 200.000000 200.000000 200.000000
v 0.261303 0.889708 -0.386386 200.000000 200.000000 200.000000
v 0.137355 -0.505653 -0.037121 200.000000 200.000000 200.000000
v 0.247858 0.760656 -0.442932 200.000000 200.000000 200.000000
v 0.026615 -0.161968 -0.104046 200.000000 200.000000 200.000000
v 0.266472 0.568567 -0.307321 200.000000 200.000000 200.000000
v 0.220677 -0.856167 0.002716 200.000000 200.000000 200.000000
v 0.114423 0.917940 -0.295187 200.000000 200.000000 200.000000
v 0.336198 0.232805 -0.109097 200.000000 200.000000 200.000000
v 0.060628 0.463723 -0.164863 200.000000 200.000000 200.000000
v 0.018217 0.704053 -0.155842 200.000000 200.000000 200.000000
v 0.297352 0.598248 -0.020718 200.000000 200.000000 200.000000
v 0.244737 -0.233705 -0.052468 200.000000 200.000000 200.000000
v 0.071902 -0.431932 -0.147133 200.000000 200.000000 200.000000
v 0.284208 -0.021495 -0.299214 200.000000 200.000000 200.000000
v 0.102886 0.560151 0.086407 200.000000 200.000000 200.000000
v 0.259714 0.462003 -0.318624 200.000000 200.000000 200.000000
v -0.319103 -0.151943 -0.068314 200.000000 200.000000 200.000000
v -0.227425 0.143579 0.349261 200.000000 200.000000 200.000000
v -0.017095 0.830528 -0.077416 200.000000 200.000000 200.000000
v 0.019110 -0.439345 -0.008640 200.000000 200.000000 200.000000
v 0.232425 -0.531303 -0.100251 200.000000 200.000000 200.000000
v 0.019227 -0.436670 0.059283 200.000000 200.000000 200.000000
v 0.157808 -0.020492 0.134091 200.000000 200.000000 200.000000
v 0.218122 -0.377794 -0.175675 200.000000 200.000000 200.000000
v 0.201738 -0.798426 0.006951 200.000000 200.000000 200.000000
v 0.001130 0.312034 0.265297 200.000000 200.000000 200.000000
v 0.078514 -0.999873 -0.135575 200.000000 200.000000 200.000000
v 0.249470 0.417531 0.064510 200.000000 200.000000 200.000000
v 0.235751 0.500118 -0.274615 200.000000 200.000000 200.000000
v -0.027090 0.232061 0.253077 200.000000 200.000000 200.000000
v 0.042795 0.242419 -0.125228 200.000000 200.000000 200.000000
v -0.154238 -0.079750 0.019963 200.000000 200.000000 200.000000
v 0.176569 -0.772914 0.006788 200.000000 200.000000 200.000000
v 0.261648 0.560710 -0.278912 200.000000 200.000000 200.000000
v 0.143389 -0.814002 -0.098842 200.000000 200.000000 200.000000
v 0.071034 -0.353075 -0.120549 200.000000 200.000000 200.000000
v -0.234699 -0.228306 -0.010437 200.000000 200.000000 200.000000
v 0.109740 -0.007703 -0.196011 200.000000 200.000000 200.000000
v 0.224065 0.849707 -0.340307 200.000000 200.000000 200.000000
v 0.131650 0.951892 -0.319203 200.000000 200.000000 200.000000
v 0.258753 0.639561 -0.110560 200.000000 200.000000 200.000000
v 0.230116 0.832932 -0.344368 200.000000 200.000000 200.000000
v 0.006119 0.439210 0.178303 200.000000 200.000000 200.000000
v 0.033723 0.273155 -0.112928 200.000000 200.000000 200.000000
v 0.201043 -0.947229 -0.044459 200.000000 200.000000 200.000000
v 0.136983 0.144020 -0.245382 200.000000 200.000000 200.000000
v -0.212152 -0.021966 -0.138166 200.000000 200.000000 200.000000
v 0.340495 0.417830 -0.278653 200.000000 200.000000 200.000000
v -0.061363 0.375350 0.145540 200.000000 200.000000 200.000000
v 0.377949 0.574484 -0.155558 200.000000 200.000000 200.000000
v 0.210187 -0.113069 -0.240316 200.000000 200.000000 200.000000
v 0.127740 0.252201 -0.213943 200.000000 200.000000 200.000000
v 0.362548 0.411626 -0.200193 200.000000 200.000000 200.000000
v 0.247330 0.601363 -0.183272 200.000000 200.000000 200.000000
v 0.224290 0.425934 -0.292281 200.000000 200.000000 200.000000
v 0.078381 -0.273179 -0.063863 200.000000 200.000000 200.000000
v 0.191070 0.696892 -0.054581 200.000000 200.000000 200.000000
v -0.095281 -0.397995 0.036564 200.000000 200.000000 200.000000
v 0.151492 -0.363142 -0.211218 200.000000 200.000000 200.000000
v 0.106374 0.169247 -0.178018 200.000000 200.000000 200.000000
v -0.063336 -0.369313 -0.056839 200.000000 200.000000 200.000000
v 0.076571 0.554184 -0.005983 200.000000 200.000000 200.000000
v 0.349868 0.025087 -0.105851 200.000000 200.000000 200.000000
v 0.271094 0.255955 0.028483 200.000000 200.000000 200.000000
v 0.344115 0.628047 -0.209730 200.000000 200.000000 200.000000
v 0.218102 0.772298 -0.091780 200.000000 200.000000 200.000000
v 0.386468 0.556129 -0.278613 200.000000 200.000000 200.000000
v 0.283883 -0.099622 -0.192230 200.000000 200.000000 200.000000
v 0.330931 0.633954 -0.450249 200.000000 200.000000 200.000000
v -0.010774 -0.095987 -0.097634 200.000000 200.000000 200.000000
v 0.157625 -0.223951 -0.231315 200.000000 200.000000 200.000000
v 0.348238 0.429713 -0.087481 200.000000 200.000000 200.000000
v 0.178210 0.835339 -0.028672 200.000000 200.000000 200.000000
v 0.142174 0.558497 0.104307 200.000000 200.000000 200.000000
v 0.028748 0.823423 -0.007733 200.000000 200.000000 200.000000
v 0.287273 -0.005372 -0.205100 200.000000 200.000000 200.000000
v 0.051952 0.301099 0.102500 200.000000 200.000000 200.000000
v 0.061235 0.927215 -0.289745 200.000000 200.000000 200.000000
v -0.135149 0.250643 0.218698 200.000000 200.000000 200.000000
v 0.181469 0.789372 -0.021558 200.000000 200.000000 200.000000
v -0.019000 -0.523262 -0.017913 200.000000 200.000000 200.000000
v 0.080127 -0.137862 0.057425 200.000000 200.000000 200.000000
v -0.110717 -0.249819 -0.083994 200.000000 200.000000 200.000000
v 0.383295 0.760099 -0.412235 200.000000 200.000000 200.000000
v 0.182491 0.853325 -0.106995 200.000000 200.000000 200.000000
v -0.165634 -0.357925 -0.039246 200.000000 200.000000 200.000000
v 0.249907 0.428660 -0.314314 200.000000 200.000000 200.000000
v 0.185326 0.005161 -0.246624 200.000000 200.000000 200.000000
v 0.282121 0.222864 -0.299161 200.000000 200.000000 200.000000
v 0.079908 0.257131 -0.190788 200.000000 200.000000 200.000000
v 0.029647 0.085480 -0.129468 200.000000 200.000000 200.000000
v 0.341321 0.163302 -0.167855 200.000000 200.000000 200.000000
v 0.308243 -0.005744 -0.233672 200.000000 200.000000 200.000000
v 0.120272 0.386619 0.136441 200.000000 200.000000 200.000000
v 0.234106 -0.685679 -0.109589 200.000000 200.000000 200.000000
v 0.181101 0.649136 -0.176940 200.000000 200.000000 200.000000
v 0.201576 0.676160 -0.110143 200.000000 200.000000 200.000000
v 0.244127 -0.681463 -0.093637 200.000000 200.000000 200.000000
v 0.315511 -0.104986 -0.135102 200.000000 200.000000 200.000000
v -0.290740 -0.189307 -0.105149 200.000000 200.000000 200.000000
v -0.211328 0.168895 0.406486 200.000000 200.000000 200.000000
v 0.005150 0.605494 -0.086827 200.000000 200.000000 200.000000
v 0.145165 0.211738 0.088061 200.000000 200.000000 200.000000
v 0.261072 -0.174324 -0.200767 200.000000 200.000000 200.000000
v 0.321535 0.740521 -0.364950 200.000000 200.000000 200.000000
v 0.121638 -0.268255 -0.049494 200.000000 200.000000 200.000000
v -0.148518 0.320141 0.312655 200.000000 200.000000 200.000000
v 0.045078 -0.105869 -0.130788 200.000000 200.000000 200.000000
v 0.115896 0.187089 -0.228284 200.000000 200.000000 200.000000
v 0.239689 0.263860 0.055375 200.000000 200.000000 200.000000
v 0.354998 0.676844 -0.315762 200.000000 200.000000 200.000000
v 0.300338 0.057381 0.031076 200.000000 200.000000 200.000000
v 0.229084 -0.277448 -0.199280 200.000000 200.000000 200.000000
v 0.120283 -0.872069 -0.034337 200.000000 200.000000 200.000000
v 0.053694 0.608606 -0.034345 200.000000 200.000000 200.000000
v 0.088811 -0.575438 -0.136613 200.000000 200.000000 200.000000
v 0.319152 -0.012680 -0.004976 200.000000 200.000000 200.000000
v -0.267712 0.169790 0.459909 200.000000 200.000000 200.000000
v 0.097850 0.125362 -0.212161 200.000000 200.000000 200.000000
v 0.106858 -0.444474 -0.052900 200.000000 200.000000 200.000000
v 0.072955 -0.484896 -0.134115 200.000000 200.000000 200.000000
v 0.169592 0.858194 -0.119999 200.000000 200.000000 200.000000
v 0.172454 -0.002032 -0.259212 200.000000 200.000000 200.000000
v 0.104028 -0.429317 -0.053490 200.000000 200.000000 200.000000
v 0.225519 -0.476624 -0.072237 200.000000 200.000000 200.000000
v 0.183925 -0.931864 -0.062340 200.000000 200.000000 200.000000
v 0.146719 0.218383 0.074722 200.000000 200.000000 200.000000
v -0.210046 0.240947 0.400657 200.000000 200.000000 200.000000
v 0.317733 -0.113002 -0.031913 200.000000 200.000000 200.000000
v -0.234196 -0.234272 -0.011511 200.000000 200.000000 200.000000
v 0.040912 0.225786 0.011022 200.000000 200.000000 200.000000
v -0.064423 0.274500 0.171045 200.000000 200.000000 200.000000
v 0.015994 0.495012 0.118651 200.000000 200.000000 200.000000
v 0.198685 -0.326212 -0.036166 200.000000 200.000000 200.000000
v 0.313796 0.228672 -0.055841 200.000000 200.000000 200.000000
v -0.065111 -0.445076 0.035355 200.000000 200.000000 200.000000
v 0.151881 0.627936 -0.028705 200.000000 200.000000 200.000000
v 0.169445 -0.143187 0.055868 200.000000 200.000000 200.000000
v 0.230079 -0.022120 0.103739 200.000000 200.000000 200.000000
v 0.167237 0.668119 -0.162890 200.000000 200.000000 200.000000
v 0.045656 -0.466097 0.014418 200.000000 200.000000 200.000000
v 0.031267 -0.069332 -0.096832 200.000000 200.000000 200.000000
v 0.301500 0.485554 -0.351389 200.000000 200.000000 200.000000
v -0.098423 0.287537 0.332110 200.000000 200.000000 200.000000
v -0.064384 -0.388489 0.042685 200.000000 200.000000 200.000000
v 0.306720 0.135136 -0.020294 200.000000 200.000000 200.000000
v 0.047093 0.362206 -0.104989 200.000000 200.000000 200.000000
v -0.180883 -0.342312 -0.022887 200.000000 200.000000 200.000000
v 0.118943 -0.149189 0.047724 200.000000 200.000000 200.000000
v 0.207130 -0.116431 0.068518 200.000000 200.000000 200.000000
v 0.142599 -0.003614 -0.243576 200.000000 200.000000 200.000000
v 0.183335 0.937996 -0.352155 200.000000 200.000000 200.000000
v 0.134967 -0.831235 -0.000576 200.000000 200.000000 200.000000
v 0.225498 0.298994 -0.287106 200.000000 200.000000 200.000000
v -0.039928 -0.037570 -0.098945 200.000000 200.000000 200.000000
v 0.124143 0.179933 -0.238087 200.000000 200.000000 200.000000
v 0.222172 -0.636140 -0.131387 200.000000 200.000000 200.000000
v 0.033126 0.522241 0.121826 200.000000 200.000000 200.000000
v -0.055583 0.312080 0.282870 200.000000 200.000000 200.000000
v 0.277782 -0.165736 -0.033398 200.000000 200.000000 200.000000
v 0.319662 -0.169092 -0.091973 200.000000 200.000000 200.000000
v 0.309467 0.509216 -0.028666 200.000000 200.000000 200.000000
v 0.379756 0.497466 -0.195310 200.000000 200.000000 200.000000
v 0.089442 0.972627 -0.296599 200.000000 200.000000 200.000000
v 0.024820 -0.163055 -0.011737 200.000000 200.000000 200.000000
v 0.294192 0.648163 -0.314253 200.000000 200.000000 200.000000
v 0.361482 0.651057 -0.446900 200.000000 200.000000 200.000000
v 0.302262 0.049705 0.011832 200.000000 200.000000 200.000000
v 0.347564 0.316047 -0.184237 200.000000 200.000000 200.000000
v -0.018385 0.783707 -0.018868 200.000000 200.000000 200.000000
v 0.069315 -0.351826 -0.153817 200.000000 200.000000 200.000000
v 0.238898 0.496816 0.058999 200.000000 200.000000 200.000000
v 0.000228 0.822925 -0.152431 200.000000 200.000000 200.000000
v 0.394330 0.561105 -0.334178 200.000000 200.000000 200.000000
v 0.185939 0.934095 -0.349013 200.000000 200.000000 200.000000
v 0.354917 -0.064055 -0.090805 200.000000 200.000000 200.000000
v 0.355764 0.506586 -0.331756 200.000000 200.000000 200.000000
v 0.128746 -0.232762 -0.051569 200.000000 200.000000 200.000000
v -0.281190 -0.083775 -0.178709 200.000000 200.000000 200.000000
v 0.229029 0.313629 -0.291265 200.000000 200.000000 200.000000
v 0.070486 -0.346331 -0.120945 200.000000 200.000000 200.000000
v 0.225772 -0.567839 -0.135702 200.000000 200.000000 200.000000
v 0.245982 -0.337882 -0.061377 200.000000 200.000000 200.000000
v 0.358077 0.480355 -0.073748 200.000000 200.000000 200.000000
v -0.037172 0.406724 0.134176 200.000000 200.000000 200.000000
v 0.353537 0.330300 -0.161287 200.000000 200.000000 200.000000
v 0.381286 0.507318 -0.158018 200.000000 200.000000 200.000000
v 0.252237 0.648466 0.000825 200.000000 200.000000 200.000000
v 0.170989 -0.120940 -0.234308 200.000000 200.000000 200.000000
v 0.160874 -0.161338 -0.020331 200.000000 200.000000 200.000000
v 0.200301 -0.176193 -0.238735 200.000000 200.000000 200.000000
v 0.048941 0.007558 0.112221 200.000000 200.000000 200.000000
v 0.335915 0.285307 -0.200218 200.000000 200.000000 200.000000
v 0.312484 0.840814 -0.400629 200.000000 200.000000 200.000000
v 0.063671 0.565218 -0.008823 200.000000 200.000000 200.000000
v -0.005355 -0.431244 -0.013972 200.000000 200.000000 200.000000
v -0.028800 -0.661030 0.045156 200.000000 200.000000 200.000000
v 0.349601 0.491030 -0.043320 200.000000 200.000000 200.000000
v 0.278226 0.614608 -0.158297 200.000000 200.000000 200.000000
v 0.137050 -0.601316 -0.150036 200.000000 200.000000 200.000000
v 0.329343 0.358410 -0.062719 200.000000 200.000000 200.000000
v 0.113168 0.519174 0.130521 200.000000 200.000000 200.000000
v -0.175892 -0.212110 -0.124173 200.000000 200.000000 200.000000
v 0.098678 0.044160 -0.212507 200.000000 200.000000 200.000000
v 0.003030 -0.429911 -0.010454 200.000000 200.000000 200.000000
v -0.233058 -0.152469 0.002945 200.000000 200.000000 200.000000
v 0.192705 0.155945 -0.274143 200.000000 200.000000 200.000000
v 0.219582 0.809467 -0.063431 200.000000 200.000000 200.000000
v -0.053260 0.387374 0.222381 200.000000 200.000000 200.000000
v 0.222128 -0.650291 -0.129469 200.000000 200.000000 200.000000
v 0.280381 0.004991 -0.237585 200.000000 200.000000 200.000000
v 0.140874 0.695822 -0.010226 200.000000 200.000000 200.000000
v 0.264147 -0.185158 -0.192268 200.000000 200.000000 200.000000
v 0.077059 -0.528760 -0.128967 200.000000 200.000000 200.000000
v -0.061954 0.281729 0.172473 200.000000 200.000000 200.000000
v -0.225833 0.141014 0.399584 200.000000 200.000000 200.000000
v -0.141419 0.296317 0.343348 200.000000 200.000000 200.000000
v 0.333263 0.617648 -0.170542 200.000000 200.000000 200.000000
v -0.248632 -0.198177 -0.014061 200.000000 200.000000 200.000000
v 0.349394 0.316714 -0.158938 200.000000 200.000000 200.000000
v 0.303337 0.594344 -0.116640 200.000000 200.000000 200.000000
v 0.345281 0.275514 -0.115789 200.000000 200.000000 200.000000
v 0.128855 0.863898 -0.116380 200.000000 200.000000 200.000000
v 0.061363 0.961831 -0.348658 200.000000 200.000000 200.000000
v 0.168412 0.314518 -0.244451 200.000000 200.000000 200.000000
v 0.327595 0.149844 -0.096828 200.000000 200.000000 200.000000
v 0.162553 -0.232347 -0.037926 200.000000 200.000000 200.000000
v 0.373286 0.684203 -0.335064 200.000000 200.000000 200.000000
v 0.068029 -0.084342 0.099970 200.000000 200.000000 200.000000
v 0.355142 -0.042045 -0.127907 200.000000 200.000000 200.000000
v 0.311537 0.006449 -0.279694 200.000000 200.000000 200.000000
v -0.042286 -0.548343 0.040577 200.000000 200.000000 200.000000
v 0.156167 -0.290638 -0.222294 200.000000 200.000000 200.000000
v 0.367693 0.761544 -0.392066 200.000000 200.000000 200.000000
v 0.353865 0.419227 -0.253873 200.000000 200.000000 200.000000
v 0.340008 0.013729 -0.236802 200.000000 200.000000 200.000000
v 0.024101 0.122015 -0.072025 200.000000 200.000000 200.000000
v -0.094820 -0.325810 0.033846 200.000000 200.000000 200.000000
v -0.108190 0.202994 0.317425 200.000000 200.000000 200.000000
v 0.255785 0.745448 -0.447228 200.000000 200.000000 200.000000
v 0.012119 -0.111123 0.058594 200.000000 200.000000 200.000000
v 0.013124 0.721343 -0.152553 200.000000 200.000000 200.000000
v 0.248321 0.881519 -0.435784 200.000000 200.000000 200.000000
v 0.322233 0.107092 -0.059671 200.000000 200.000000 200.000000
v 0.146696 -0.637556 -0.026059 200.000000 200.000000 200.000000
v 0.204892 0.917198 -0.422481 200.000000 200.000000 200.000000
v 0.057661 0.504916 -0.017276 200.000000 200.000000 200.000000
v 0.116595 -0.511182 -0.049969 200.000000 200.000000 200.000000
v 0.232712 0.445180 -0.297571 200.000000 200.000000 200.000000
v -0.154150 -0.019084 -0.121548 200.000000 200.000000 200.000000
v 0.232600 -0.490595 -0.108152 200.000000 200.000000 200.000000
v 0.174257 0.816294 -0.194020 200.000000 200.000000 200.000000
v 0.332988 0.125861 -0.221889 200.000000 200.000000 200.000000
v 0.300322 0.261673 -0.293048 200.000000 200.000000 200.000000
v 0.022248 0.680383 -0.034576 200.000000 200.000000 200.000000
v -0.080950 0.040653 0.009816 200.000000 200.000000 200.000000
v 0.121049 0.978290 -0.335769 200.000000 200.000000 200.000000
v 0.336200 0.023753 -0.043763 200.000000 200.000000 200.000000
v 0.220722 0.796730 -0.433209 200.000000 200.000000 200.000000
v 0.212629 -0.647306 -0.019017 200.000000 200.000000 200.000000
v 0.076759 0.597044 -0.042593 200.000000 200.000000 200.000000
v 0.100773 -0.384199 -0.047890 200.000000 200.000000 200.000000
v -0.384055 0.204406 0.459786 200.000000 200.000000 200.000000
v 0.295800 -0.059594 -0.182211 200.000000 200.000000 200.000000
v 0.315705 0.317592 -0.024140 200.000000 200.000000 200.000000
v 0.329819 -0.080724 -0.026268 200.000000 200.000000 200.000000
v 0.249796 0.468635 -0.311596 200.000000 200.000000 200.000000
v -0.001675 -0.647056 -0.008666 200.000000 200.000000 200.000000
v 0.129726 0.833511 -0.194454 200.000000 200.000000 200.000000
v 0.089159 -0.263549 -0.065113 200.000000 200.000000 200.000000
v -0.126708 -0.209976 0.000259 200.000000 200.000000 200.000000
v -0.214833 -0.071075 -0.000823 200.000000 200.000000 200.000000
v 0.195113 -0.852253 -0.089346 200.000000 200.000000 200.000000
v -0.089820 -0.092259 0.034822 200.000000 200.000000 200.000000
v -0.108342 -0.231374 -0.069401 200.000000 200.000000 200.000000
v 0.297785 -0.051220 0.017687 200.000000 200.000000 200.000000
v 0.300633 -0.129385 -0.025649 200.000000 200.000000 200.000000
v 0.314697 0.494140 -0.358432 200.000000 200.000000 200.000000
v 0.305272 0.264915 0.001570 200.000000 200.000000 200.000000
v 0.204203 0.335738 0.083021 200.000000 200.000000 200.000000
v 0.227415 0.165961 0.075052 200.000000 200.000000 200.000000
v 0.095436 0.705610 -0.182338 200.000000 200.000000 200.000000
v 0.248420 0.611623 -0.249535 200.000000 200.000000 200.000000
v 0.276765 -0.171816 -0.175231 200.000000 200.000000 200.000000
v 0.332960 0.134100 -0.241593 200.000000 200.000000 200.000000
v 0.332546 0.161337 -0.107305 200.000000 200.000000 200.000000
v 0.393901 0.556722 -0.328754 200.000000 200.000000 200.000000
v 0.272647 0.473281 0.040936 200.000000 200.000000 200.000000
v -0.100623 -0.450743 -0.011533 200.000000 200.000000 200.000000
v 0.241003 0.471881 0.067918 200.000000 200.000000 200.000000
v 0.135971 0.914798 -0.320438 200.000000 200.000000 200.000000
v 0.053480 -0.440524 0.009564 200.000000 200.000000 200.000000
v 0.144358 0.693021 -0.022478 200.000000 200.000000 200.000000
v 0.210947 0.388498 0.093013 200.000000 200.000000 200.000000
v 0.239435 0.167421 -0.294677 200.000000 200.000000 200.000000
v 0.120013 -0.784229 -0.042951 200.000000 200.000000 200.000000
v 0.273413 0.776062 -0.358180 200.000000 200.000000 200.000000
v 0.108832 0.789055 -0.201998 200.000000 200.000000 200.000000
v 0.122505 -0.849718 -0.073548 200.000000 200.000000 200.000000
v 0.348078 0.018684 -0.205660 200.000000 200.000000 200.000000
v 0.073975 0.960040 -0.358342 200.000000 200.000000 200.000000
v 0.081539 -0.973746 -0.107975 200.000000 200.000000 200.000000
v 0.245170 0.170638 -0.296517 200.000000 200.000000 200.000000
v 0.224215 -0.851622 -0.001240 200.000000 200.000000 200.000000
v 0.261206 0.140914 -0.293777 200.000000 200.000000 200.000000
v 0.387158 0.553115 -0.251247 200.000000 200.000000 200.000000
v 0.242337 -0.384136 -0.119621 200.000000 200.000000 200.000000
v 0.238932 -0.764327 -0.075505 200.000000 200.000000 200.000000
v -0.005607 -0.059040 0.083468 200.000000 200.000000 200.000000
v 0.180473 -0.744107 -0.121838 200.000000 200.000000 200.000000
v -0.091164 -0.031654 0.056675 200.000000 200.000000 200.000000
v -0.055319 -0.165686 -0.027460 200.000000 200.000000 200.000000
v -0.174412 -0.142858 -0.012449 200.000000 200.000000 200.000000
v 0.064435 -0.074519 -0.140242 200.000000 200.000000 200.000000
v 0.295212 -0.167693 -0.047409 200.000000 200.000000 200.000000
v -0.138610 -0.171667 -0.053034 200.000000 200.000000 200.000000
v 0.232483 -0.528170 -0.084210 200.000000 200.000000 200.000000
v 0.239263 -0.342992 -0.054239 200.000000 200.000000 200.000000
v 0.230480 -0.440117 -0.107155 200.000000 200.000000 200.000000
v 0.143944 -0.435790 -0.184360 200.000000 200.000000 200.000000
v 0.082064 0.601936 -0.038417 200.000000 200.000000 200.000000
v 0.085298 0.830385 -0.192402 200.000000 200.000000 200.000000
v 0.229262 -0.462972 -0.091693 200.000000 200.000000 200.000000
v 0.137257 0.889202 -0.362271 200.000000 200.000000 200.000000
v 0.344283 0.672294 -0.472339 200.000000 200.000000 200.000000
v 0.144817 0.850899 -0.139204 200.000000 200.000000 200.000000
v 0.084616 0.653791 -0.011938 200.000000 200.000000 200.000000
v 0.343260 0.363704 -0.131321 200.000000 200.000000 200.000000
v 0.237123 -0.667695 -0.033145 200.000000 200.000000 200.000000
v -0.385981 0.201534 0.446378 200.000000 200.000000 200.000000
v 0.047375 -0.465787 0.024749 200.000000 200.000000 200.000000
v -0.060307 0.390312 0.139114 200.000000 200.000000 200.000000
v 0.116184 0.253544 0.071690 200.000000 200.000000 200.000000
v 0.001378 0.350966 0.229141 200.000000 200.000000 200.000000
v 0.235570 -0.711961 -0.101118 200.000000 200.000000 200.000000
v 0.256529 0.044996 0.076635 200.000000 200.000000 200.000000
v 0.048046 -0.151082 0.024821 200.000000 200.000000 200.000000
v 0.035906 0.370558 0.212780 200.000000 200.000000 200.000000
v 0.120537 -0.021197 0.133646 200.000000 200.000000 200.000000
v 0.328064 -0.012747 -0.255808 200.000000 200.000000 200.000000
v 0.112923 -0.461114 -0.049451 200.000000 200.000000 200.000000
v 0.236923 0.262045 0.067112 200.000000 200.000000 200.000000
v 0.271034 0.764299 -0.469996 200.000000 200.000000 200.000000
v 0.290745 0.621682 -0.345396 200.000000 200.000000 200.000000
v -0.060306 0.260180 0.306118 200.000000 200.000000 200.000000
v -0.321745 0.125482 0.447171 200.000000 200.000000 200.000000
v 0.195373 0.763725 -0.144705 200.000000 200.000000 200.000000
v 0.271988 0.504819 0.037194 200.000000 200.000000 200.000000
v -0.053534 -0.474123 0.036841 200.000000 200.000000 200.000000
v -0.168619 0.259915 0.377320 200.000000 200.000000 200.000000
v -0.035023 -0.637407 0.009221 200.000000 200.000000 200.000000
v 0.329832 0.154334 -0.056740 200.000000 200.000000 200.000000
v 0.099646 0.156525 -0.211657 200.000000 200.000000 200.000000
v 0.236516 -0.561457 -0.109655 200.000000 200.000000 200.000000
v 0.083630 -0.004962 -0.141330 200.000000 200.000000 200.000000
v -0.138937 0.322353 0.310010 200.000000 200.000000 200.000000
v 0.037424 0.287255 -0.124880 200.000000 200.000000 200.000000
v -0.239603 0.254389 0.403747 200.000000 200.000000 200.000000
v -0.181163 0.014686 -0.025464 200.000000 200.000000 200.000000
v 0.091183 0.263825 -0.203038 200.000000 200.000000 200.000000
v 0.209072 0.645347 -0.054260 200.000000 200.000000 200.000000
v 0.240086 0.498250 -0.278041 200.000000 200.000000 200.000000
v 0.022416 0.057247 -0.103431 200.000000 200.000000 200.000000
v 0.144037 -0.860412 0.011440 200.000000 200.000000 200.000000
v 0.289143 0.259272 -0.298730 200.000000 200.000000 200.000000
v 0.342427 0.297091 -0.120922 200.000000 200.000000 200.000000
v 0.228798 -0.015599 -0.290918 200.000000 200.000000 200.000000
v 0.275569 0.820388 -0.474320 200.000000 200.000000 200.000000
v -0.138465 -0.101575 0.011659 200.000000 200.000000 200.000000
v -0.120126 0.033453 -0.050721 200.000000 200.000000 200.000000
v 0.159272 0.639344 -0.008093 200.000000 200.000000 200.000000
v 0.272689 -0.178514 -0.039854 200.000000 200.000000 200.000000
v 0.232691 0.145354 0.073564 200.000000 200.000000 200.000000
v 0.306436 0.008187 -0.244375 200.000000 200.000000 200.000000
v 0.281561 0.662347 -0.411409 200.000000 200.000000 200.000000
v 0.319106 0.029877 -0.005174 200.000000 200.000000 200.000000
v 0.196506 -0.059893 -0.237074 200.000000 200.000000 200.000000
v -0.118614 0.226617 0.343693 200.000000 200.000000 200.000000
v 0.123560 -0.723839 -0.037995 200.000000 200.000000 200.000000
v 0.090870 -0.261154 -0.066047 200.000000 200.000000 200.000000
v 0.322149 0.676801 -0.480476 200.000000 200.000000 200.000000
v 0.088808 0.954975 -0.350401 200.000000 200.000000 200.000000
v 0.141322 -0.982123 0.009860 200.000000 200.000000 200.000000
v -0.076380 -0.299789 0.019766 200.000000 200.000000 200.000000
v 0.355834 0.793850 -0.404971 200.000000 200.000000 200.000000
v 0.184006 0.014294 0.129261 200.000000 200.000000 200.000000
v 0.394841 0.519517 -0.161266 200.000000 200.000000 200.000000
v 0.125640 0.875993 -0.380127 200.000000 200.000000 200.000000
v 0.019511 -0.982482 -0.091450 200.000000 200.000000 200.000000
v -0.043012 -0.136917 0.017101 200.000000 200.000000 200.000000
v 0.312900 0.731050 -0.484871 200.000000 200.000000 200.000000
v 0.127276 0.922355 -0.309194 200.000000 200.000000 200.000000
v 0.186108 0.671525 -0.005329 200.000000 200.000000 200.000000
v 0.219717 -0.487600 -0.059559 200.000000 200.000000 200.000000
v 0.151990 0.503481 0.108212 200.000000 200.000000 200.000000
v -0.214517 0.005860 -0.049020 200.000000 200.000000 200.000000
v 0.320423 0.118407 -0.028352 200.000000 200.000000 200.000000
v 0.004483 -0.564182 0.073005 200.000000 200.000000 200.000000
v 0.220666 0.794114 -0.090988 200.000000 200.000000 200.000000
v 0.137708 0.755721 -0.195418 200.000000 200.000000 200.000000
v 0.098809 0.517568 -0.142169 200.000000 200.000000 200.000000
v 0.245684 -0.026208 -0.226834 200.000000 200.000000 200.000000
v 0.138112 -0.820920 0.000051 200.000000 200.000000 200.000000
v 0.195719 0.173196 -0.273501 200.000000 200.000000 200.000000
v 0.224246 0.646147 -0.015168 200.000000 200.000000 200.000000
v 0.115812 0.442775 0.152829 200.000000 200.000000 200.000000
v 0.122179 -0.864206 -0.068328 200.000000 200.000000 200.000000
v 0.026234 0.690575 -0.024296 200.000000 200.000000 200.000000
v 0.300050 0.165977 0.007573 200.000000 200.000000 200.000000
v 0.124867 0.865099 -0.124824 200.000000 200.000000 200.000000
v -0.063144 -0.374445 -0.055854 200.000000 200.000000 200.000000
v 0.119450 -0.773784 -0.044329 200.000000 200.000000 200.000000
v 0.121163 -0.130751 0.075691 200.000000 200.000000 200.000000
v 0.334786 0.294622 -0.051350 200.000000 200.000000 200.000000
v 0.197430 0.678593 -0.111832 200.000000 200.000000 200.000000
v 0.114760 0.763931 0.002910 200.000000 200.000000 200.000000
v 0.317260 0.699427 -0.478372 200.000000 200.000000 200.000000
v 0.049573 0.418646 -0.139757 200.000000 200.000000 200.000000
v 0.204544 -0.722077 -0.123368 200.000000 200.000000 200.000000
v 0.223710 0.550499 -0.261001 200.000000 200.000000 200.000000
v 0.121942 -0.986002 -0.112877 200.000000 200.000000 200.000000
v 0.076916 0.376002 -0.167987 200.000000 200.000000 200.000000
v 0.359836 0.496000 -0.072093 200.000000 200.000000 200.000000
v 0.282212 0.389609 -0.316988 200.000000 200.000000 200.000000
v 0.343876 0.046235 -0.148837 200.000000 200.000000 200.000000
v 0.094847 -0.978628 -0.023385 200.000000 200.000000 200.000000
v 0.158570 -0.463362 -0.181316 200.000000 200.000000 200.000000
v 0.313756 0.106177 0.000927 200.000000 200.000000 200.000000
v 0.263591 0.834261 -0.468772 200.000000 200.000000 200.000000
v 0.203775 0.762759 -0.127472 200.000000 200.000000 200.000000
v 0.318356 0.006042 -0.239953 200.000000 200.000000 200.000000
v -0.306214 -0.130564 -0.044634 200.000000 200.000000 200.000000
v 0.035830 0.495307 -0.000941 200.000000 200.000000 200.000000
v 0.032448 0.577907 -0.111683 200.000000 200.000000 200.000000
v 0.020925 0.269682 -0.052626 200.000000 200.000000 200.000000
v -0.006276 0.418146 0.210430 200.000000 200.000000 200.000000
v 0.236138 0.246018 -0.287127 200.000000 200.000000 200.000000
v 0.140298 0.611539 0.086001 200.000000 200.000000 200.000000
v 0.343389 0.154979 -0.123234 200.000000 200.000000 200.000000
v 0.324045 0.181979 -0.065132 200.000000 200.000000 200.000000
v -0.025364 -0.104176 -0.106386 200.000000 200.000000 200.000000
v 0.299134 0.670940 -0.326110 200.000000 200.000000 200.000000
v 0.188493 -0.787275 0.008140 200.000000 200.000000 200.000000
v 0.292284 0.736656 -0.479063 200.000000 200.000000 200.000000
v 0.298523 0.600274 -0.416240 200.000000 200.000000 200.000000
v 0.132471 -0.056623 0.127151 200.000000 200.000000 200.000000
v -0.155575 -0.346804 0.008832 200.000000 200.000000 200.000000
v -0.121250 -0.015518 0.040494 200.000000 200.000000 200.000000
v 0.176559 0.715327 -0.170939 200.000000 200.000000 200.000000
v 0.041056 0.853297 -0.028903 200.000000 200.000000 200.000000
v 0.111123 0.047852 -0.226349 200.000000 200.000000 200.000000
v 0.077129 0.780599 0.014816 200.000000 200.000000 200.000000
v 0.219293 0.804407 -0.060091 200.000000 200.000000 200.000000
v 0.167251 0.281508 0.084524 200.000000 200.000000 200.000000
v 0.058101 0.290857 0.136257 200.000000 200.000000 200.000000
v 0.137498 0.041034 0.136199 200.000000 200.000000 200.000000
v -0.094738 -0.072853 0.044493 200.000000 200.000000 200.000000
v -0.164486 0.220555 0.255686 200.000000 200.000000 200.000000
v 0.347307 0.524129 -0.361524 200.000000 200.000000 200.000000
v 0.058593 0.425660 0.182423 200.000000 200.000000 200.000000
v 0.198113 0.770692 -0.138771 200.000000 200.000000 200.000000
v 0.120979 0.486080 -0.208973 200.000000 200.000000 200.000000
v 0.288366 0.017259 -0.296429 200.000000 200.000000 200.000000
v 0.232305 -0.857426 -0.024446 200.000000 200.000000 200.000000
v 0.340610 0.411155 -0.273207 200.000000 200.000000 200.000000
v 0.024811 0.015778 -0.092436 200.000000 200.000000 200.000000
v -0.056844 0.400694 0.145012 200.000000 200.000000 200.000000
v 0.122918 0.108353 -0.236389 200.000000 200.000000 200.000000
v 0.063231 0.292050 -0.157317 200.000000 200.000000 200.000000
v 0.340534 -0.046077 -0.143783 200.000000 200.000000 200.000000
v 0.307961 0.297430 -0.025197 200.000000 200.000000 200.000000
v 0.065573 -0.298351 -0.071843 200.000000 200.000000 200.000000
v 0.351879 0.797157 -0.401842 200.000000 200.000000 200.000000
v 0.201308 -0.959553 -0.035950 200.000000 200.000000 200.000000
v 0.318558 0.422495 -0.029401 200.000000 200.000000 200.000000
v 0.316965 0.411793 -0.031772 200.000000 200.000000 200.000000
v 0.032192 0.009407 -0.081914 200.000000 200.000000 200.000000
v 0.342458 0.374890 -0.265547 200.000000 200.000000 200.000000
v 0.074132 -0.375727 -0.113148 200.000000 200.000000 200.000000
v 0.144391 -0.736215 -0.116358 200.000000 200.000000 200.000000
v 0.333838 0.233155 -0.234308 200.000000 200.000000 200.000000
v 0.115398 -0.688824 -0.078227 200.000000 200.000000 200.000000
v -0.014015 0.765342 -0.010361 200.000000 200.000000 200.000000
v -0.235781 0.263137 0.367866 200.000000 200.000000 200.000000
v 0.127308 0.863021 -0.134302 200.000000 200.000000 200.000000
v 0.193774 -0.827808 0.014388 200.000000 200.000000 200.000000
v 0.019647 0.588283 -0.104708 200.000000 200.000000 200.000000
v 0.191833 0.624608 0.067459 200.000000 200.000000 200.000000
v 0.346280 0.649945 -0.269178 200.000000 200.000000 200.000000
v 0.166769 0.850325 -0.161175 200.000000 200.000000 200.000000
v 0.099408 -0.232797 -0.194341 200.000000 200.000000 200.000000
v 0.031187 0.015346 -0.104368 200.000000 200.000000 200.000000
v 0.300250 0.229459 -0.289940 200.000000 200.000000 200.000000
v 0.208047 -0.541692 -0.041968 200.000000 200.000000 200.000000
v 0.161470 0.595685 0.043342 200.000000 200.000000 200.000000
v 0.305334 0.751088 -0.363373 200.000000 200.000000 200.000000
v 0.035191 0.828129 -0.175386 200.000000 200.000000 200.000000
v 0.018282 0.419943 -0.046664 200.000000 200.000000 200.000000
v -0.327289 0.136451 0.465774 200.000000 200.000000 200.000000
v 0.351370 0.623049 -0.187535 200.000000 200.000000 200.000000
v -0.032187 -0.341695 0.007767 200.000000 200.000000 200.000000
v 0.075015 -0.264782 -0.159000 200.000000 200.000000 200.000000
v 0.124531 0.900531 -0.329147 200.000000 200.000000 200.000000
v -0.133556 -0.358823 0.024167 200.000000 200.000000 200.000000
v 0.175722 0.821066 -0.170000 200.000000 200.000000 200.000000
v -0.030708 -0.147919 0.008815 200.000000 200.000000 200.000000
v 0.292412 0.229612 -0.000249 200.000000 200.000000 200.000000
v -0.119613 -0.201981 -0.061471 200.000000 200.000000 200.000000
v -0.200159 0.283131 0.319212 200.000000 200.000000 200.000000
v 0.041329 0.791264 0.020349 200.000000 200.000000 200.000000
v 0.295737 0.742537 -0.482760 200.000000 200.000000 200.000000
v -0.086105 0.032251 0.023078 200.000000 200.000000 200.000000
v 0.167383 -0.523421 -0.026748 200.000000 200.000000 200.000000
v 0.167099 -0.945281 -0.060729 200.000000 200.000000 200.000000
v 0.012646 0.736016 -0.014574 200.000000 200.000000 200.000000
v 0.056137 0.148325 -0.113792 200.000000 200.000000 200.000000
v 0.119449 0.399954 -0.221038 200.000000 200.000000 200.000000
v -0.300706 -0.185356 -0.098334 200.000000 200.000000 200.000000
v -0.283911 -0.118009 -0.034785 200.000000 200.000000 200.000000
v 0.318089 -0.019589 -0.187835 200.000000 200.000000 200.000000
v 0.034799 -0.107235 -0.110476 200.000000 200.000000 200.000000
v 0.159732 0.858985 -0.351498 200.000000 200.000000 200.000000
v 0.153911 0.356736 -0.244052 200.000000 200.000000 200.000000
v 0.203494 -0.205544 -0.229788 200.000000 200.000000 200.000000
v 0.195997 0.845559 -0.110744 200.000000 200.000000 200.000000
v 0.181047 -0.313197 -0.035285 200.000000 200.000000 200.000000
v 0.251446 -0.178875 -0.032557 200.000000 200.000000 200.000000
v 0.020160 0.267951 -0.035686 200.000000 200.000000 200.000000
v 0.186053 0.665826 -0.159377 200.000000 200.000000 200.000000
v 0.145192 -0.542652 -0.171678 200.000000 200.000000 200.000000
v -0.119934 -0.343716 -0.075060 200.000000 200.000000 200.000000
v 0.071419 0.081183 -0.173204 200.000000 200.000000 200.000000
v 0.195761 0.767418 -0.153011 200.000000 200.000000 200.000000
v 0.174813 0.644290 -0.000704 200.000000 200.000000 200.000000
v 0.054430 0.540333 0.036179 200.000000 200.000000 200.000000
v 0.125018 -0.934658 -0.007500 200.000000 200.000000 200.000000
v 0.021631 0.276871 -0.082042 200.000000 200.000000 200.000000
v 0.338221 0.109411 -0.238287 200.000000 200.000000 200.000000
v 0.318940 0.196834 -0.275355 200.000000 200.000000 200.000000
v -0.076697 -0.079052 0.047806 200.000000 200.000000 200.000000
v -0.101160 0.304328 0.330165 200.000000 200.000000 200.000000
v -0.011544 -0.564053 0.081910 200.000000 200.000000 200.000000
v 0.187693 -0.403053 -0.183635 200.000000 200.000000 200.000000
v 0.220572 -0.396362 -0.167404 200.000000 200.000000 200.000000
v 0.266878 0.636965 -0.097748 200.000000 200.000000 200.000000
v -0.111679 0.325115 0.311524 200.000000 200.000000 200.000000
v 0.243713 -0.659688 -0.099802 200.000000 200.000000 200.000000
v 0.320319 0.485089 -0.349852 200.000000 200.000000 200.000000
v 0.241126 0.430643 -0.311197 200.000000 200.000000 200.000000
v -0.058982 0.020801 -0.070791 200.000000 200.000000 200.000000
v 0.269919 0.001711 -0.247030 200.000000 200.000000 200.000000
v 0.140491 0.456520 0.132458 200.000000 200.000000 200.000000
v 0.173480 0.825044 -0.141302 200.000000 200.000000 200.000000
v 0.184048 -0.538717 -0.025477 200.000000 200.000000 200.000000
v 0.113829 0.838624 -0.008918 200.000000 200.000000 200.000000
v -0.145412 -0.194304 -0.096028 200.000000 200.000000 200.000000
v 0.100057 0.155293 -0.211490 200.000000 200.000000 200.000000
v 0.191568 0.879140 -0.440718 200.000000 200.000000 200.000000
v 0.149944 -0.431163 -0.192475 200.000000 200.000000 200.000000
v 0.317828 0.628093 -0.178934 200.000000 200.000000 200.000000
v 0.078205 0.946172 -0.352909 200.000000 200.000000 200.000000
v 0.090156 -0.402757 -0.175542 200.000000 200.000000 200.000000
v 0.126244 -0.098989 -0.205042 200.000000 200.000000 200.000000
v 0.293035 0.735060 -0.368817 200.000000 200.000000 200.000000
v 0.196467 -0.825194 -0.097494 200.000000 200.000000 200.000000
v 0.129757 0.903341 -0.363204 200.000000 200.000000 200.000000
v 0.142636 -0.988586 -0.095696 200.000000 200.000000 200.000000
v 0.262043 0.769756 -0.464012 200.000000 200.000000 200.000000
v -0.021113 0.781982 -0.031188 200.000000 200.000000 200.000000
v -0.066320 -0.097009 0.039814 200.000000 200.000000 200.000000
v -0.105788 -0.224689 -0.054183 200.000000 200.000000 200.000000
v 0.033907 0.133913 -0.111049 200.000000 200.000000 200.000000
v -0.207885 -0.033521 -0.147016 200.000000 200.000000 200.000000
v -0.033455 -0.652339 0.048020 200.000000 200.000000 200.000000
v 0.023840 0.635189 -0.045478 200.000000 200.000000 200.000000
v 0.076799 0.643879 -0.168731 200.000000 200.000000 200.000000
v 0.261024 -0.302890 -0.136294 200.000000 200.000000 200.000000
v 0.221237 0.659556 -0.131781 200.000000 200.000000 200.000000
v -0.123323 0.316434 0.222034 200.000000 200.000000 200.000000
v -0.138278 -0.242262 -0.105873 200.000000 200.000000 200.000000
v -0.030133 0.769712 -0.033890 200.000000 200.000000 200.000000
v 0.311951 0.092748 -0.012503 200.000000 200.000000 200.000000
v 0.113353 -0.007820 -0.202137 200.000000 200.000000 200.000000
v 0.225515 0.068484 0.098069 200.000000 200.000000 200.000000
v 0.340004 0.641703 -0.243120 200.000000 200.000000 200.000000
v -0.142883 0.030374 -0.040495 200.000000 200.000000 200.000000
v 0.264094 0.463042 0.051117 200.000000 200.000000 200.000000
v 0.297453 0.626478 -0.175228 200.000000 200.000000 200.000000
v 0.315860 0.146444 -0.029555 200.000000 200.000000 200.000000
v 0.132455 0.182891 -0.251339 200.000000 200.000000 200.000000
v 0.253178 0.813390 -0.471343 200.000000 200.000000 200.000000
v 0.114302 -0.838858 -0.036111 200.000000 200.000000 200.000000
v 0.062339 -0.131775 -0.148854 200.000000 200.000000 200.000000
v 0.258123 0.753372 -0.454189 200.000000 200.000000 200.000000
v 0.268355 -0.251630 -0.081980 200.000000 200.000000 200.000000
v 0.118104 0.290816 0.096451 200.000000 200.000000 200.000000
v 0.096087 0.169776 0.034277 200.000000 200.000000 200.000000
v 0.327695 0.203847 -0.230391 200.000000 200.000000 200.000000
v 0.256175 -0.184503 -0.201355 200.000000 200.000000 200.000000
v -0.306146 -0.157854 -0.055781 200.000000 200.000000 200.000000
v 0.061370 0.345272 -0.129734 200.000000 200.000000 200.000000
v 0.378857 0.490882 -0.193697 200.000000 200.000000 200.000000
v 0.126639 0.137953 0.121752 200.000000 200.000000 200.000000
v -0.022113 0.049702 -0.019615 200.000000 200.000000 200.000000
v 0.254182 0.653244 -0.048335 200.000000 200.000000 200.000000
v 0.283960 -0.116681 -0.190212 200.000000 200.000000 200.000000
v 0.015187 0.394270 -0.032491 200.000000 200.000000 200.000000
v 0.189746 0.090498 0.122235 200.000000 200.000000 200.000000
v 0.157937 0.707046 -0.179040 200.000000 200.000000 200.000000
v 0.180830 0.907176 -0.429682 200.000000 200.000000 200.000000
v 0.169226 0.441409 0.120432 200.000000 200.000000 200.000000
v 0.097293 0.229215 -0.181601 200.000000 200.000000 200.000000
v 0.275015 -0.054044 -0.210919 200.000000 200.000000 200.000000
v 0.062730 -0.252517 -0.071392 200.000000 200.000000 200.000000
v -0.027236 -0.607097 0.070206 200.000000 200.000000 200.000000
v 0.386668 0.672612 -0.353903 200.000000 200.000000 200.000000
v 0.091981 -0.999381 -0.040545 200.000000 200.000000 200.000000
v -0.216362 -0.155788 0.007880 200.000000 200.000000 200.000000
v 0.232625 -0.727962 -0.101038 200.000000 200.000000 200.000000
v 0.109292 0.298156 0.102702 200.000000 200.000000 200.000000
v 0.122994 -0.405395 -0.040836 200.000000 200.000000 200.000000
v 0.369204 0.514387 -0.074110 200.000000 200.000000 200.000000
v 0.065446 0.140818 -0.195864 200.000000 200.000000 200.000000
v -0.006968 0.647521 -0.080764 200.000000 200.000000 200.000000
v 0.142900 -0.092274 -0.218371 200.000000 200.000000 200.000000
v -0.259149 -0.100721 -0.022958 200.000000 200.000000 200.000000
v 0.213031 0.801505 -0.445216 200.000000 200.000000 200.000000
v -0.232051 -0.165775 -0.150071 200.000000 200.000000 200.000000
v -0.243543 0.266407 0.361202 200.000000 200.000000 200.000000
v -0.259989 -0.236105 -0.054947 200.000000 200.000000 200.000000
v 0.189933 -0.321576 -0.209067 200.000000 200.000000 200.000000
v 0.253021 0.881943 -0.361741 200.000000 200.000000 200.000000
v 0.142881 0.498833 -0.207518 200.000000 200.000000 200.000000
v 0.233560 0.581833 -0.259122 200.000000 200.000000 200.000000
v -0.332945 -0.121148 -0.075395 200.000000 200.000000 200.000000
v 0.341290 0.681832 -0.319135 200.000000 200.000000 200.000000
v -0.130658 0.190011 0.332937 200.000000 200.000000 200.000000
v 0.354255 0.435382 -0.097739 200.000000 200.000000 200.000000
v 0.203437 0.934746 -0.368499 200.000000 200.000000 200.000000
v 0.067849 0.523593 -0.068410 200.000000 200.000000 200.000000
v 0.302996 0.571171 -0.416216 200.000000 200.000000 200.000000
v 0.209339 -0.170901 -0.026809 200.000000 200.000000 200.000000
v 0.348209 0.305542 -0.175484 200.000000 200.000000 200.000000
v 0.196456 -0.312637 -0.035239 200.000000 200.000000 200.000000
v 0.351648 -0.027722 -0.096456 200.000000 200.000000 200.000000
v 0.032020 0.005405 -0.066910 200.000000 200.000000 200.000000
v -0.322968 -0.048741 -0.117396 200.000000 200.000000 200.000000
v 0.129492 0.053134 -0.242955 200.000000 200.000000 200.000000
v 0.154749 0.910051 -0.381903 200.000000 200.000000 200.000000
v -0.012006 0.368958 0.051036 200.000000 200.000000 200.000000
v 0.312900 0.832617 -0.444617 200.000000 200.000000 200.000000
v 0.129457 -0.554954 -0.042267 200.000000 200.000000 200.000000
v 0.335184 0.303667 -0.100801 200.000000 200.000000 200.000000
v 0.038745 -0.999302 -0.081434 200.000000 200.000000 200.000000
v -0.192743 -0.308108 -0.063117 200.000000 200.000000 200.000000
v -0.286803 -0.200631 -0.062314 200.000000 200.000000 200.000000
v 0.168513 0.742427 -0.018857 200.000000 200.000000 200.000000
v -0.282437 0.210245 0.445325 200.000000 200.000000 200.000000
v 0.222218 -0.804891 -0.086128 200.000000 200.000000 200.000000
v 0.340055 -0.016241 -0.226575 200.000000 200.000000 200.000000
v 0.147074 -0.513496 -0.166949 200.000000 200.000000 200.000000
v 0.218431 0.665178 -0.034808 200.000000 200.000000 200.000000
v 0.192230 0.163587 0.093110 200.000000 200.000000 200.000000
v -0.021808 0.755407 -0.083869 200.000000 200.000000 200.000000
v 0.214349 -0.659723 -0.135607 200.000000 200.000000 200.000000
v -0.036528 -0.582981 0.038819 200.000000 200.000000 200.000000
v 0.190022 0.244241 -0.274482 200.000000 200.000000 200.000000
v 0.074818 -0.471263 -0.125016 200.000000 200.000000 200.000000
v 0.093776 0.282977 0.086610 200.000000 200.000000 200.000000
v -0.383345 0.135451 0.441628 200.000000 200.000000 200.000000
v -0.339039 -0.071042 -0.115205 200.000000 200.000000 200.000000
v 0.214572 -0.382492 -0.179369 200.000000 200.000000 200.000000
v -0.125128 -0.163979 -0.091919 200.000000 200.000000 200.000000
v -0.167734 -0.082443 -0.147176 200.000000 200.000000 200.000000
v -0.236945 -0.229201 -0.107562 200.000000 200.000000 200.000000
v 0.330796 0.699244 -0.487484 200.000000 200.000000 200.000000
v 0.325711 0.822287 -0.395617 200.000000 200.000000 200.000000
v 0.241915 -0.753431 -0.048586 200.000000 200.000000 200.000000
v -0.334135 0.216532 0.442191 200.000000 200.000000 200.000000
v 0.132290 -0.047506 -0.197681 200.000000 200.000000 200.000000
v 0.225994 0.107004 -0.286592 200.000000 200.000000 200.000000
v -0.130665 0.203676 0.260100 200.000000 200.000000 200.000000
v 0.327996 0.382409 -0.071774 200.000000 200.000000 200.000000
v 0.214266 0.578527 0.083268 200.000000 200.000000 200.000000
v 0.346053 -0.014354 -0.050337 200.000000 200.000000 200.000000
v 0.079257 0.621700 -0.179007 200.000000 200.000000 200.000000
v 0.278154 0.753498 -0.474067 200.000000 200.000000 200.000000
v 0.312466 0.545699 -0.396274 200.000000 200.000000 200.000000
v 0.065909 0.535304 -0.037533 200.000000 200.000000 200.000000
v -0.196170 -0.297769 -0.001017 200.000000 200.000000 200.000000
v 0.293068 0.188584 -0.003871 200.000000 200.000000 200.000000
v -0.111797 -0.045539 -0.119951 200.000000 200.000000 200.000000
v -0.184283 0.180622 0.309539 200.000000 200.000000 200.000000
v -0.302985 0.168910 0.374264 200.000000 200.000000 200.000000
v 0.124206 -0.113929 -0.206310 200.000000 200.000000 200.000000
v 0.293729 0.026166 -0.296260 200.000000 200.000000 200.000000
v 0.213617 -0.721428 -0.120275 200.000000 200.000000 200.000000
v 0.035618 0.077126 0.064924 200.000000 200.000000 200.000000
v -0.110264 0.034326 0.000120 200.000000 200.000000 200.000000
v 0.165245 0.589390 -0.186131 200.000000 200.000000 200.000000
v -0.173274 -0.283380 0.013138 200.000000 200.000000 200.000000
v 0.348839 0.005449 -0.197959 200.000000 200.000000 200.000000
v 0.294656 0.243381 -0.007215 200.000000 200.000000 200.000000
v -0.021823 0.350283 0.086274 200.000000 200.000000 200.000000
v 0.323698 0.821578 -0.388815 200.000000 200.000000 200.000000
v -0.346996 0.123385 0.448626 200.000000 200.000000 200.000000
v 0.341017 -0.076869 -0.101748 200.000000 200.000000 200.000000
v 0.312889 0.168292 -0.029411 200.000000 200.000000 200.000000
v 0.105562 -0.057244 -0.173249 200.000000 200.000000 200.000000
v 0.208932 -0.913936 0.012103 200.000000 200.000000 200.000000
v 0.010815 0.685485 -0.149743 200.000000 200.000000 200.000000
v 0.077266 -0.157126 -0.165241 200.000000 200.000000 200.000000
v 0.248556 0.115269 -0.288545 200.000000 200.000000 200.000000
v 0.027403 -0.159158 -0.105136 200.000000 200.000000 200.000000
v -0.135852 -0.196365 -0.000063 200.000000 200.000000 200.000000
v 0.108928 -0.287946 -0.202636 200.000000 200.000000 200.000000
v -0.102086 -0.229349 -0.047770 200.000000 200.000000 200.000000
v 0.207332 -0.478636 -0.150681 200.000000 200.000000 200.000000
v 0.031244 0.332824 -0.052056 200.000000 200.000000 200.000000
v 0.321987 0.084184 -0.041270 200.000000 200.000000 200.000000
v 0.230070 0.057900 -0.290730 200.000000 200.000000 200.000000
v -0.312327 0.228712 0.388494 200.000000 200.000000 200.000000
v 0.336083 0.220741 -0.124270 200.000000 200.000000 200.000000
v -0.074605 0.288334 0.304075 200.000000 200.000000 200.000000
v 0.178199 0.368740 0.107977 200.000000 200.000000 200.000000
v 0.071347 0.542400 -0.045040 200.000000 200.000000 200.000000
v 0.011245 -0.535011 0.000700 200.000000 200.000000 200.000000
v 0.091252 0.027237 -0.196318 200.000000 200.000000 200.000000
v 0.008982 0.276978 -0.025778 200.000000 200.000000 200.000000
v 0.177379 0.051864 0.129815 200.000000 200.000000 200.000000
v 0.168038 -0.643657 -0.018369 200.000000 200.000000 200.000000
v 0.127959 0.204310 0.093823 200.000000 200.000000 200.000000
v 0.360157 0.581930 -0.390946 200.000000 200.000000 200.000000
v 0.292068 0.785166 -0.354135 200.000000 200.000000 200.000000
v -0.267561 0.140816 0.442606 200.000000 200.000000 200.000000
v 0.064323 -0.980048 -0.050619 200.000000 200.000000 200.000000
v 0.285083 0.508682 0.010914 200.000000 200.000000 200.000000
v 0.341822 0.751619 -0.498886 200.000000 200.000000 200.000000
v 0.343276 0.042215 -0.178568 200.000000 200.000000 200.000000
v 0.384993 0.547736 -0.262717 200.000000 200.000000 200.000000
v -0.079252 0.367179 0.262993 200.000000 200.000000 200.000000
v 0.068661 0.521780 0.141100 200.000000 200.000000 200.000000
v -0.032202 -0.426399 -0.027822 200.000000 200.000000 200.000000
v 0.170522 -0.097290 0.097175 200.000000 200.000000 200.000000
v -0.060228 -0.317557 -0.051085 200.000000 200.000000 200.000000
v 0.125875 0.647988 -0.165782 200.000000 200.000000 200.000000
v 0.142242 0.275230 -0.264702 200.000000 200.000000 200.000000
v 0.050969 -0.968278 -0.091898 200.000000 200.000000 200.000000
v -0.187571 -0.037172 0.015081 200.000000 200.000000 200.000000
v 0.240815 -0.643972 -0.107264 200.000000 200.000000 200.000000
v 0.339457 0.089466 -0.107076 200.000000 200.000000 200.000000
v 0.189885 0.810182 -0.118571 200.000000 200.000000 200.000000
v 0.213867 -0.383203 -0.042484 200.000000 200.000000 200.000000
v -0.027810 -0.668139 0.027603 200.000000 200.000000 200.000000
v 0.049853 -0.986120 -0.127284 200.000000 200.000000 200.000000
v 0.189897 0.895750 -0.434775 200.000000 200.000000 200.000000
v 0.342599 0.141094 -0.099694 200.000000 200.000000 200.000000
v 0.305651 0.138020 -0.023086 200.000000 200.000000 200.000000
v 0.078255 -0.350383 -0.066706 200.000000 200.000000 200.000000
v -0.382124 0.152722 0.462791 200.000000 200.000000 200.000000
v 0.078947 0.240104 0.040632 200.000000 200.000000 200.000000
v 0.194642 0.619057 0.009963 200.000000 200.000000 200.000000
v 0.381992 0.535525 -0.315476 200.000000 200.000000 200.000000
v -0.194348 -0.076839 -0.156488 200.000000 200.000000 200.000000
v 0.019773 0.493030 0.031046 200.000000 200.000000 200.000000
v 0.402011 0.696290 -0.409513 200.000000 200.000000 200.000000
v 0.256742 -0.343724 -0.107328 200.000000 200.000000 200.000000
v 0.124846 -0.679711 -0.117879 200.000000 200.000000 200.000000
v -0.070603 0.393277 0.198803 200.000000 200.000000 200.000000
v 0.045563 -0.460947 0.041916 200.000000 200.000000 200.000000
v 0.070371 -0.157505 -0.033047 200.000000 200.000000 200.000000
v -0.051997 0.294431 0.284860 200.000000 200.000000 200.000000
v 0.030892 0.411010 -0.082678 200.000000 200.000000 200.000000
v 0.279480 0.594482 0.034101 200.000000 200.000000 200.000000
v -0.056737 -0.514314 0.017826 200.000000 200.000000 200.000000
v 0.210385 -0.888359 -0.055479 200.000000 200.000000 200.000000
v 0.323201 0.386354 -0.057507 200.000000 200.000000 200.000000
v 0.187883 -0.849341 -0.093034 200.000000 200.000000 200.000000
v 0.306251 0.175025 -0.004477 200.000000 200.000000 200.000000
v 0.288112 0.307295 0.003383 200.000000 200.000000 200.000000
v -0.299922 0.135606 0.452535 200.000000 200.000000 200.000000
v 0.068579 0.545747 0.015015 200.000000 200.000000 200.000000
v 0.179400 -0.366938 -0.198670 200.000000 200.000000 200.000000
v 0.151563 -0.172498 -0.230563 200.000000 200.000000 200.000000
v 0.004161 -0.621906 0.025205 200.000000 200.000000 200.000000
v 0.107037 -0.933774 -0.031877 200.000000 200.000000 200.000000
v 0.331961 -0.089550 -0.040239 200.000000 200.000000 200.000000
v 0.264891 0.251905 -0.299582 200.000000 200.000000 200.000000
v 0.203761 -0.364044 -0.037618 200.000000 200.000000 200.000000
v 0.136099 -0.032309 0.132596 200.000000 200.000000 200.000000
v -0.290929 0.123783 0.427610 200.000000 200.000000 200.000000
v 0.072567 -0.249308 -0.068359 200.000000 200.000000 200.000000
v 0.190657 0.553888 -0.236494 200.000000 200.000000 200.000000
v -0.248138 0.213550 0.440176 200.000000 200.000000 200.000000
v 0.063713 0.953334 -0.350995 200.000000 200.000000 200.000000
v -0.077929 0.333739 0.302080 200.000000 200.000000 200.000000
v 0.072768 0.075207 -0.180496 200.000000 200.000000 200.000000
v 0.172712 0.614653 0.018519 200.000000 200.000000 200.000000
v -0.131634 -0.043535 0.039783 200.000000 200.000000 200.000000
v 0.246535 -0.185556 -0.213254 200.000000 200.000000 200.000000
v -0.185633 -0.203724 0.019117 200.000000 200.000000 200.000000
v 0.337205 0.596685 -0.425742 200.000000 200.000000 200.000000
v 0.103749 -0.620086 -0.074135 200.000000 200.000000 200.000000
v 0.199683 -0.562804 -0.027931 200.000000 200.000000 200.000000
v -0.219552 -0.085064 -0.164814 200.000000 200.000000 200.000000
v 0.153969 0.688259 -0.038049 200.000000 200.000000 200.000000
v 0.331384 0.124603 -0.208690 200.000000 200.000000 200.000000
v 0.355266 0.436084 -0.273761 200.000000 200.000000 200.000000
v 0.217158 0.006089 0.116689 200.000000 200.000000 200.000000
v 0.351158 -0.051928 -0.151205 200.000000 200.000000 200.000000
v -0.103606 -0.052107 -0.119600 200.000000 200.000000 200.000000
v 0.025722 0.636836 -0.043745 200.000000 200.000000 200.000000
v 0.077578 0.535533 0.127797 200.000000 200.000000 200.000000
v 0.082096 0.867369 -0.053497 200.000000 200.000000 200.000000
v 0.211714 -0.606652 -0.141961 200.000000 200.000000 200.000000
v 0.165010 0.263033 0.090164 200.000000 200.000000 200.000000
v -0.011614 0.472767 0.118697 200.000000 200.000000 200.000000
v 0.187470 0.787439 -0.162596 200.000000 200.000000 200.000000
v 0.328203 0.239461 -0.074946 200.000000 200.000000 200.000000
v 0.232822 0.445735 -0.302405 200.000000 200.000000 200.000000
v 0.271024 -0.218176 -0.169311 200.000000 200.000000 200.000000
v 0.159406 0.465530 -0.233829 200.000000 200.000000 200.000000
v 0.049691 0.200692 -0.122987 200.000000 200.000000 200.000000
v 0.140347 -0.033499 0.132243 200.000000 200.000000 200.000000
v 0.245419 0.760700 -0.384013 200.000000 200.000000 200.000000
v 0.267035 0.411685 -0.316622 200.000000 200.000000 200.000000
v 0.317042 0.277653 -0.272579 200.000000 200.000000 200.000000
v 0.056908 0.581444 -0.164070 200.000000 200.000000 200.000000
v 0.203915 0.676589 -0.068019 200.000000 200.000000 200.000000
v -0.138550 0.305696 0.235640 200.000000 200.000000 200.000000
v 0.229660 0.142975 0.073524 200.000000 200.000000 200.000000
v 0.052770 -0.159135 -0.031422 200.000000 200.000000 200.000000
v 0.022252 0.348869 -0.031016 200.000000 200.000000 200.000000
v 0.167502 -0.105216 0.092874 200.000000 200.000000 200.000000
v 0.239611 0.459699 -0.303607 200.000000 200.000000 200.000000
v 0.367791 0.431815 -0.154551 200.000000 200.000000 200.000000
v -0.071948 -0.437073 -0.039993 200.000000 200.000000 200.000000
v -0.147402 0.169489 0.303689 200.000000 200.000000 200.000000
v 0.381460 0.672819 -0.332997 200.000000 200.000000 200.000000
v 0.044873 0.258009 -0.114673 200.000000 200.000000 200.000000
v -0.254418 -0.068541 -0.014553 200.000000 200.000000 200.000000
v 0.083578 -0.205342 -0.064113 200.000000 200.000000 200.000000
v 0.094817 0.803670 -0.201307 200.000000 200.000000 200.000000
v 0.302393 -0.008867 -0.287828 200.000000 200.000000 200.000000
v 0.393187 0.601077 -0.308955 200.000000 200.000000 200.000000
v 0.250372 0.657837 -0.064243 200.000000 200.000000 200.000000
v 0.297557 0.587268 -0.005096 200.000000 200.000000 200.000000
v 0.029688 0.818305 -0.002654 200.000000 200.000000 200.000000
v 0.049320 0.482113 -0.072052 200.000000 200.000000 200.000000
v 0.378126 0.735530 -0.396179 200.000000 200.000000 200.000000
v 0.157091 0.263650 -0.267584 200.000000 200.000000 200.000000
v 0.348811 0.649429 -0.267451 200.000000 200.000000 200.000000
v 0.217504 0.584911 -0.182188 200.000000 200.000000 200.000000
v 0.397571 0.663880 -0.423382 200.000000 200.000000 200.000000
v 0.322200 0.643163 -0.257808 200.000000 200.000000 200.000000
v 0.077575 0.782292 0.012898 200.000000 200.000000 200.000000
v 0.286884 0.562041 -0.357871 200.000000 200.000000 200.000000
v -0.352660 0.215778 0.419012 200.000000 200.000000 200.000000
v 0.053994 0.527834 0.019054 200.000000 200.000000 200.000000
v 0.123140 0.904589 -0.320117 200.000000 200.000000 200.000000
v 0.068205 0.549861 0.102897 200.000000 200.000000 200.000000
v 0.108356 0.577761 -0.175059 200.000000 200.000000 200.000000
v 0.182868 0.789306 -0.126162 200.000000 200.000000 200.000000
v -0.033456 0.758364 -0.031990 200.000000 200.000000 200.000000
v -0.168011 -0.258772 -0.114676 200.000000 200.000000 200.000000
v 0.164515 0.161254 0.105005 200.000000 200.000000 200.000000
v 0.131635 0.776192 -0.197541 200.000000 200.000000 200.000000
v -0.049047 -0.487168 0.043348 200.000000 200.000000 200.000000
v 0.011412 0.783402 -0.163007 200.000000 200.000000 200.000000
v 0.283697 0.608864 -0.332598 200.000000 200.000000 200.000000
v 0.262478 0.477494 0.048480 200.000000 200.000000 200.000000
v 0.223509 -0.364069 -0.169133 200.000000 200.000000 200.000000
v 0.051024 0.084412 0.103260 200.000000 200.000000 200.000000
v 0.094127 0.243733 -0.189913 200.000000 200.000000 200.000000
v 0.274628 0.596024 -0.309818 200.000000 200.000000 200.000000
v 0.221313 -0.600201 -0.134641 200.000000 200.000000 200.000000
v 0.327424 0.533524 -0.382899 200.000000 200.000000 200.000000
v -0.036065 0.792798 -0.058156 200.000000 200.000000 200.000000
v 0.289434 0.409308 0.017172 200.000000 200.000000 200.000000
v -0.043992 -0.354305 0.029575 200.000000 200.000000 200.000000
v 0.025655 0.109963 0.065415 200.000000 200.000000 200.000000
v -0.034999 -0.583694 0.010206 200.000000 200.000000 200.000000
v 0.205048 0.746346 -0.077806 200.000000 200.000000 200.000000
v 0.172820 -0.464564 -0.040587 200.000000 200.000000 200.000000
v 0.004492 0.648980 -0.115228 200.000000 200.000000 200.000000
v -0.058254 0.026990 0.048558 200.000000 200.000000 200.000000
v -0.149405 -0.339146 -0.061500 200.000000 200.000000 200.000000
v 0.086789 0.173923 -0.119643 200.000000 200.000000 200.000000
v 0.133052 -0.785469 -0.009431 200.000000 200.000000 200.000000
v 0.042465 0.246602 -0.111297 200.000000 200.000000 200.000000
v 0.356236 0.372770 -0.195495 200.000000 200.000000 200.000000
v 0.397440 0.581728 -0.207075 200.000000 200.000000 200.000000
v 0.102153 -0.282306 -0.194732 200.000000 200.000000 200.000000
v 0.232121 0.598866 -0.179888 200.000000 200.000000 200.000000
v 0.301410 -0.186384 -0.091227 200.000000 200.000000 200.000000
v -0.198951 0.145169 0.366790 200.000000 200.000000 200.000000
v 0.042292 0.115533 -0.167745 200.000000 200.000000 200.000000
v 0.008681 0.056460 0.070317 200.000000 200.000000 200.000000
v 0.137201 -0.189197 -0.226129 200.000000 200.000000 200.000000
v 0.184147 -0.047663 0.117522 200.000000 200.000000 200.000000
v -0.190411 -0.194544 0.017898 200.000000 200.000000 200.000000
v -0.007654 0.021392 0.077089 200.000000 200.000000 200.000000
v 0.145601 0.524975 -0.194865 200.000000 200.000000 200.000000
v -0.020989 0.250267 0.269212 200.000000 200.000000 200.000000
v 0.220069 -0.636277 -0.025124 200.000000 200.000000 200.000000
v 0.342261 0.228480 -0.162142 200.000000 200.000000 200.000000
v 0.278181 0.712959 -0.442784 200.000000 200.000000 200.000000
v -0.029331 0.347465 0.279391 200.000000 200.000000 200.000000
v 0.181093 0.386737 -0.253112 200.000000 200.000000 200.000000
v 0.154603 0.894041 -0.382395 200.000000 200.000000 200.000000
v 0.047212 0.776611 0.012349 200.000000 200.000000 200.000000
v -0.012408 -0.090043 -0.098552 200.000000 200.000000 200.000000
v 0.013621 0.092995 -0.060856 200.000000 200.000000 200.000000
v 0.068821 0.158838 -0.087089 200.000000 200.000000 200.000000
v 0.003081 -0.008112 -0.071874 200.000000 200.000000 200.000000
v -0.266094 -0.224438 -0.080273 200.000000 200.000000 200.000000
v 0.216508 -0.070784 0.092428 200.000000 200.000000 200.000000
v 0.337682 0.532118 -0.380778 200.000000 200.000000 200.000000
v 0.231804 -0.140999 -0.232957 200.000000 200.000000 200.000000
v 0.292307 0.208368 0.012073 200.000000 200.000000 200.000000
v 0.326088 0.162260 -0.263102 200.000000 200.000000 200.000000
v 0.077194 0.541917 -0.084888 200.000000 200.000000 200.000000
v 0.108979 0.466339 -0.197783 200.000000 200.000000 200.000000
v 0.272147 -0.243810 -0.087667 200.000000 200.000000 200.000000
v -0.326012 0.224689 0.417906 200.000000 200.000000 200.000000
v -0.007844 -0.631724 0.050740 200.000000 200.000000 200.000000
v -0.175173 -0.126428 -0.007346 200.000000 200.000000 200.000000
v 0.220397 0.551988 -0.258626 200.000000 200.000000 200.000000
v 0.048727 0.146557 0.033834 200.000000 200.000000 200.000000
v 0.162012 -0.917034 0.016298 200.000000 200.000000 200.000000
v 0.148281 0.178255 0.097437 200.000000 200.000000 200.000000
v -0.118243 0.014855 0.022767 200.000000 200.000000 200.000000
v 0.384860 0.626011 -0.300207 200.000000 200.000000 200.000000
v -0.029635 0.414832 0.088799 200.000000 200.000000 200.000000
v 0.031657 0.129063 -0.017061 200.000000 200.000000 200.000000
v 0.086663 0.058127 0.127383 200.000000 200.000000 200.000000
v 0.312642 0.683811 -0.469718 200.000000 200.000000 200.000000
v 0.205644 -0.401536 -0.040781 200.000000 200.000000 200.000000
v 0.343713 0.036670 -0.153280 200.000000 200.000000 200.000000
v 0.140087 0.247238 0.087350 200.000000 200.000000 200.000000
v -0.025396 0.231819 0.256652 200.000000 200.000000 200.000000
v -0.036114 0.233413 0.241147 200.000000 200.000000 200.000000
v 0.315806 0.263926 -0.274743 200.000000 200.000000 200.000000
v 0.101731 -0.051888 -0.170341 200.000000 200.000000 200.000000
v -0.256416 0.209858 0.340179 200.000000 200.000000 200.000000
v 0.011525 0.003243 0.095060 200.000000 200.000000 200.000000
v 0.123344 -0.158503 -0.024159 200.000000 200.000000 200.000000
v -0.132392 0.031296 -0.051435 200.000000 200.000000 200.000000
v -0.345398 -0.090930 -0.113914 200.000000 200.000000 200.000000
v 0.199800 0.433056 0.101078 200.000000 200.000000 200.000000
v 0.278067 0.603798 0.032650 200.000000 200.000000 200.000000
v -0.168084 -0.300454 -0.085316 200.000000 200.000000 200.000000
v 0.200690 -0.157073 -0.240500 200.000000 200.000000 200.000000
v 0.088471 -0.083268 0.107762 200.000000 200.000000 200.000000
v -0.020432 -0.388106 -0.011620 200.000000 200.000000 200.000000
v -0.021975 0.433831 0.191256 200.000000 200.000000 200.000000
v 0.279534 -0.036360 0.047387 200.000000 200.000000 200.000000
v 0.144921 -0.999090 -0.032077 200.000000 200.000000 200.000000
v 0.103773 0.548711 -0.141286 200.000000 200.000000 200.000000
v 0.229938 -0.230529 -0.044836 200.000000 200.000000 200.000000
v 0.193719 0.355493 -0.254252 200.000000 200.000000 200.000000
v -0.172007 -0.335398 -0.053451 200.000000 200.000000 200.000000
v 0.035459 0.247691 0.009462 200.000000 200.000000 200.000000
v 0.072177 -0.351299 -0.166714 200.000000 200.000000 200.000000
v 0.313746 0.356839 -0.046130 200.000000 200.000000 200.000000
v 0.091570 0.327796 -0.169410 200.000000 200.000000 200.000000
v 0.296332 0.667428 -0.344101 200.000000 200.000000 200.000000
v -0.024313 0.238846 0.231701 200.000000 200.000000 200.000000
v 0.069403 -0.339131 -0.125930 200.000000 200.000000 200.000000
v -0.064023 -0.087040 0.047438 200.000000 200.000000 200.000000
v -0.040862 0.798036 -0.075340 200.000000 200.000000 200.000000
v 0.339988 0.323501 -0.111409 200.000000 200.000000 200.000000
v -0.074389 -0.057224 0.057095 200.000000 200.000000 200.000000
v 0.150442 0.953398 -0.363167 200.000000 200.000000 200.000000
v 0.205188 0.592009 0.071262 200.000000 200.000000 200.000000
v 0.021335 0.085978 -0.110069 200.000000 200.000000 200.000000
v 0.045758 0.427440 -0.131056 200.000000 200.000000 200.000000
v 0.180057 0.344711 -0.246024 200.000000 200.000000 200.000000
v -0.036524 0.344054 0.277961 200.000000 200.000000 200.000000
v 0.063391 0.562147 -0.021400 200.000000 200.000000 200.000000
v 0.152565 -0.889517 0.010307 200.000000 200.000000 200.000000
v 0.101764 0.842968 -0.010533 200.000000 200.000000 200.000000
v 0.296375 0.129492 -0.015812 200.000000 200.000000 200.000000
v 0.123530 -0.060695 0.125643 200.000000 200.000000 200.000000
v 0.302143 0.417666 -0.003037 200.000000 200.000000 200.000000
v -0.289871 0.120443 0.412284 200.000000 200.000000 200.000000
v 0.101527 -0.295783 -0.055472 200.000000 200.000000 200.000000
v 0.085857 0.474466 -0.186402 200.000000 200.000000 200.000000
v 0.175233 0.028599 -0.269918 200.000000 200.000000 200.000000
v 0.324443 0.492905 -0.018927 200.000000 200.000000 200.000000
v -0.293920 -0.193689 -0.093304 200.000000 200.000000 200.000000
v 0.011285 0.094161 -0.042027 200.000000 200.000000 200.000000
v -0.328954 -0.126667 -0.070747 200.000000 200.000000 200.000000
v -0.183766 0.153133 0.360776 200.000000 200.000000 200.000000
v 0.227755 0.644650 0.009167 200.000000 200.000000 200.000000
v 0.284226 -0.207096 -0.073113 200.000000 200.000000 200.000000
v 0.284851 0.504644 0.000489 200.000000 200.000000 200.000000
v 0.072046 0.557895 -0.137447 200.000000 200.000000 200.000000
v 0.320615 -0.130292 -0.044719 200.000000 200.000000 200.000000
v 0.301597 -0.179500 -0.060005 200.000000 200.000000 200.000000
v -0.011676 0.368198 0.257643 200.000000 200.000000 200.000000
v 0.135148 0.017652 -0.234100 200.000000 200.000000 200.000000
v 0.063342 0.513969 -0.048212 200.000000 200.000000 200.000000
v 0.214751 0.815874 -0.098703 200.000000 200.000000 200.000000
v 0.081143 0.031783 -0.184370 200.000000 200.000000 200.000000
v 0.061020 0.952917 -0.310758 200.000000 200.000000 200.000000
v -0.024754 0.807001 -0.044526 200.000000 200.000000 200.000000
v 0.116499 -0.944965 -0.012260 200.000000 200.000000 200.000000
v 0.098839 0.548740 0.101461 200.000000 200.000000 200.000000
v 0.011902 0.504464 0.099292 200.000000 200.000000 200.000000
v 0.031589 -0.160149 -0.000395 200.000000 200.000000 200.000000
v 0.349168 -0.025870 -0.204288 200.000000 200.000000 200.000000
v -0.169744 -0.162784 -0.115006 200.000000 200.000000 200.000000
v 0.133902 0.967910 -0.354384 200.000000 200.000000 200.000000
v 0.190442 -0.514451 -0.036005 200.000000 200.000000 200.000000
v -0.038708 0.803890 -0.079868 200.000000 200.000000 200.000000
v 0.311648 0.255800 -0.284354 200.000000 200.000000 200.000000
v 0.061885 -0.984915 -0.050968 200.000000 200.000000 200.000000
v 0.213851 0.110618 0.108207 200.000000 200.000000 200.000000
v 0.263044 -0.082044 -0.218954 200.000000 200.000000 200.000000
v -0.275416 -0.215217 -0.081300 200.000000 200.000000 200.000000
v 0.102817 -0.158516 0.017081 200.000000 200.000000 200.000000
v 0.186965 -0.714531 -0.129073 200.000000 200.000000 200.000000
v 0.166517 -0.038924 -0.226760 200.000000 200.000000 200.000000
v 0.067862 -0.313648 -0.120074 200.000000 200.000000 200.000000
v 0.191215 0.507914 -0.241654 200.000000 200.000000 200.000000
v -0.001061 0.429140 0.032766 200.000000 200.000000 200.000000
v 0.276321 -0.076544 -0.207074 200.000000 200.000000 200.000000
v 0.277341 0.550508 0.067992 200.000000 200.000000 200.000000
v 0.077692 -0.158211 -0.028722 200.000000 200.000000 200.000000
v 0.108975 0.759405 -0.200545 200.000000 200.000000 200.000000
v 0.164760 -0.620888 -0.149024 200.000000 200.000000 200.000000
v -0.185555 -0.107907 -0.146830 200.000000 200.000000 200.000000
v -0.170851 0.186162 0.373263 200.000000 200.000000 200.000000
v -0.002476 0.427130 0.036815 200.000000 200.000000 200.000000
v 0.241417 -0.172468 -0.027071 200.000000 200.000000 200.000000
v 0.346461 0.502783 -0.342515 200.000000 200.000000 200.000000
v -0.287856 -0.021182 -0.084301 200.000000 200.000000 200.000000
v 0.042584 0.842630 -0.016393 200.000000 200.000000 200.000000
v 0.118261 -0.969993 -0.002989 200.000000 200.000000 200.000000
v -0.148213 -0.213184 0.016340 200.000000 200.000000 200.000000
v -0.168711 -0.203728 0.018982 200.000000 200.000000 200.000000
v 0.047780 -0.978475 -0.066479 200.000000 200.000000 200.000000
v 0.000136 0.710057 -0.139194 200.000000 200.000000 200.000000
v 0.154849 -0.922271 0.014204 200.000000 200.000000 200.000000
v 0.100458 -0.035581 -0.165701 200.000000 200.000000 200.000000
v 0.089624 0.600163 0.038534 200.000000 200.000000 200.000000
v -0.030861 0.395943 0.217709 200.000000 200.000000 200.000000
v 0.142463 0.856293 -0.380374 200.000000 200.000000 200.000000
v -0.009192 -0.992427 -0.113612 200.000000 200.000000 200.000000
v 0.341698 0.390388 -0.103056 200.000000 200.000000 200.000000
v 0.363454 0.475310 -0.112495 200.000000 200.000000 200.000000
v 0.038257 0.160825 -0.051759 200.000000 200.000000 200.000000
v 0.317570 0.148976 -0.272659 200.000000 200.000000 200.000000
v 0.239355 0.885929 -0.437427 200.000000 200.000000 200.000000
v 0.269774 0.468185 0.045079 200.000000 200.000000 200.000000
v 0.290665 0.011341 0.036377 200.000000 200.000000 200.000000
v 0.221848 -0.744665 -0.109479 200.000000 200.000000 200.000000
v 0.072628 -0.338838 -0.072327 200.000000 200.000000 200.000000
v 0.063386 -0.268325 -0.071544 200.000000 200.000000 200.000000
v 0.242290 0.046877 -0.295132 200.000000 200.000000 200.000000
v 0.213356 -0.586240 -0.031358 200.000000 200.000000 200.000000
v 0.285127 0.387788 0.011704 200.000000 200.000000 200.000000
v 0.131076 -0.329760 -0.212724 200.000000 200.000000 200.000000
v 0.369816 0.538257 -0.113100 200.000000 200.000000 200.000000
v 0.290307 0.524765 -0.361839 200.000000 200.000000 200.000000
v 0.134071 0.870376 -0.397640 200.000000 200.000000 200.000000
v -0.283080 0.140349 0.454053 200.000000 200.000000 200.000000
v -0.262039 -0.131879 -0.161078 200.000000 200.000000 200.000000
v 0.156776 0.019987 0.136343 200.000000 200.000000 200.000000
v 0.344538 0.698111 -0.333540 200.000000 200.000000 200.000000
v 0.121246 0.595158 0.021011 200.000000 200.000000 200.000000
v 0.186046 0.399955 0.108781 200.000000 200.000000 200.000000
v 0.177432 0.816582 -0.147503 200.000000 200.000000 200.000000
v 0.133586 0.193027 0.094484 200.000000 200.000000 200.000000
v 0.326631 0.207748 -0.071284 200.000000 200.000000 200.000000
v -0.021998 0.412499 0.209965 200.000000 200.000000 200.000000
v 0.115567 -0.540013 -0.052205 200.000000 200.000000 200.000000
v 0.274133 0.425126 0.042143 200.000000 200.000000 200.000000
v 0.184263 0.267999 0.065728 200.000000 200.000000 200.000000
v 0.259565 -0.147793 -0.013965 200.000000 200.000000 200.000000
v -0.183602 0.285104 0.359283 200.000000 200.000000 200.000000
v 0.313297 -0.178465 -0.098051 200.000000 200.000000 200.000000
v -0.165697 0.274305 0.252684 200.000000 200.000000 200.000000
v 0.373945 0.651922 -0.309686 200.000000 200.000000 200.000000
v 0.009381 -0.160237 -0.004808 200.000000 200.000000 200.000000
v 0.073803 0.598458 -0.183025 200.000000 200.000000 200.000000
v 0.346540 0.036134 -0.202349 200.000000 200.000000 200.000000
v -0.069700 0.386613 0.225075 200.000000 200.000000 200.000000
v -0.129764 -0.182959 -0.038793 200.000000 200.000000 200.000000
v -0.103227 -0.273919 -0.082856 200.000000 200.000000 200.000000
v -0.178158 0.212237 0.267650 200.000000 200.000000 200.000000
v 0.133248 0.599063 -0.211429 200.000000 200.000000 200.000000
v 0.039469 -0.220090 -0.089587 200.000000 200.000000 200.000000
v 0.239540 0.363977 0.069422 200.000000 200.000000 200.000000
v 0.156085 0.388066 0.118874 200.000000 200.000000 200.000000
v 0.139533 0.554525 -0.179320 200.000000 200.000000 200.000000
v -0.215815 -0.213061 -0.129641 200.000000 200.000000 200.000000
v 0.264182 0.298374 0.022320 200.000000 200.000000 200.000000
v 0.046624 -0.148467 0.029045 200.000000 200.000000 200.000000
v 0.250257 -0.134916 -0.224242 200.000000 200.000000 200.000000
v 0.056341 -0.980740 -0.057411 200.000000 200.000000 200.000000
v 0.123246 -0.867681 -0.067705 200.000000 200.000000 200.000000
v -0.124475 0.321245 0.316382 200.000000 200.000000 200.000000
v -0.064018 -0.161880 -0.073517 200.000000 200.000000 200.000000
v -0.088557 0.038079 0.011369 200.000000 200.000000 200.000000
v 0.274662 0.821901 -0.473699 200.000000 200.000000 200.000000
v -0.262739 -0.232136 -0.067843 200.000000 200.000000 200.000000
v 0.187244 0.818110 -0.022332 200.000000 200.000000 200.000000
v -0.062740 0.229860 0.234056 200.000000 200.000000 200.000000
v 0.249041 -0.664503 -0.079072 200.000000 200.000000 200.000000
v 0.115166 0.128967 0.117992 200.000000 200.000000 200.000000
v 0.157523 0.842637 -0.409199 200.000000 200.000000 200.000000
v -0.211426 -0.028623 -0.001986 200.000000 200.000000 200.000000
v 0.060225 -0.260209 -0.110580 200.000000 200.000000 200.000000
v 0.263870 0.847161 -0.354446 200.000000 200.000000 200.000000
v 0.189251 0.565530 -0.227599 200.000000 200.000000 200.000000
v 0.002392 -0.483758 0.067344 200.000000 200.000000 200.000000
v 0.091784 -0.949587 -0.037656 200.000000 200.000000 200.000000
v 0.298698 0.496420 -0.356230 200.000000 200.000000 200.000000
v 0.252177 -0.059267 -0.225384 200.000000 200.000000 200.000000
v 0.030496 0.470112 -0.044734 200.000000 200.000000 200.000000
v 0.108188 0.483666 -0.209294 200.000000 200.000000 200.000000
v 0.231254 -0.568408 -0.127732 200.000000 200.000000 200.000000
v 0.158885 -0.105331 0.094802 200.000000 200.000000 200.000000
v 0.203773 -0.753919 -0.115687 200.000000 200.000000 200.000000
v 0.108858 0.519556 -0.180416 200.000000 200.000000 200.000000
v -0.062272 -0.292578 -0.001964 200.000000 200.000000 200.000000
v 0.065257 0.957969 -0.316711 200.000000 200.000000 200.000000
v -0.153945 0.190476 0.286300 200.000000 200.000000 200.000000
v 0.182276 -0.989487 0.030598 200.000000 200.000000 200.000000
v -0.178785 -0.254176 0.018671 200.000000 200.000000 200.000000
v 0.095028 -0.389724 -0.055129 200.000000 200.000000 200.000000
v 0.176388 0.210017 -0.264014 200.000000 200.000000 200.000000
v 0.122982 -0.770559 -0.086165 200.000000 200.000000 200.000000
v 0.130153 -0.486537 -0.039926 200.000000 200.000000 200.000000
v 0.015646 0.365605 -0.019411 200.000000 200.000000 200.000000
v 0.242156 0.885545 -0.352018 200.000000 200.000000 200.000000
v 0.083889 0.192104 0.051963 200.000000 200.000000 200.000000
v 0.252492 0.374246 0.054318 200.000000 200.000000 200.000000
v 0.063634 0.489975 -0.068577 200.000000 200.000000 200.000000
v 0.336765 0.226511 -0.135266 200.000000 200.000000 200.000000
v -0.085829 -0.418338 0.037408 200.000000 200.000000 200.000000
v 0.393565 0.702779 -0.449015 200.000000 200.000000 200.000000
v 0.237755 -0.346525 -0.053358 200.000000 200.000000 200.000000
v -0.093433 -0.284922 -0.075930 200.000000 200.000000 200.000000
v -0.169158 0.241242 0.254865 200.000000 200.000000 200.000000
v 0.285335 0.646064 -0.363903 200.000000 200.000000 200.000000
v -0.179766 0.152813 0.330085 200.000000 200.000000 200.000000
v 0.101200 -0.999555 -0.080422 200.000000 200.000000 200.000000
v 0.021661 0.467587 -0.013848 200.000000 200.000000 200.000000
v 0.057494 -0.437740 0.027555 200.000000 200.000000 200.000000
v 0.155869 -0.518626 -0.163620 200.000000 200.000000 200.000000
v 0.084294 0.239984 -0.183102 200.000000 200.000000 200.000000
v 0.084374 0.443842 -0.202478 200.000000 200.000000 200.000000
v 0.202729 -0.080944 -0.237700 200.000000 200.000000 200.000000
v 0.078489 -0.495875 -0.116846 200.000000 200.000000 200.000000
v 0.219987 0.436104 -0.269586 200.000000 200.000000 200.000000
v 0.021108 0.017357 -0.067373 200.000000 200.000000 200.000000
v -0.198622 -0.193330 -0.133738 200.000000 200.000000 200.000000
v 0.112197 -0.071195 0.119497 200.000000 200.000000 200.000000
v 0.061939 0.297219 0.154499 200.000000 200.000000 200.000000
v 0.107443 0.220483 -0.216596 200.000000 200.000000 200.000000
v 0.016750 0.101524 0.005882 200.000000 200.000000 200.000000
v -0.188592 -0.147256 0.000055 200.000000 200.000000 200.000000
v 0.085778 0.713488 -0.001462 200.000000 200.000000 200.000000
v 0.252392 -0.145318 -0.010217 200.000000 200.000000 200.000000
v -0.021857 0.371371 0.245194 200.000000 200.000000 200.000000
v 0.226916 0.661515 -0.045176 200.000000 200.000000 200.000000
v 0.116811 -0.865839 -0.032025 200.000000 200.000000 200.000000
v 0.079613 -0.218509 -0.167175 200.000000 200.000000 200.000000
v 0.336619 0.467293 -0.032072 200.000000 200.000000 200.000000
v 0.362731 0.402390 -0.197617 200.000000 200.000000 200.000000
v 0.342511 0.542469 -0.080903 200.000000 200.000000 200.000000
v 0.083322 0.396483 -0.189088 200.000000 200.000000 200.000000
v 0.084865 -0.322399 -0.176465 200.000000 200.000000 200.000000
v -0.007190 -0.580748 -0.015305 200.000000 200.000000 200.000000
v 0.020448 -0.092244 0.075633 200.000000 200.000000 200.000000
v 0.354929 -0.040799 -0.129272 200.000000 200.000000 200.000000
v 0.126522 0.629860 -0.189860 200.000000 200.000000 200.000000
v 0.235951 -0.833562 -0.044352 200.000000 200.000000 200.000000
v 0.142283 0.523556 0.099393 200.000000 200.000000 200.000000
v -0.248993 0.259474 0.354106 200.000000 200.000000 200.000000
v 0.390599 0.659312 -0.327240 200.000000 200.000000 200.000000
v 0.189802 0.889688 -0.435522 200.000000 200.000000 200.000000
v 0.104438 -0.379854 -0.177635 200.000000 200.000000 200.000000
v 0.017505 0.667101 -0.047374 200.000000 200.000000 200.000000
v 0.145690 0.629400 0.008351 200.000000 200.000000 200.000000
v 0.311424 0.344901 -0.028359 200.000000 200.000000 200.000000
v 0.213482 0.617575 -0.186422 200.000000 200.000000 200.000000
v -0.127345 -0.258831 -0.099788 200.000000 200.000000 200.000000
v 0.089420 0.990680 -0.322515 200.000000 200.000000 200.000000
v -0.004084 -0.999417 -0.105679 200.000000 200.000000 200.000000
v -0.272157 -0.018985 -0.062311 200.000000 200.000000 200.000000
v -0.039607 0.407366 0.146513 200.000000 200.000000 200.000000
v 0.202089 -0.781772 0.004640 200.000000 200.000000 200.000000
v 0.113960 0.383580 -0.214267 200.000000 200.000000 200.000000
v 0.228841 -0.867116 -0.041389 200.000000 200.000000 200.000000
v 0.332146 0.404777 -0.294272 200.000000 200.000000 200.000000
v 0.080400 -0.529922 -0.151348 200.000000 200.000000 200.000000
v 0.239494 -0.666130 -0.036845 200.000000 200.000000 200.000000
v 0.173489 0.489877 -0.237671 200.000000 200.000000 200.000000
v 0.103838 0.126897 0.103429 200.000000 200.000000 200.000000
v -0.371775 0.217780 0.419917 200.000000 200.000000 200.000000
v 0.072890 -0.998539 -0.157501 200.000000 200.000000 200.000000
v 0.382106 0.706737 -0.468743 200.000000 200.000000 200.000000
v 0.187924 0.101107 0.122636 200.000000 200.000000 200.000000
v 0.316782 0.246778 -0.037879 200.000000 200.000000 200.000000
v 0.191767 -0.857643 -0.089455 200.000000 200.000000 200.000000
v 0.181067 -0.646459 -0.015476 200.000000 200.000000 200.000000
v 0.148636 -0.109325 0.093715 200.000000 200.000000 200.000000
v 0.209236 0.789988 -0.067187 200.000000 200.000000 200.000000
v 0.148529 0.090767 -0.246031 200.000000 200.000000 200.000000
v 0.088125 0.649714 -0.167202 200.000000 200.000000 200.000000
v 0.178556 0.557493 -0.197434 200.000000 200.000000 200.000000
v 0.064419 0.489304 -0.133437 200.000000 200.000000 200.000000
v 0.080419 0.192632 -0.211150 200.000000 200.000000 200.000000
v -0.200459 -0.310653 -0.052701 200.000000 200.000000 200.000000
v -0.093677 -0.313865 -0.074063 200.000000 200.000000 200.000000
v 0.307669 -0.120759 -0.156223 200.000000 200.000000 200.000000
v -0.323400 -0.153327 -0.114464 200.000000 200.000000 200.000000
v 0.166118 0.592675 0.051491 200.000000 200.000000 200.000000
v -0.052122 -0.076081 -0.103459 200.000000 200.000000 200.000000
v -0.121539 0.344994 0.251411 200.000000 200.000000 200.000000
v 0.195177 0.763924 -0.159870 200.000000 200.000000 200.000000
v 0.147674 0.743421 -0.016359 200.000000 200.000000 200.000000
v 0.224802 0.042997 0.106736 200.000000 200.000000 200.000000
v 0.034402 0.010056 -0.069860 200.000000 200.000000 200.000000
v 0.263453 0.580330 0.067443 200.000000 200.000000 200.000000
v 0.115561 0.499489 0.143092 200.000000 200.000000 200.000000
v 0.165161 -0.338945 -0.038807 200.000000 200.000000 200.000000
v 0.341088 0.171249 -0.150419 200.000000 200.000000 200.000000
v 0.322619 0.192691 -0.246921 200.000000 200.000000 200.000000
v 0.080583 -0.391819 -0.091761 200.000000 200.000000 200.000000
v 0.052255 0.954482 -0.344842 200.000000 200.000000 200.000000
v 0.212973 -0.817383 -0.089959 200.000000 200.000000 200.000000
v -0.016406 0.026908 -0.049783 200.000000 200.000000 200.000000
v 0.295234 0.202690 -0.294100 200.000000 200.000000 200.000000
v 0.167275 -0.159511 0.013284 200.000000 200.000000 200.000000
v 0.089209 0.755465 -0.191668 200.000000 200.000000 200.000000
v 0.052333 0.385347 -0.132978 200.000000 200.000000 200.000000
v -0.358209 0.137012 0.428068 200.000000 200.000000 200.000000
v 0.073238 0.168098 0.032705 200.000000 200.000000 200.000000
v 0.190353 -0.988208 0.031642 200.000000 200.000000 200.000000
v -0.114011 0.325656 0.213609 200.000000 200.000000 200.000000
v 0.084283 -0.565989 -0.136977 200.000000 200.000000 200.000000
v 0.143714 0.669510 -0.164048 200.000000 200.000000 200.000000
v 0.018394 -0.572827 0.018959 200.000000 200.000000 200.000000
v -0.170792 -0.295836 0.014834 200.000000 200.000000 200.000000
v 0.189895 0.844417 -0.440934 200.000000 200.000000 200.000000
v 0.274426 0.590751 -0.350255 200.000000 200.000000 200.000000
v 0.357302 0.696095 -0.485950 200.000000 200.000000 200.000000
v -0.167574 0.275863 0.255401 200.000000 200.000000 200.000000
v 0.097951 -0.124087 0.078881 200.000000 200.000000 200.000000
v 0.252154 0.600572 -0.251474 200.000000 200.000000 200.000000
v -0.148627 0.005122 -0.099503 200.000000 200.000000 200.000000
v 0.074719 0.495204 -0.158703 200.000000 200.000000 200.000000
v -0.181129 0.292105 0.297770 200.000000 200.000000 200.000000
v 0.147340 -0.764934 -0.109414 200.000000 200.000000 200.000000
v -0.293725 0.235881 0.374990 200.000000 200.000000 200.000000
v -0.132504 -0.108025 0.010087 200.000000 200.000000 200.000000
v 0.189455 0.785440 -0.157680 200.000000 200.000000 200.000000
v 0.133757 0.614193 -0.201114 200.000000 200.000000 200.000000
v 0.351291 0.043049 -0.111789 200.000000 200.000000 200.000000
v 0.127649 0.656069 -0.028740 200.000000 200.000000 200.000000
v -0.198130 -0.229663 0.012454 200.000000 200.000000 200.000000
v 0.293112 0.797995 -0.360474 200.000000 200.000000 200.000000
v 0.033887 -0.990881 -0.069707 200.000000 200.000000 200.000000
v 0.273097 -0.157328 -0.026210 200.000000 200.000000 200.000000
v -0.239393 0.193534 0.426319 200.000000 200.000000 200.000000
v 0.333638 0.813412 -0.422066 200.000000 200.000000 200.000000
v 0.323812 0.128778 -0.037061 200.000000 200.000000 200.000000
v -0.000746 0.395199 0.012822 200.000000 200.000000 200.000000
v -0.015886 -0.554588 -0.013624 200.000000 200.000000 200.000000
v 0.301243 0.573631 -0.413622 200.000000 200.000000 200.000000
v 0.079609 -0.552321 -0.133539 200.000000 200.000000 200.000000
v 0.054293 0.605410 -0.153628 200.000000 200.000000 200.000000
v 0.071794 -0.017089 0.118948 200.000000 200.000000 200.000000
v 0.051510 0.425522 0.189897 200.000000 200.000000 200.000000
v 0.286092 0.189264 0.003383 200.000000 200.000000 200.000000
v -0.184892 0.016788 -0.069503 200.000000 200.000000 200.000000
v -0.231518 0.158551 0.413540 200.000000 200.000000 200.000000
v 0.180198 0.787399 -0.129206 200.000000 200.000000 200.000000
v 0.142595 0.379694 0.120040 200.000000 200.000000 200.000000
v -0.242934 -0.178609 -0.001880 200.000000 200.000000 200.000000
v 0.058908 0.330533 -0.118225 200.000000 200.000000 200.000000
v -0.054908 -0.096061 -0.107250 200.000000 200.000000 200.000000
v -0.233343 0.190540 0.416548 200.000000 200.000000 200.000000
v 0.194104 0.235964 -0.271148 200.000000 200.000000 200.000000
v 0.245608 -0.724137 -0.063319 200.000000 200.000000 200.000000
v 0.289986 0.650872 -0.457528 200.000000 200.000000 200.000000
v 0.123298 -0.140864 0.062654 200.000000 200.000000 200.000000
v -0.244088 -0.174035 -0.001927 200.000000 200.000000 200.000000
v 0.323267 0.538344 -0.387611 200.000000 200.000000 200.000000
v 0.186685 -0.399592 -0.038720 200.000000 200.000000 200.000000
v -0.020692 -0.434228 -0.021890 200.000000 200.000000 200.000000
v 0.148542 -0.064572 -0.218239 200.000000 200.000000 200.000000
v 0.207316 -0.090010 -0.238718 200.000000 200.000000 200.000000
v -0.007941 0.462347 0.079071 200.000000 200.000000 200.000000
v 0.337792 0.312991 -0.208076 200.000000 200.000000 200.000000
v 0.067215 -0.275983 -0.069430 200.000000 200.000000 200.000000
v -0.024042 0.812582 -0.050455 200.000000 200.000000 200.000000
v -0.022625 0.371619 0.244224 200.000000 200.000000 200.000000
v -0.107416 0.236322 0.213824 200.000000 200.000000 200.000000
v 0.148548 -0.365825 -0.042233 200.000000 200.000000 200.000000
v 0.129245 -0.486715 -0.040354 200.000000 200.000000 200.000000
v -0.040298 -0.567245 0.013414 200.000000 200.000000 200.000000
v 0.312579 0.831940 -0.388456 200.000000 200.000000 200.000000
v -0.346712 0.144635 0.484028 200.000000 200.000000 200.000000
v 0.393353 0.627568 -0.407246 200.000000 200.000000 200.000000
v 0.026645 0.521579 0.111175 200.000000 200.000000 200.000000
v -0.000572 0.484457 0.103397 200.000000 200.000000 200.000000
v 0.185016 0.198406 0.087815 200.000000 200.000000 200.000000
v -0.002546 0.000839 -0.067318 200.000000 200.000000 200.000000
v -0.154477 0.192167 0.284167 200.000000 200.000000 200.000000
v 0.079615 0.573870 -0.167797 200.000000 200.000000 200.000000
v 0.070776 0.810606 -0.199413 200.000000 200.000000 200.000000
v 0.135050 -0.376208 -0.043577 200.000000 200.000000 200.000000
v 0.192232 0.770748 -0.161425 200.000000 200.000000 200.000000
v 0.052682 0.477339 -0.115735 200.000000 200.000000 200.000000
v 0.205051 0.804649 -0.401462 200.000000 200.000000 200.000000
v -0.188304 -0.258422 -0.110017 200.000000 200.000000 200.000000
v -0.203264 -0.181439 -0.140241 200.000000 200.000000 200.000000
v 0.119892 0.088975 0.129955 200.000000 200.000000 200.000000
v 0.234460 0.258780 0.074696 200.000000 200.000000 200.000000
v 0.193327 0.211528 -0.265220 200.000000 200.000000 200.000000
v -0.303055 -0.164028 -0.055629 200.000000 200.000000 200.000000
v -0.102584 -0.423041 0.024842 200.000000 200.000000 200.000000
v -0.130867 0.265441 0.217679 200.000000 200.000000 200.000000
v 0.053054 0.582976 -0.150850 200.000000 200.000000 200.000000
v 0.142795 -0.765441 -0.106607 200.000000 200.000000 200.000000
v 0.266765 0.861173 -0.447914 200.000000 200.000000 200.000000
v 0.004880 0.038102 -0.048010 200.000000 200.000000 200.000000
v 0.246343 0.572854 0.081320 200.000000 200.000000 200.000000
v 0.023812 0.068282 -0.110729 200.000000 200.000000 200.000000
v 0.047811 -0.436387 0.002261 200.000000 200.000000 200.000000
v -0.072439 -0.394049 0.042142 200.000000 200.000000 200.000000
v 0.161434 -0.052106 -0.225623 200.000000 200.000000 200.000000
v 0.219015 -0.424997 -0.156674 200.000000 200.000000 200.000000
v 0.174655 0.821724 -0.145886 200.000000 200.000000 200.000000
v 0.350094 0.411688 -0.235529 200.000000 200.000000 200.000000
v 0.098022 0.629189 -0.021382 200.000000 200.000000 200.000000
v 0.262938 -0.245621 -0.071669 200.000000 200.000000 200.000000
v 0.145189 -0.999077 -0.033090 200.000000 200.000000 200.000000
v 0.332570 -0.015913 -0.246349 200.000000 200.000000 200.000000
v 0.383934 0.542133 -0.272992 200.000000 200.000000 200.000000
v 0.013260 -0.999751 -0.130151 200.000000 200.000000 200.000000
v 0.240820 0.755745 -0.419864 200.000000 200.000000 200.000000
v 0.012569 0.466256 0.005538 200.000000 200.000000 200.000000
v -0.146931 -0.263115 -0.110310 200.000000 200.000000 200.000000
v 0.340306 0.552829 -0.083690 200.000000 200.000000 200.000000
v 0.234847 -0.294442 -0.181267 200.000000 200.000000 200.000000
v 0.307191 0.101317 -0.277615 200.000000 200.000000 200.000000
v 0.188753 0.565059 -0.194737 200.000000 200.000000 200.000000
v -0.125593 -0.205697 -0.004909 200.000000 200.000000 200.000000
v 0.118035 -0.867935 -0.048333 200.000000 200.000000 200.000000
v 0.122978 0.119074 -0.238835 200.000000 200.000000 200.000000
v 0.046326 0.145714 0.030698 200.000000 200.000000 200.000000
v 0.179342 0.554898 -0.222166 200.000000 200.000000 200.000000
v -0.018836 -0.167349 -0.039346 200.000000 200.000000 200.000000
v 0.148877 0.447818 0.128738 200.000000 200.000000 200.000000
v 0.146106 -0.872139 0.007946 200.000000 200.000000 200.000000
v 0.233653 -0.692665 -0.108352 200.000000 200.000000 200.000000
v 0.373183 0.495541 -0.267242 200.000000 200.000000 200.000000
v 0.028559 -0.150351 0.020398 200.000000 200.000000 200.000000
v 0.073527 -0.316160 -0.163336 200.000000 200.000000 200.000000
v 0.151890 0.532884 0.091570 200.000000 200.000000 200.000000
v 0.388117 0.744388 -0.413634 200.000000 200.000000 200.000000
v 0.076192 -0.527761 -0.133179 200.000000 200.000000 200.000000
v -0.100125 -0.231414 -0.043061 200.000000 200.000000 200.000000
v 0.104850 -0.195117 -0.059322 200.000000 200.000000 200.000000
v -0.118563 -0.076334 0.034097 200.000000 200.000000 200.000000
v 0.187288 0.740165 -0.163994 200.000000 200.000000 200.000000
v 0.297143 -0.209018 -0.104454 200.000000 200.000000 200.000000
v 0.015018 -0.442819 -0.010505 200.000000 200.000000 200.000000
v 0.188764 0.345367 -0.290246 200.000000 200.000000 200.000000
v 0.050722 0.201420 -0.125244 200.000000 200.000000 200.000000
v 0.389065 0.590706 -0.299694 200.000000 200.000000 200.000000
v -0.386131 0.216323 0.431441 200.000000 200.000000 200.000000
v 0.081759 -0.114162 -0.164657 200.000000 200.000000 200.000000
v -0.288948 -0.047339 -0.045068 200.000000 200.000000 200.000000
v 0.231265 -0.427267 -0.083094 200.000000 200.000000 200.000000
v 0.090425 -0.006011 -0.193614 200.000000 200.000000 200.000000
v 0.185992 0.354939 -0.249179 200.000000 200.000000 200.000000
v 0.313750 0.638812 -0.202485 200.000000 200.000000 200.000000
v 0.051814 0.411906 0.194055 200.000000 200.000000 200.000000
v 0.290488 0.860266 -0.419278 200.000000 200.000000 200.000000
v 0.160657 0.266358 0.071796 200.000000 200.000000 200.000000
v 0.093248 0.889153 -0.317072 200.000000 200.000000 200.000000
v 0.148210 -0.204374 -0.041925 200.000000 200.000000 200.000000
v 0.001027 -0.540370 0.075961 200.000000 200.000000 200.000000
v -0.351276 0.202858 0.492141 200.000000 200.000000 200.000000
v 0.080886 0.383172 -0.178122 200.000000 200.000000 200.000000
v 0.273716 -0.048394 0.049359 200.000000 200.000000 200.000000
v 0.171325 -0.462393 -0.187867 200.000000 200.000000 200.000000
v 0.029995 0.136728 0.034843 200.000000 200.000000 200.000000
v -0.070576 -0.299298 -0.055808 200.000000 200.000000 200.000000
v 0.332831 -0.116258 -0.072705 200.000000 200.000000 200.000000
v 0.039613 0.866191 -0.065759 200.000000 200.000000 200.000000
v 0.243784 -0.709832 -0.047569 200.000000 200.000000 200.000000
v 0.077796 0.167970 0.016301 200.000000 200.000000 200.000000
v 0.319814 0.832324 -0.413786 200.000000 200.000000 200.000000
v 0.288722 -0.079032 0.019408 200.000000 200.000000 200.000000
v 0.021225 0.647675 -0.049989 200.000000 200.000000 200.000000
v 0.051481 0.265411 -0.164612 200.000000 200.000000 200.000000
v 0.271488 0.763747 -0.378253 200.000000 200.000000 200.000000
v 0.187293 0.156556 0.103205 200.000000 200.000000 200.000000
v 0.109232 0.900323 -0.310864 200.000000 200.000000 200.000000
v -0.149714 0.304584 0.262537 200.000000 200.000000 200.000000
v 0.031416 0.163422 -0.070189 200.000000 200.000000 200.000000
v 0.307360 0.574517 -0.021440 200.000000 200.000000 200.000000
v 0.145235 0.724491 -0.013728 200.000000 200.000000 200.000000
v 0.372008 0.519036 -0.316146 200.000000 200.000000 200.000000
v 0.063046 0.281838 0.050234 200.000000 200.000000 200.000000
v -0.242579 0.265077 0.338058 200.000000 200.000000 200.000000
v 0.147649 0.096849 0.134654 200.000000 200.000000 200.000000
v 0.051432 0.146855 -0.122072 200.000000 200.000000 200.000000
v -0.154739 -0.111717 -0.134497 200.000000 200.000000 200.000000
v -0.293570 -0.169732 -0.048460 200.000000 200.000000 200.000000
v 0.120803 -0.782488 -0.058450 200.000000 200.000000 200.000000
v -0.119558 0.008514 0.027295 200.000000 200.000000 200.000000
v 0.273885 0.629182 -0.078300 200.000000 200.000000 200.000000
v 0.237157 0.279054 0.046277 200.000000 200.000000 200.000000
v 0.320689 0.384996 -0.299974 200.000000 200.000000 200.000000
v 0.397431 0.648014 -0.363388 200.000000 200.000000 200.000000
v 0.162899 0.287055 -0.275791 200.000000 200.000000 200.000000
v 0.100637 -0.561545 -0.147540 200.000000 200.000000 200.000000
v 0.317089 -0.060618 -0.155353 200.000000 200.000000 200.000000
v 0.347518 0.797014 -0.457078 200.000000 200.000000 200.000000
v 0.262023 0.094922 0.061517 200.000000 200.000000 200.000000
v 0.003244 0.251271 0.230819 200.000000 200.000000 200.000000
v 0.114089 -0.688905 -0.062067 200.000000 200.000000 200.000000
v 0.338985 0.129182 -0.127270 200.000000 200.000000 200.000000
v -0.108898 0.026982 0.015126 200.000000 200.000000 200.000000
v 0.345959 0.003308 -0.221461 200.000000 200.000000 200.000000
v 0.334427 0.023563 -0.036921 200.000000 200.000000 200.000000
v 0.068097 -0.150826 0.031943 200.000000 200.000000 200.000000
v 0.340771 0.106491 -0.104650 200.000000 200.000000 200.000000
v -0.151198 -0.085658 0.017446 200.000000 200.000000 200.000000
v 0.007484 0.485050 0.147414 200.000000 200.000000 200.000000
v -0.214689 0.144088 0.387864 200.000000 200.000000 200.000000
v 0.152654 0.892226 -0.329915 200.000000 200.000000 200.000000
v -0.333978 0.136426 0.425543 200.000000 200.000000 200.000000
v 0.180611 0.718828 -0.167779 200.000000 200.000000 200.000000
v -0.126576 -0.318406 -0.081707 200.000000 200.000000 200.000000
v -0.156716 -0.305255 0.021003 200.000000 200.000000 200.000000
v 0.191558 -0.999419 -0.021280 200.000000 200.000000 200.000000
v -0.074587 0.293684 0.307689 200.000000 200.000000 200.000000
v 0.239043 -0.257336 -0.198298 200.000000 200.000000 200.000000
v 0.261741 -0.311684 -0.088233 200.000000 200.000000 200.000000
v 0.257456 -0.102931 -0.220631 200.000000 200.000000 200.000000
v 0.006968 0.790050 -0.001220 200.000000 200.000000 200.000000
v 0.010559 -0.460371 -0.015111 200.000000 200.000000 200.000000
v 0.308589 0.567929 -0.416138 200.000000 200.000000 200.000000
v 0.200560 0.109031 -0.281716 200.000000 200.000000 200.000000
v -0.121551 -0.268437 -0.096476 200.000000 200.000000 200.000000
v 0.004945 0.619306 -0.090307 200.000000 200.000000 200.000000
v -0.100836 -0.153739 -0.016267 200.000000 200.000000 200.000000
v 0.238075 -0.786588 -0.063602 200.000000 200.000000 200.000000
v 0.113550 -0.658463 -0.102346 200.000000 200.000000 200.000000
v 0.052835 0.502257 -0.012783 200.000000 200.000000 200.000000
v 0.236129 -0.015810 0.101191 200.000000 200.000000 200.000000
v 0.290679 -0.181376 -0.051184 200.000000 200.000000 200.000000
v 0.221972 -0.589748 -0.135457 200.000000 200.000000 200.000000
v 0.346956 0.643622 -0.251730 200.000000 200.000000 200.000000
v 0.145751 0.849341 -0.396599 200.000000 200.000000 200.000000
v -0.118317 -0.118418 0.009360 200.000000 200.000000 200.000000
v -0.332440 0.164973 0.378684 200.000000 200.000000 200.000000
v 0.141101 0.010490 -0.236974 200.000000 200.000000 200.000000
v 0.342868 0.204261 -0.144047 200.000000 200.000000 200.000000
v 0.278174 0.600406 -0.287948 200.000000 200.000000 200.000000
v -0.178145 0.153298 0.353516 200.000000 200.000000 200.000000
v 0.063572 0.139787 -0.084130 200.000000 200.000000 200.000000
v 0.349034 0.023160 -0.111320 200.000000 200.000000 200.000000
v 0.339064 0.049246 -0.071065 200.000000 200.000000 200.000000
v 0.341992 0.346701 -0.226733 200.000000 200.000000 200.000000
v -0.124305 -0.162634 -0.036547 200.000000 200.000000 200.000000
v 0.359284 0.792954 -0.423731 200.000000 200.000000 200.000000
v 0.292916 0.674634 -0.360864 200.000000 200.000000 200.000000
v -0.192855 -0.226582 -0.127399 200.000000 200.000000 200.000000
v -0.018839 0.757061 -0.114234 200.000000 200.000000 200.000000
v 0.360863 0.547985 -0.120793 200.000000 200.000000 200.000000
v 0.228553 0.874409 -0.339665 200.000000 200.000000 200.000000
v 0.138393 -0.642381 -0.029612 200.000000 200.000000 200.000000
v 0.348405 0.380537 -0.140180 200.000000 200.000000 200.000000
v -0.050252 0.235059 0.292695 200.000000 200.000000 200.000000
v 0.222311 0.802280 -0.080228 200.000000 200.000000 200.000000
v 0.228146 -0.872763 -0.035786 200.000000 200.000000 200.000000
v 0.215770 0.614702 0.051454 200.000000 200.000000 200.000000
v -0.005623 0.465508 0.068649 200.000000 200.000000 200.000000
v 0.004272 0.356893 0.014389 200.000000 200.000000 200.000000
v -0.061044 0.380245 0.135396 200.000000 200.000000 200.000000
v 0.337200 0.313961 -0.209746 200.000000 200.000000 200.000000
v -0.169979 -0.090083 0.007715 200.000000 200.000000 200.000000
v 0.324597 0.199931 -0.065685 200.000000 200.000000 200.000000
v 0.170595 0.827186 -0.149622 200.000000 200.000000 200.000000
v 0.018733 0.455416 0.166891 200.000000 200.000000 200.000000
v 0.145962 -0.567605 -0.032148 200.000000 200.000000 200.000000
v 0.217664 0.411696 -0.301030 200.000000 200.000000 200.000000
v 0.061706 0.158173 0.033697 200.000000 200.000000 200.000000
v 0.238882 -0.296316 -0.173880 200.000000 200.000000 200.000000
v 0.349993 -0.010537 -0.117647 200.000000 200.000000 200.000000
v -0.086411 -0.169536 -0.051410 200.000000 200.000000 200.000000
v 0.280495 -0.002709 -0.266291 200.000000 200.000000 200.000000
v 0.295760 0.850700 -0.429746 200.000000 200.000000 200.000000
v 0.186758 -0.926568 0.015765 200.000000 200.000000 200.000000
v 0.147188 0.587413 -0.179134 200.000000 200.000000 200.000000
v -0.118095 -0.125475 0.007052 200.000000 200.000000 200.000000
v 0.015606 0.842826 -0.147513 200.000000 200.000000 200.000000
v 0.289817 0.610684 -0.048827 200.000000 200.000000 200.000000
v -0.176833 -0.121783 -0.005264 200.000000 200.000000 200.000000
v 0.068520 0.857188 -0.160727 200.000000 200.000000 200.000000
v 0.028130 0.264860 -0.051239 200.000000 200.000000 200.000000
v 0.290817 0.653905 -0.322953 200.000000 200.000000 200.000000
v -0.306975 -0.036120 -0.127467 200.000000 200.000000 200.000000
v 0.394919 0.525438 -0.192542 200.000000 200.000000 200.000000
v 0.155290 -0.993755 -0.085602 200.000000 200.000000 200.000000
v 0.197062 0.152187 0.102510 200.000000 200.000000 200.000000
v -0.309289 -0.176705 -0.100398 200.000000 200.000000 200.000000
v 0.108775 0.043846 0.134979 200.000000 200.000000 200.000000
v 0.275880 -0.007074 -0.274090 200.000000 200.000000 200.000000
v 0.032135 0.004033 -0.067948 200.000000 200.000000 200.000000
v -0.170158 0.197237 0.383766 200.000000 200.000000 200.000000
v 0.103757 0.516917 -0.172058 200.000000 200.000000 200.000000
v 0.246581 -0.621683 -0.080286 200.000000 200.000000 200.000000
v 0.054935 -0.197664 -0.129588 200.000000 200.000000 200.000000
v -0.065946 -0.426618 0.041315 200.000000 200.000000 200.000000
v 0.231428 0.065307 0.094580 200.000000 200.000000 200.000000
v -0.251440 0.188724 0.327503 200.000000 200.000000 200.000000
v 0.300980 0.347265 -0.019204 200.000000 200.000000 200.000000
v 0.132863 -0.675368 -0.029916 200.000000 200.000000 200.000000
v 0.081621 0.525669 -0.109186 200.000000 200.000000 200.000000
v 0.231860 0.651514 0.003860 200.000000 200.000000 200.000000
v 0.050505 0.511950 0.139919 200.000000 200.000000 200.000000
v 0.120885 -0.261873 -0.216050 200.000000 200.000000 200.000000
v 0.021057 0.650950 -0.148308 200.000000 200.000000 200.000000
v -0.155504 0.010275 0.005434 200.000000 200.000000 200.000000
v 0.081361 -0.556003 -0.139916 200.000000 200.000000 200.000000
v -0.114756 0.202112 0.262346 200.000000 200.000000 200.000000
v -0.044151 0.407722 0.153873 200.000000 200.000000 200.000000
v 0.210661 0.436142 0.094816 200.000000 200.000000 200.000000
v 0.273890 0.039883 0.071657 200.000000 200.000000 200.000000
v 0.147599 0.470754 0.128714 200.000000 200.000000 200.000000
v -0.243170 -0.041043 -0.016751 200.000000 200.000000 200.000000
v 0.013256 0.287406 -0.069647 200.000000 200.000000 200.000000
v 0.082563 0.038259 -0.189889 200.000000 200.000000 200.000000
v -0.058447 0.043365 0.016617 200.000000 200.000000 200.000000
v -0.087563 0.261429 0.310537 200.000000 200.000000 200.000000
v 0.086348 0.602283 -0.038148 200.000000 200.000000 200.000000
v 0.266418 0.249093 -0.299994 200.000000 200.000000 200.000000
v 0.088174 0.397802 -0.195202 200.000000 200.000000 200.000000
v -0.258298 0.249883 0.396744 200.000000 200.000000 200.000000
v -0.104219 0.011235 0.032694 200.000000 200.000000 200.000000
v 0.226354 -0.547688 -0.139211 200.000000 200.000000 200.000000
v 0.192085 -0.214800 -0.033742 200.000000 200.000000 200.000000
v 0.216976 0.662486 -0.047921 200.000000 200.000000 200.000000
v 0.238794 0.454287 -0.290366 200.000000 200.000000 200.000000
v 0.257632 0.438014 0.058197 200.000000 200.000000 200.000000
v 0.245023 0.529986 -0.278002 200.000000 200.000000 200.000000
v 0.013423 0.073022 0.057565 200.000000 200.000000 200.000000
v 0.194045 0.695972 -0.130564 200.000000 200.000000 200.000000
v 0.337472 -0.032703 -0.227493 200.000000 200.000000 200.000000
v 0.246767 0.240819 0.062090 200.000000 200.000000 200.000000
v 0.128969 0.214617 0.072286 200.000000 200.000000 200.000000
v 0.153379 0.664522 -0.038626 200.000000 200.000000 200.000000
v -0.043746 0.802355 -0.108480 200.000000 200.000000 200.000000
v 0.225064 0.137187 -0.290319 200.000000 200.000000 200.000000
v 0.134848 0.891341 -0.380007 200.000000 200.000000 200.000000
v -0.174903 -0.180448 -0.125032 200.000000 200.000000 200.000000
v 0.121327 -0.146411 -0.210175 200.000000 200.000000 200.000000
v 0.249447 0.000098 -0.225089 200.000000 200.000000 200.000000
v 0.318990 0.219093 -0.261830 200.000000 200.000000 200.000000
v 0.100484 0.223741 0.055176 200.000000 200.000000 200.000000
v 0.330960 0.329274 -0.045761 200.000000 200.000000 200.000000
v 0.281966 0.754169 -0.374875 200.000000 200.000000 200.000000
v 0.215607 -0.309025 -0.200306 200.000000 200.000000 200.000000
v 0.258520 0.769133 -0.461590 200.000000 200.000000 200.000000
v 0.272219 0.531378 -0.342247 200.000000 200.000000 200.000000
v -0.064964 0.341285 0.133414 200.000000 200.000000 200.000000
v 0.334031 0.782102 -0.369112 200.000000 200.000000 200.000000
v 0.135819 0.272372 -0.220491 200.000000 200.000000 200.000000
v -0.008306 0.436482 0.087771 200.000000 200.000000 200.000000
v 0.065547 0.046173 -0.165391 200.000000 200.000000 200.000000
v -0.021061 -0.652386 -0.006095 200.000000 200.000000 200.000000
v 0.073683 0.854535 -0.164962 200.000000 200.000000 200.000000
v 0.002776 0.340777 0.245894 200.000000 200.000000 200.000000
v 0.308110 0.110669 -0.270383 200.000000 200.000000 200.000000
v 0.194152 0.067432 -0.275575 200.000000 200.000000 200.000000
v -0.320690 -0.080911 -0.156317 200.000000 200.000000 200.000000
v 0.389936 0.579507 -0.256394 200.000000 200.000000 200.000000
v -0.082110 0.310081 0.314009 200.000000 200.000000 200.000000
v -0.013273 0.005194 0.085254 200.000000 200.000000 200.000000
v 0.106852 -0.577388 -0.151840 200.000000 200.000000 200.000000
v -0.043740 -0.484243 0.048762 200.000000 200.000000 200.000000
v 0.258618 0.519886 0.072848 200.000000 200.000000 200.000000
v 0.054981 0.130527 -0.186299 200.000000 200.000000 200.000000
v 0.337886 0.079726 -0.180459 200.000000 200.000000 200.000000
v -0.270671 -0.222928 -0.068349 200.000000 200.000000 200.000000
v 0.252621 0.583571 0.068261 200.000000 200.000000 200.000000
v 0.012534 -0.561257 0.048073 200.000000 200.000000 200.000000
v 0.141890 0.283674 0.086403 200.000000 200.000000 200.000000
v 0.117744 0.065647 0.130967 200.000000 200.000000 200.000000
v 0.147428 -0.857198 -0.091739 200.000000 200.000000 200.000000
v 0.095793 -0.584944 -0.124564 200.000000 200.000000 200.000000
v 0.258192 0.294429 0.025939 200.000000 200.000000 200.000000
v -0.038907 0.752400 -0.042348 200.000000 200.000000 200.000000
v 0.051881 -0.430532 0.008364 200.000000 200.000000 200.000000
v 0.189870 0.871345 -0.330323 200.000000 200.000000 200.000000
v -0.206151 -0.124372 -0.147244 200.000000 200.000000 200.000000
v 0.056950 0.572871 -0.033272 200.000000 200.000000 200.000000
v 0.051758 0.543593 0.070946 200.000000 200.000000 200.000000
v -0.143947 -0.179304 -0.006017 200.000000 200.000000 200.000000
v 0.088092 -0.539676 -0.158174 200.000000 200.000000 200.000000
v 0.179214 0.920153 -0.334811 200.000000 200.000000 200.000000
v 0.184563 -0.313587 -0.035148 200.000000 200.000000 200.000000
v 0.287212 0.544823 -0.373550 200.000000 200.000000 200.000000
v 0.330608 0.313531 -0.261984 200.000000 200.000000 200.000000
v -0.129814 -0.242126 -0.099205 200.000000 200.000000 200.000000
v 0.239990 -0.634978 -0.109088 200.000000 200.000000 200.000000
v 0.016400 -0.514869 0.060370 200.000000 200.000000 200.000000
v -0.123155 0.215129 0.340085 200.000000 200.000000 200.000000
v 0.139375 -0.999335 -0.044133 200.000000 200.000000 200.000000
v 0.261543 -0.159199 -0.209015 200.000000 200.000000 200.000000
v -0.197366 -0.169745 -0.135743 200.000000 200.000000 200.000000
v 0.235662 -0.397025 -0.124138 200.000000 200.000000 200.000000
v 0.025862 -0.155054 0.010705 200.000000 200.000000 200.000000
v -0.034127 -0.112856 0.039994 200.000000 200.000000 200.000000
v -0.247545 0.260563 0.393026 200.000000 200.000000 200.000000
v 0.299742 0.821812 -0.368461 200.000000 200.000000 200.000000
v 0.293721 0.162880 0.021959 200.000000 200.000000 200.000000
v -0.015925 -0.623018 -0.011828 200.000000 200.000000 200.000000
v -0.058093 0.348147 0.127737 200.000000 200.000000 200.000000
v 0.367285 0.524777 -0.334413 200.000000 200.000000 200.000000
v 0.275297 0.564957 0.066250 200.000000 200.000000 200.000000
v 0.017789 0.387442 -0.037223 200.000000 200.000000 200.000000
v 0.062113 0.210419 -0.146931 200.000000 200.000000 200.000000
v -0.033166 -0.661552 0.015683 200.000000 200.000000 200.000000
v 0.140014 0.493569 0.123240 200.000000 200.000000 200.000000
v 0.091834 0.812959 0.010178 200.000000 200.000000 200.000000
v -0.205245 0.248352 0.396045 200.000000 200.000000 200.000000
v 0.285974 -0.128754 -0.012804 200.000000 200.000000 200.000000
v -0.023553 0.433676 0.189106 200.000000 200.000000 200.000000
v 0.340119 0.065293 -0.240455 200.000000 200.000000 200.000000
v 0.205160 -0.189059 -0.233668 200.000000 200.000000 200.000000
v 0.088322 -0.313915 -0.062989 200.000000 200.000000 200.000000
v 0.113981 -0.911926 -0.023015 200.000000 200.000000 200.000000
v -0.143736 -0.355759 -0.053333 200.000000 200.000000 200.000000
v -0.054848 0.000376 -0.085117 200.000000 200.000000 200.000000
v 0.372257 0.509415 -0.084799 200.000000 200.000000 200.000000
v 0.149334 -0.999288 -0.066138 200.000000 200.000000 200.000000
v 0.048706 -0.249975 -0.092588 200.000000 200.000000 200.000000
v 0.088455 -0.349230 -0.177314 200.000000 200.000000 200.000000
v 0.287336 0.659905 -0.451492 200.000000 200.000000 200.000000
v -0.028982 -0.667218 0.007211 200.000000 200.000000 200.000000
v -0.253271 -0.235480 -0.082219 200.000000 200.000000 200.000000
v 0.147322 0.596059 0.090972 200.000000 200.000000 200.000000
v 0.029966 0.132066 -0.044986 200.000000 200.000000 200.000000
v 0.008048 0.260744 0.170269 200.000000 200.000000 200.000000
v -0.005220 0.299387 -0.025445 200.000000 200.000000 200.000000
v 0.088897 0.719248 -0.199935 200.000000 200.000000 200.000000
v -0.105308 -0.169439 -0.043907 200.000000 200.000000 200.000000
v 0.263772 0.721707 -0.408647 200.000000 200.000000 200.000000
v 0.051375 0.579396 -0.131643 200.000000 200.000000 200.000000
v 0.115313 -0.621425 -0.105932 200.000000 200.000000 200.000000
v 0.092219 -0.090832 0.104543 200.000000 200.000000 200.000000
v 0.212770 0.650970 -0.009280 200.000000 200.000000 200.000000
v 0.241553 -0.608974 -0.061473 200.000000 200.000000 200.000000
v 0.352182 0.569236 -0.388020 200.000000 200.000000 200.000000
v -0.033116 -0.338873 -0.028132 200.000000 200.000000 200.000000
v 0.055777 0.295450 0.185914 200.000000 200.000000 200.000000
v 0.248281 -0.009960 -0.278593 200.000000 200.000000 200.000000
v 0.241194 0.608909 -0.249375 200.000000 200.000000 200.000000
v -0.263530 -0.094985 -0.177529 200.000000 200.000000 200.000000
v 0.124797 0.079473 -0.231007 200.000000 200.000000 200.000000
v 0.335642 0.246399 -0.154642 200.000000 200.000000 200.000000
v -0.068739 -0.401513 0.042027 200.000000 200.000000 200.000000
v 0.320527 0.423542 -0.032397 200.000000 200.000000 200.000000
v 0.044984 -0.019276 0.109280 200.000000 200.000000 200.000000
v 0.196808 -0.141977 0.043893 200.000000 200.000000 200.000000
v 0.143640 -0.780096 -0.002575 200.000000 200.000000 200.000000
v 0.064231 -0.278682 -0.120320 200.000000 200.000000 200.000000
v -0.097619 0.189769 0.311494 200.000000 200.000000 200.000000
v 0.035480 -0.001671 0.107455 200.000000 200.000000 200.000000
v 0.295694 0.005909 0.032833 200.000000 200.000000 200.000000
v -0.019043 0.437165 0.191863 200.000000 200.000000 200.000000
v -0.093356 0.282314 0.187355 200.000000 200.000000 200.000000
v 0.031283 0.672911 -0.023841 200.000000 200.000000 200.000000
v 0.109119 -0.999469 -0.139257 200.000000 200.000000 200.000000
v 0.021327 0.307877 0.102313 200.000000 200.000000 200.000000
v 0.136524 0.052400 0.136395 200.000000 200.000000 200.000000
v 0.344442 0.308672 -0.193949 200.000000 200.000000 200.000000
v -0.103262 -0.376682 -0.053314 200.000000 200.000000 200.000000
v 0.208147 -0.936932 -0.030563 200.000000 200.000000 200.000000
v -0.099572 0.218503 0.242935 200.000000 200.000000 200.000000
v -0.000527 0.845057 -0.067075 200.000000 200.000000 200.000000
v 0.143576 0.850843 -0.390941 200.000000 200.000000 200.000000
v 0.317104 0.605114 -0.150411 200.000000 200.000000 200.000000
v -0.012401 0.464941 0.107039 200.000000 200.000000 200.000000
v -0.207943 0.232447 0.404754 200.000000 200.000000 200.000000
v 0.168613 0.594411 0.076496 200.000000 200.000000 200.000000
v 0.197529 0.919807 -0.344003 200.000000 200.000000 200.000000
v 0.176681 -0.124617 0.075017 200.000000 200.000000 200.000000
v 0.101527 0.706994 -0.005338 200.000000 200.000000 200.000000
v 0.370251 0.709050 -0.362586 200.000000 200.000000 200.000000
v 0.351213 0.006186 -0.085183 200.000000 200.000000 200.000000
v 0.367435 0.614469 -0.199340 200.000000 200.000000 200.000000
v 0.334206 0.178092 -0.072110 200.000000 200.000000 200.000000
v 0.334962 0.585367 -0.417416 200.000000 200.000000 200.000000
v -0.127166 -0.357136 -0.056937 200.000000 200.000000 200.000000
v -0.326179 -0.142715 -0.074070 200.000000 200.000000 200.000000
v 0.020410 -0.455644 -0.011156 200.000000 200.000000 200.000000
v -0.154340 -0.029595 -0.128139 200.000000 200.000000 200.000000
v 0.390424 0.586236 -0.252253 200.000000 200.000000 200.000000
v 0.294630 -0.185831 -0.153291 200.000000 200.000000 200.000000
v 0.335071 0.302722 -0.203412 200.000000 200.000000 200.000000
v -0.307201 -0.169820 -0.064243 200.000000 200.000000 200.000000
v 0.286736 0.190656 0.004442 200.000000 200.000000 200.000000
v 0.046868 0.574084 -0.063454 200.000000 200.000000 200.000000
v 0.336636 0.240058 -0.214219 200.000000 200.000000 200.000000
v 0.236025 -0.161192 -0.227123 200.000000 200.000000 200.000000
v 0.157609 -0.622555 -0.152164 200.000000 200.000000 200.000000
v -0.348097 0.217524 0.421957 200.000000 200.000000 200.000000
v 0.312008 -0.014799 -0.198088 200.000000 200.000000 200.000000
v 0.069027 0.203764 -0.006690 200.000000 200.000000 200.000000
v 0.245707 -0.058626 -0.226896 200.000000 200.000000 200.000000
v 0.183615 -0.519826 -0.026753 200.000000 200.000000 200.000000
v 0.068691 -0.316394 -0.071166 200.000000 200.000000 200.000000
v 0.210109 0.602582 -0.196604 200.000000 200.000000 200.000000
v 0.164504 -0.259515 -0.226439 200.000000 200.000000 200.000000
v 0.155582 -0.998872 -0.040178 200.000000 200.000000 200.000000
v 0.200489 -0.947320 0.019788 200.000000 200.000000 200.000000
v -0.075636 -0.458813 -0.002310 200.000000 200.000000 200.000000
v 0.203230 -0.238359 -0.035583 200.000000 200.000000 200.000000
v 0.042424 0.088950 0.085643 200.000000 200.000000 200.000000
v -0.006914 -0.992952 -0.128517 200.000000 200.000000 200.000000
v 0.250127 0.871712 -0.445263 200.000000 200.000000 200.000000
v 0.254192 0.882644 -0.364142 200.000000 200.000000 200.000000
v -0.177169 -0.246927 0.016638 200.000000 200.000000 200.000000
v 0.331779 0.243038 -0.241489 200.000000 200.000000 200.000000
v 0.182999 -0.388203 -0.038477 200.000000 200.000000 200.000000
v 0.097904 0.714314 -0.182750 200.000000 200.000000 200.000000
v 0.144311 -0.252277 -0.227204 200.000000 200.000000 200.000000
v 0.236807 0.766521 -0.381250 200.000000 200.000000 200.000000
v -0.171927 -0.021795 0.018047 200.000000 200.000000 200.000000
v 0.334096 0.302997 -0.113335 200.000000 200.000000 200.000000
v 0.233534 0.102209 0.095434 200.000000 200.000000 200.000000
v 0.083202 0.369152 -0.171050 200.000000 200.000000 200.000000
v 0.070648 -0.238911 -0.152377 200.000000 200.000000 200.000000
v 0.035835 0.425913 -0.099754 200.000000 200.000000 200.000000
v 0.344896 0.080002 -0.152002 200.000000 200.000000 200.000000
v -0.048113 0.765013 -0.087419 200.000000 200.000000 200.000000
v 0.212741 -0.116966 -0.240554 200.000000 200.000000 200.000000
v -0.114236 0.184658 0.293847 200.000000 200.000000 200.000000
v 0.018873 0.655082 -0.148230 200.000000 200.000000 200.000000
v 0.349794 -0.005126 -0.104369 200.000000 200.000000 200.000000
v 0.125428 -0.862137 -0.007577 200.000000 200.000000 200.000000
v 0.061227 -0.142087 -0.147813 200.000000 200.000000 200.000000
v -0.311258 -0.164235 -0.065522 200.000000 200.000000 200.000000
v 0.027088 0.271481 0.186629 200.000000 200.000000 200.000000
v 0.302134 0.614964 -0.445580 200.000000 200.000000 200.000000
v 0.311403 0.434637 -0.323682 200.000000 200.000000 200.000000
v 0.293141 -0.200243 -0.105767 200.000000 200.000000 200.000000
v 0.076132 -0.479210 -0.161713 200.000000 200.000000 200.000000
v -0.004941 -0.161306 -0.008815 200.000000 200.000000 200.000000
v -0.230177 -0.173586 0.005708 200.000000 200.000000 200.000000
v 0.138732 -0.321327 -0.048554 200.000000 200.000000 200.000000
v 0.345959 0.188385 -0.141749 200.000000 200.000000 200.000000
v 0.055976 0.353273 -0.124244 200.000000 200.000000 200.000000
v 0.152940 0.131960 -0.253147 200.000000 200.000000 200.000000
v 0.118993 -0.681408 -0.097672 200.000000 200.000000 200.000000
v -0.054123 -0.302690 -0.015110 200.000000 200.000000 200.000000
v 0.183972 0.058309 -0.275467 200.000000 200.000000 200.000000
v 0.156884 0.083075 0.134151 200.000000 200.000000 200.000000
v 0.333948 0.110830 -0.197830 200.000000 200.000000 200.000000
v 0.048713 -0.249725 -0.092788 200.000000 200.000000 200.000000
v 0.117179 -0.690234 -0.052632 200.000000 200.000000 200.000000
v 0.116417 -0.554352 -0.167268 200.000000 200.000000 200.000000
v 0.253058 -0.059542 0.066686 200.000000 200.000000 200.000000
v 0.214653 -0.666356 -0.015405 200.000000 200.000000 200.000000
v 0.027805 -0.458258 -0.007646 200.000000 200.000000 200.000000
v -0.033006 0.049914 0.012227 200.000000 200.000000 200.000000
v -0.258539 -0.209739 -0.111557 200.000000 200.000000 200.000000
v 0.162412 -0.907451 -0.069968 200.000000 200.000000 200.000000
v 0.141661 0.595906 0.052312 200.000000 200.000000 200.000000
v -0.161363 -0.320395 0.019150 200.000000 200.000000 200.000000
v 0.300997 0.544035 -0.393065 200.000000 200.000000 200.000000
v 0.202621 0.916770 -0.344464 200.000000 200.000000 200.000000
v -0.007046 0.466238 0.075356 200.000000 200.000000 200.000000
v 0.247432 -0.639765 -0.088699 200.000000 200.000000 200.000000
v 0.162585 -0.170764 -0.034761 200.000000 200.000000 200.000000
v 0.118259 -0.716857 -0.086834 200.000000 200.000000 200.000000
v 0.134170 -0.284258 -0.220153 200.000000 200.000000 200.000000
v -0.326873 0.143286 0.386253 200.000000 200.000000 200.000000
v 0.129588 0.622339 -0.007148 200.000000 200.000000 200.000000
v 0.016973 0.584295 -0.088680 200.000000 200.000000 200.000000
v 0.034844 0.522206 0.125028 200.000000 200.000000 200.000000
v 0.102402 -0.507248 -0.066763 200.000000 200.000000 200.000000
v 0.041870 0.308440 -0.092754 200.000000 200.000000 200.000000
v 0.224240 0.909225 -0.416004 200.000000 200.000000 200.000000
v 0.220073 0.827128 -0.347396 200.000000 200.000000 200.000000
v -0.151124 0.188143 0.352560 200.000000 200.000000 200.000000
v 0.185407 0.764088 -0.032053 200.000000 200.000000 200.000000
v 0.362824 0.687337 -0.475478 200.000000 200.000000 200.000000
v 0.326508 0.162057 -0.260948 200.000000 200.000000 200.000000
v -0.194093 -0.231280 0.013652 200.000000 200.000000 200.000000
v 0.027999 0.385971 0.210488 200.000000 200.000000 200.000000
v 0.063110 0.519007 -0.021489 200.000000 200.000000 200.000000
v 0.204000 0.829965 -0.052833 200.000000 200.000000 200.000000
v 0.126697 0.285397 0.084759 200.000000 200.000000 200.000000
v 0.383934 0.611310 -0.251264 200.000000 200.000000 200.000000
v 0.342417 -0.041257 -0.210395 200.000000 200.000000 200.000000
v 0.171901 -0.736230 0.000078 200.000000 200.000000 200.000000
v 0.244024 -0.621033 -0.061105 200.000000 200.000000 200.000000
v 0.046178 0.330738 -0.086240 200.000000 200.000000 200.000000
v 0.099267 -0.092657 -0.182322 200.000000 200.000000 200.000000
v -0.186368 0.224277 0.264313 200.000000 200.000000 200.000000
v 0.198815 -0.543275 -0.030449 200.000000 200.000000 200.000000
v 0.134669 -0.469428 -0.034669 200.000000 200.000000 200.000000
v 0.116314 0.534255 -0.168619 200.000000 200.000000 200.000000
v 0.137873 -0.912537 -0.065189 200.000000 200.000000 200.000000
v -0.127399 0.218336 0.251957 200.000000 200.000000 200.000000
v 0.340325 0.594266 -0.141127 200.000000 200.000000 200.000000
v 0.218607 0.320900 -0.294128 200.000000 200.000000 200.000000
v 0.402926 0.681999 -0.381271 200.000000 200.000000 200.000000
v 0.266604 0.348029 -0.306794 200.000000 200.000000 200.000000
v -0.149893 0.300467 0.257019 200.000000 200.000000 200.000000
v -0.090021 0.196025 0.308071 200.000000 200.000000 200.000000
v -0.286397 -0.096827 -0.176222 200.000000 200.000000 200.000000
v 0.075052 -0.355657 -0.094550 200.000000 200.000000 200.000000
v 0.316526 -0.037295 0.000057 200.000000 200.000000 200.000000
v 0.076753 0.725849 -0.188940 200.000000 200.000000 200.000000
v 0.262794 -0.234929 -0.065973 200.000000 200.000000 200.000000
v 0.079146 -0.955405 -0.083429 200.000000 200.000000 200.000000
v -0.041048 0.266730 0.156373 200.000000 200.000000 200.000000
v 0.159293 -0.220343 -0.039628 200.000000 200.000000 200.000000
v 0.058165 -0.156852 0.014933 200.000000 200.000000 200.000000
v 0.301724 -0.156784 -0.165937 200.000000 200.000000 200.000000
v -0.095869 -0.105766 0.023615 200.000000 200.000000 200.000000
v 0.225643 -0.342853 -0.177365 200.000000 200.000000 200.000000
v 0.108693 -0.464691 -0.179596 200.000000 200.000000 200.000000
v 0.331122 0.439961 -0.045956 200.000000 200.000000 200.000000
v 0.038754 -0.140589 -0.116824 200.000000 200.000000 200.000000
v 0.110120 0.412555 0.149997 200.000000 200.000000 200.000000
v 0.224718 0.267932 0.061700 200.000000 200.000000 200.000000
v -0.196361 0.284915 0.315442 200.000000 200.000000 200.000000
v 0.127159 -0.688945 -0.035842 200.000000 200.000000 200.000000
v 0.030731 0.198420 -0.086190 200.000000 200.000000 200.000000
v 0.081925 0.273784 0.076896 200.000000 200.000000 200.000000
v -0.205495 -0.032846 0.003505 200.000000 200.000000 200.000000
v 0.213459 -0.655711 -0.017392 200.000000 200.000000 200.000000
v 0.127259 -0.392338 -0.193433 200.000000 200.000000 200.000000
v 0.194251 -0.121862 0.070823 200.000000 200.000000 200.000000
v 0.085527 0.134049 -0.198685 200.000000 200.000000 200.000000
v 0.233685 -0.120008 0.036851 200.000000 200.000000 200.000000
v 0.071387 -0.366925 -0.123897 200.000000 200.000000 200.000000
v 0.023323 0.863405 -0.089325 200.000000 200.000000 200.000000
v -0.045495 0.281656 0.161637 200.000000 200.000000 200.000000
v 0.333367 0.028204 -0.032921 200.000000 200.000000 200.000000
v 0.125085 0.471593 0.143089 200.000000 200.000000 200.000000
v -0.112692 -0.084520 -0.130619 200.000000 200.000000 200.000000
v 0.115192 0.061001 -0.228799 200.000000 200.000000 200.000000
v 0.115851 0.870150 -0.070140 200.000000 200.000000 200.000000
v 0.028086 0.116559 0.066304 200.000000 200.000000 200.000000
v 0.344093 0.609676 -0.435090 200.000000 200.000000 200.000000
v -0.091897 -0.109492 -0.119472 200.000000 200.000000 200.000000
v 0.330302 0.218962 -0.151495 200.000000 200.000000 200.000000
v 0.107788 0.597635 0.015294 200.000000 200.000000 200.000000
v 0.290871 0.176157 0.016017 200.000000 200.000000 200.000000
v 0.050574 0.204973 -0.124214 200.000000 200.000000 200.000000
v -0.145137 0.020905 -0.002350 200.000000 200.000000 200.000000
v -0.206933 0.192588 0.409565 200.000000 200.000000 200.000000
v 0.334688 0.409773 -0.068094 200.000000 200.000000 200.000000
v -0.156715 -0.138158 -0.011549 200.000000 200.000000 200.000000
v -0.073866 -0.438111 0.030116 200.000000 200.000000 200.000000
v 0.311231 -0.117025 -0.028002 200.000000 200.000000 200.000000
v 0.262204 0.056307 -0.298940 200.000000 200.000000 200.000000
v 0.258796 0.892667 -0.385349 200.000000 200.000000 200.000000
v 0.345480 0.348533 -0.221415 200.000000 200.000000 200.000000
v 0.210965 -0.999477 0.007011 200.000000 200.000000 200.000000
v -0.133436 -0.382725 0.018179 200.000000 200.000000 200.000000
v 0.001435 -0.156316 0.002820 200.000000 200.000000 200.000000
v 0.070251 0.551227 -0.084418 200.000000 200.000000 200.000000
v 0.351193 -0.000791 -0.077093 200.000000 200.000000 200.000000
v 0.151784 0.779417 0.000344 200.000000 200.000000 200.000000
v -0.198681 -0.312628 -0.052546 200.000000 200.000000 200.000000
v 0.111726 0.437528 0.154195 200.000000 200.000000 200.000000
v 0.021596 -0.088734 -0.099988 200.000000 200.000000 200.000000
v -0.368772 0.199157 0.494643 200.000000 200.000000 200.000000
v -0.205475 -0.120100 -0.149306 200.000000 200.000000 200.000000
v -0.205787 -0.024209 -0.139141 200.000000 200.000000 200.000000
v -0.019387 -0.153995 0.002904 200.000000 200.000000 200.000000
v -0.253516 0.141473 0.361926 200.000000 200.000000 200.000000
v 0.070635 -0.339266 -0.161334 200.000000 200.000000 200.000000
v 0.026973 0.312571 0.215820 200.000000 200.000000 200.000000
v 0.136038 -0.005458 0.137672 200.000000 200.000000 200.000000
v 0.006877 -0.573698 0.066812 200.000000 200.000000 200.000000
v -0.014637 -0.554791 0.079208 200.000000 200.000000 200.000000
v 0.036596 0.447750 -0.091655 200.000000 200.000000 200.000000
v 0.024970 -0.105124 0.068713 200.000000 200.000000 200.000000
v 0.090063 0.538615 -0.125204 200.000000 200.000000 200.000000
v 0.025246 -0.979705 -0.103513 200.000000 200.000000 200.000000
v 0.076421 -0.463366 -0.119447 200.000000 200.000000 200.000000
v 0.324711 0.425626 -0.039403 200.000000 200.000000 200.000000
v 0.036306 0.005152 -0.092290 200.000000 200.000000 200.000000
v 0.249725 0.536269 -0.278052 200.000000 200.000000 200.000000
v 0.138669 0.681812 -0.015104 200.000000 200.000000 200.000000
v 0.227214 0.572590 0.088293 200.000000 200.000000 200.000000
v 0.290246 0.617890 -0.342582 200.000000 200.000000 200.000000
v 0.346438 0.026647 -0.188329 200.000000 200.000000 200.000000
v 0.089361 0.672188 -0.009016 200.000000 200.000000 200.000000
v 0.330177 0.436212 -0.309901 200.000000 200.000000 200.000000
v -0.247995 -0.110733 -0.170889 200.000000 200.000000 200.000000
v 0.215013 0.297956 -0.287288 200.000000 200.000000 200.000000
v 0.175965 -0.998941 -0.036886 200.000000 200.000000 200.000000
v 0.012620 0.670713 -0.051024 200.000000 200.000000 200.000000
v 0.046555 0.222987 0.026600 200.000000 200.000000 200.000000
v 0.055096 0.546493 0.101605 200.000000 200.000000 200.000000
v 0.127260 -0.695371 -0.115640 200.000000 200.000000 200.000000
v -0.061681 0.010129 -0.080363 200.000000 200.000000 200.000000
v 0.152679 -0.017842 0.135107 200.000000 200.000000 200.000000
v 0.126078 -0.644773 -0.038736 200.000000 200.000000 200.000000
v 0.348048 0.069423 -0.135985 200.000000 200.000000 200.000000
v 0.115171 0.968349 -0.366423 200.000000 200.000000 200.000000
v 0.330440 0.385939 -0.076772 200.000000 200.000000 200.000000
v 0.152337 -0.463626 -0.176089 200.000000 200.000000 200.000000
v 0.213718 0.594499 -0.221110 200.000000 200.000000 200.000000
v 0.255162 0.647509 -0.007503 200.000000 200.000000 200.000000
v -0.317964 0.168258 0.378833 200.000000 200.000000 200.000000
v 0.341455 -0.060359 -0.043525 200.000000 200.000000 200.000000
v 0.030822 0.568667 -0.078388 200.000000 200.000000 200.000000
v 0.011191 0.762959 -0.161768 200.000000 200.000000 200.000000
v -0.074055 0.222717 0.293212 200.000000 200.000000 200.000000
v 0.340979 0.088261 -0.220647 200.000000 200.000000 200.000000
v 0.238940 -0.320045 -0.050407 200.000000 200.000000 200.000000
v 0.099406 0.925872 -0.276347 200.000000 200.000000 200.000000
v -0.049728 0.387902 0.221116 200.000000 200.000000 200.000000
v 0.331807 -0.007402 -0.247429 200.000000 200.000000 200.000000
v 0.046108 0.112746 0.087463 200.000000 200.000000 200.000000
v 0.261592 0.463573 -0.319642 200.000000 200.000000 200.000000
v 0.296937 0.117890 -0.011261 200.000000 200.000000 200.000000
v 0.103250 0.807904 0.010320 200.000000 200.000000 200.000000
v -0.023033 -0.646778 -0.004983 200.000000 200.000000 200.000000
v 0.207115 0.646046 -0.068626 200.000000 200.000000 200.000000
v 0.113579 -0.858351 -0.044429 200.000000 200.000000 200.000000
v 0.257266 0.422903 0.058580 200.000000 200.000000 200.000000
v 0.335293 0.106449 -0.247070 200.000000 200.000000 200.000000
v 0.060869 0.552263 0.083167 200.000000 200.000000 200.000000
v -0.036439 0.806190 -0.091183 200.000000 200.000000 200.000000
v 0.178102 -0.125603 0.073670 200.000000 200.000000 200.000000
v 0.069536 0.924277 -0.351390 200.000000 200.000000 200.000000
v -0.252328 0.157117 0.436318 200.000000 200.000000 200.000000
v -0.132285 -0.358445 -0.055078 200.000000 200.000000 200.000000
v -0.000126 0.631262 -0.081229 200.000000 200.000000 200.000000
v -0.114052 -0.296466 0.026963 200.000000 200.000000 200.000000
v 0.344350 0.050576 -0.145996 200.000000 200.000000 200.000000
v -0.217718 0.142686 0.345487 200.000000 200.000000 200.000000
v 0.341148 0.055150 -0.162545 200.000000 200.000000 200.000000
v -0.372389 0.211278 0.477186 200.000000 200.000000 200.000000
v 0.196655 0.885140 -0.329229 200.000000 200.000000 200.000000
v -0.079920 0.325887 0.309086 200.000000 200.000000 200.000000
v 0.092618 0.343908 0.172741 200.000000 200.000000 200.000000
v 0.164900 -0.984839 -0.073349 200.000000 200.000000 200.000000
v 0.155299 -0.281127 -0.038843 200.000000 200.000000 200.000000
v 0.026361 0.357683 -0.047777 200.000000 200.000000 200.000000
v 0.138601 0.196675 -0.255606 200.000000 200.000000 200.000000
v -0.033253 0.811937 -0.100457 200.000000 200.000000 200.000000
v 0.344198 0.260737 -0.106432 200.000000 200.000000 200.000000
v -0.060767 -0.145088 -0.091528 200.000000 200.000000 200.000000
v 0.088771 0.119166 -0.195742 200.000000 200.000000 200.000000
v -0.024234 0.333732 0.100469 200.000000 200.000000 200.000000
v -0.313979 0.184430 0.377995 200.000000 200.000000 200.000000
v 0.157378 -0.130861 0.073101 200.000000 200.000000 200.000000
v 0.186597 -0.326676 -0.208693 200.000000 200.000000 200.000000
v -0.207833 0.262830 0.295020 200.000000 200.000000 200.000000
v 0.113256 -0.579520 -0.054521 200.000000 200.000000 200.000000
v -0.067914 -0.375116 0.041817 200.000000 200.000000 200.000000
v 0.023533 0.436359 -0.049227 200.000000 200.000000 200.000000
v -0.295983 -0.035842 -0.064041 200.000000 200.000000 200.000000
v 0.022787 0.367716 0.216210 200.000000 200.000000 200.000000
v 0.102221 0.257795 -0.203954 200.000000 200.000000 200.000000
v 0.074112 0.530006 -0.087638 200.000000 200.000000 200.000000
v -0.037862 -0.518445 -0.015079 200.000000 200.000000 200.000000
v 0.223194 -0.770566 -0.098494 200.000000 200.000000 200.000000
v 0.350014 0.017479 -0.103559 200.000000 200.000000 200.000000
v 0.330499 0.324817 -0.044315 200.000000 200.000000 200.000000
v -0.059520 -0.405974 -0.046510 200.000000 200.000000 200.000000
v 0.133911 0.695929 -0.026061 200.000000 200.000000 200.000000
v 0.048449 0.316506 -0.091509 200.000000 200.000000 200.000000
v 0.337578 0.197217 -0.098795 200.000000 200.000000 200.000000
v -0.276185 -0.020815 -0.063542 200.000000 200.000000 200.000000
v 0.311311 0.009325 -0.256474 200.000000 200.000000 200.000000
v -0.120730 -0.214928 -0.002966 200.000000 200.000000 200.000000
v -0.166671 0.227830 0.381675 200.000000 200.000000 200.000000
v 0.221809 0.374844 0.084624 200.000000 200.000000 200.000000
v 0.352924 0.502427 -0.049774 200.000000 200.000000 200.000000
v 0.222011 0.499928 -0.274277 200.000000 200.000000 200.000000
v 0.389242 0.753085 -0.418585 200.000000 200.000000 200.000000
v 0.077659 0.277770 0.082522 200.000000 200.000000 200.000000
v 0.255643 0.399751 0.059072 200.000000 200.000000 200.000000
v 0.187314 -0.891134 0.016658 200.000000 200.000000 200.000000
v 0.150689 -0.834038 -0.096696 200.000000 200.000000 200.000000
v 0.050863 -0.093595 0.087123 200.000000 200.000000 200.000000
v 0.350083 0.036938 -0.093549 200.000000 200.000000 200.000000
v 0.387494 0.664747 -0.345670 200.000000 200.000000 200.000000
v 0.229650 -0.539315 -0.063309 200.000000 200.000000 200.000000
v 0.034032 0.677742 -0.019470 200.000000 200.000000 200.000000
v 0.296117 0.652733 -0.312252 200.000000 200.000000 200.000000
v 0.001432 0.692073 -0.132671 200.000000 200.000000 200.000000
v 0.114427 -0.847148 -0.046575 200.000000 200.000000 200.000000
v 0.093846 0.220762 0.055790 200.000000 200.000000 200.000000
v 0.048344 0.923472 -0.302129 200.000000 200.000000 200.000000
v -0.110561 -0.219225 -0.016469 200.000000 200.000000 200.000000
v 0.324666 0.439484 -0.033330 200.000000 200.000000 200.000000
v 0.384636 0.686232 -0.454390 200.000000 200.000000 200.000000
v 0.312373 0.387055 -0.307649 200.000000 200.000000 200.000000
v 0.046927 0.352431 0.201053 200.000000 200.000000 200.000000
v 0.248992 0.647662 -0.100556 200.000000 200.000000 200.000000
v 0.327466 0.804439 -0.466663 200.000000 200.000000 200.000000
v -0.237238 0.220865 0.421080 200.000000 200.000000 200.000000
v 0.087813 0.915911 -0.298317 200.000000 200.000000 200.000000
v 0.039480 0.812607 -0.192235 200.000000 200.000000 200.000000
v 0.311452 0.102211 -0.268529 200.000000 200.000000 200.000000
v 0.141940 0.673724 -0.035886 200.000000 200.000000 200.000000
v 0.369724 0.639553 -0.275948 200.000000 200.000000 200.000000
v 0.203746 -0.149456 -0.240558 200.000000 200.000000 200.000000
v 0.315716 0.042872 -0.003272 200.000000 200.000000 200.000000
v 0.001388 0.761880 0.000876 200.000000 200.000000 200.000000
v 0.210100 -0.590184 -0.029145 200.000000 200.000000 200.000000
v 0.073255 0.338819 0.193158 200.000000 200.000000 200.000000
v -0.264927 -0.176607 -0.022809 200.000000 200.000000 200.000000
v 0.081703 0.179690 0.001920 200.000000 200.000000 200.000000
v 0.253103 -0.218650 -0.190989 200.000000 200.000000 200.000000
v -0.115391 -0.370741 -0.054051 200.000000 200.000000 200.000000
v 0.211196 0.825755 -0.065259 200.000000 200.000000 200.000000
v 0.171664 0.577696 0.081354 200.000000 200.000000 200.000000
v 0.277970 0.546131 -0.352967 200.000000 200.000000 200.000000
v 0.128035 -0.003971 -0.188439 200.000000 200.000000 200.000000
v 0.213789 0.138313 0.085006 200.000000 200.000000 200.000000
v 0.387516 0.549822 -0.184399 200.000000 200.000000 200.000000
v 0.076058 0.178723 -0.201462 200.000000 200.000000 200.000000
v 0.225420 0.601363 -0.211012 200.000000 200.000000 200.000000
v 0.226464 -0.193368 -0.044094 200.000000 200.000000 200.000000
v -0.174723 -0.217014 0.020375 200.000000 200.000000 200.000000
v 0.389540 0.715832 -0.463196 200.000000 200.000000 200.000000
v 0.347355 0.800752 -0.430965 200.000000 200.000000 200.000000
v -0.289948 -0.178691 -0.122123 200.000000 200.000000 200.000000
v -0.204831 -0.311081 -0.040647 200.000000 200.000000 200.000000
v 0.298645 0.053142 0.033600 200.000000 200.000000 200.000000
v 0.027405 0.456556 0.174652 200.000000 200.000000 200.000000
v 0.313492 0.008681 -0.243691 200.000000 200.000000 200.000000
v -0.107622 0.338245 0.204573 200.000000 200.000000 200.000000
v 0.040537 0.023417 0.109508 200.000000 200.000000 200.000000
v 0.194068 0.638671 0.022922 200.000000 200.000000 200.000000
v 0.109077 0.633205 -0.179730 200.000000 200.000000 200.000000
v -0.091276 0.041988 -0.003839 200.000000 200.000000 200.000000
v 0.044580 -0.143731 0.036074 200.000000 200.000000 200.000000
v 0.320219 -0.037078 -0.160842 200.000000 200.000000 200.000000
v -0.130679 -0.165414 -0.094008 200.000000 200.000000 200.000000
v 0.095193 0.312748 0.109179 200.000000 200.000000 200.000000
v 0.221125 0.269815 -0.280719 200.000000 200.000000 200.000000
v 0.034232 -0.140913 -0.111546 200.000000 200.000000 200.000000
v 0.101959 0.116952 0.101174 200.000000 200.000000 200.000000
v -0.068400 -0.163429 -0.024574 200.000000 200.000000 200.000000
v -0.318473 -0.166127 -0.083310 200.000000 200.000000 200.000000
v 0.099007 0.306104 -0.213156 200.000000 200.000000 200.000000
v 0.120247 0.027201 -0.227273 200.000000 200.000000 200.000000
v -0.146765 -0.386855 -0.024961 200.000000 200.000000 200.000000
v 0.295077 0.636849 -0.293230 200.000000 200.000000 200.000000
v 0.136623 0.005722 -0.235840 200.000000 200.000000 200.000000
v 0.134555 -0.767403 -0.011813 200.000000 200.000000 200.000000
v -0.224886 -0.177877 0.008105 200.000000 200.000000 200.000000
v 0.185107 0.786245 -0.156273 200.000000 200.000000 200.000000
v 0.119230 -0.801235 -0.061523 200.000000 200.000000 200.000000
v -0.216622 -0.086541 -0.163502 200.000000 200.000000 200.000000
v 0.194227 -0.882072 0.013665 200.000000 200.000000 200.000000
v 0.102536 0.627530 -0.162187 200.000000 200.000000 200.000000
v 0.220958 0.056061 -0.288656 200.000000 200.000000 200.000000
v 0.062335 0.713054 -0.003067 200.000000 200.000000 200.000000
v -0.205071 0.211078 0.415356 200.000000 200.000000 200.000000
v 0.117322 -0.254307 -0.049704 200.000000 200.000000 200.000000
v -0.102132 -0.390920 0.036774 200.000000 200.000000 200.000000
v -0.337101 -0.133756 -0.110298 200.000000 200.000000 200.000000
v 0.033780 0.503521 0.142609 200.000000 200.000000 200.000000
v 0.336369 0.306691 -0.098462 200.000000 200.000000 200.000000
v 0.339624 -0.021237 -0.226534 200.000000 200.000000 200.000000
v 0.383681 0.562374 -0.173630 200.000000 200.000000 200.000000
v 0.105590 -0.590018 -0.064057 200.000000 200.000000 200.000000
v -0.245300 -0.086883 -0.173737 200.000000 200.000000 200.000000
v 0.151847 0.636947 -0.191856 200.000000 200.000000 200.000000
v 0.346368 0.319374 -0.175413 200.000000 200.000000 200.000000
v 0.046882 0.869035 -0.072809 200.000000 200.000000 200.000000
v 0.299959 0.759088 -0.487508 200.000000 200.000000 200.000000
v 0.206912 0.125963 -0.281649 200.000000 200.000000 200.000000
v 0.198937 0.916324 -0.424355 200.000000 200.000000 200.000000
v 0.192327 0.756920 -0.151033 200.000000 200.000000 200.000000
v -0.019115 0.756231 -0.069119 200.000000 200.000000 200.000000
v -0.028765 -0.453833 -0.024441 200.000000 200.000000 200.000000
v 0.291940 0.589793 -0.370991 200.000000 200.000000 200.000000
v 0.031257 0.376491 -0.071483 200.000000 200.000000 200.000000
v -0.152604 -0.140353 -0.012638 200.000000 200.000000 200.000000
v 0.107304 0.614640 0.093154 200.000000 200.000000 200.000000
v -0.023696 -0.037626 -0.092483 200.000000 200.000000 200.000000
v 0.131226 -0.227244 -0.050252 200.000000 200.000000 200.000000
v 0.164337 0.033696 -0.264774 200.000000 200.000000 200.000000
v 0.268166 0.310270 -0.305028 200.000000 200.000000 200.000000
v 0.277920 0.294361 -0.304081 200.000000 200.000000 200.000000
v -0.227641 -0.001603 -0.045835 200.000000 200.000000 200.000000
v -0.161623 -0.179074 -0.112079 200.000000 200.000000 200.000000
v 0.255237 0.514609 -0.307548 200.000000 200.000000 200.000000
v 0.112187 -0.188974 -0.207065 200.000000 200.000000 200.000000
v 0.207597 -0.950339 -0.024589 200.000000 200.000000 200.000000
v 0.091228 -0.179982 -0.182019 200.000000 200.000000 200.000000
v 0.239142 0.443718 0.074244 200.000000 200.000000 200.000000
v 0.043837 0.142371 -0.099499 200.000000 200.000000 200.000000
v 0.351227 0.442086 -0.286002 200.000000 200.000000 200.000000
v 0.249420 -0.263840 -0.182828 200.000000 200.000000 200.000000
v 0.036802 0.071256 0.080979 200.000000 200.000000 200.000000
v 0.249741 0.023177 0.095870 200.000000 200.000000 200.000000
v 0.160790 -0.307438 -0.219423 200.000000 200.000000 200.000000
v 0.387696 0.547978 -0.318770 200.000000 200.000000 200.000000
v 0.073000 -0.999649 -0.086205 200.000000 200.000000 200.000000
v 0.359391 0.473121 -0.286231 200.000000 200.000000 200.000000
v -0.071824 0.327513 0.144996 200.000000 200.000000 200.000000
v 0.097637 0.601489 0.095363 200.000000 200.000000 200.000000
v 0.212149 -0.944239 -0.006274 200.000000 200.000000 200.000000
v 0.078796 -0.963102 -0.044394 200.000000 200.000000 200.000000
v -0.043446 0.228514 0.245011 200.000000 200.000000 200.000000
v 0.220143 -0.413574 -0.051517 200.000000 200.000000 200.000000
v 0.281918 0.477909 -0.334769 200.000000 200.000000 200.000000
v -0.004847 0.298206 -0.020047 200.000000 200.000000 200.000000
v 0.110597 -0.080110 0.114844 200.000000 200.000000 200.000000
v 0.182229 0.716647 -0.045573 200.000000 200.000000 200.000000
v -0.232936 -0.046458 -0.007948 200.000000 200.000000 200.000000
v 0.147828 -0.239877 -0.229475 200.000000 200.000000 200.000000
v -0.001509 0.290982 -0.030350 200.000000 200.000000 200.000000
v 0.076060 0.181613 -0.007248 200.000000 200.000000 200.000000
v -0.074767 0.325930 0.152183 200.000000 200.000000 200.000000
v 0.259020 -0.059056 -0.222765 200.000000 200.000000 200.000000
v 0.332600 0.811241 -0.388413 200.000000 200.000000 200.000000
v 0.257803 0.124911 -0.292213 200.000000 200.000000 200.000000
v -0.000653 -0.999534 -0.117862 200.000000 200.000000 200.000000
v 0.311681 0.158763 -0.279463 200.000000 200.000000 200.000000
v -0.143593 -0.124578 0.002347 200.000000 200.000000 200.000000
v 0.357029 0.367820 -0.189486 200.000000 200.000000 200.000000
v 0.184033 -0.905015 0.018755 200.000000 200.000000 200.000000
v 0.367030 0.633475 -0.428612 200.000000 200.000000 200.000000
v 0.110227 0.245408 -0.201991 200.000000 200.000000 200.000000
v 0.119882 -0.739095 -0.087125 200.000000 200.000000 200.000000
v 0.165504 -0.055261 0.120174 200.000000 200.000000 200.000000
v -0.370015 0.194074 0.491731 200.000000 200.000000 200.000000
v -0.024784 0.811228 -0.132636 200.000000 200.000000 200.000000
v 0.350238 0.372676 -0.164938 200.000000 200.000000 200.000000
v -0.014869 -0.430771 0.050769 200.000000 200.000000 200.000000
v 0.223134 -0.790900 -0.090664 200.000000 200.000000 200.000000
v 0.335363 0.203253 -0.087480 200.000000 200.000000 200.000000
v 0.312051 -0.015272 -0.202352 200.000000 200.000000 200.000000
v -0.010869 -0.389557 0.019160 200.000000 200.000000 200.000000
v -0.302446 -0.107479 -0.039422 200.000000 200.000000 200.000000
v 0.121594 0.866950 -0.124520 200.000000 200.000000 200.000000
v 0.341369 0.146349 -0.155636 200.000000 200.000000 200.000000
v -0.016176 -0.416961 0.045899 200.000000 200.000000 200.000000
v 0.030133 0.296547 0.010646 200.000000 200.000000 200.000000
v 0.340303 0.125250 -0.181502 200.000000 200.000000 200.000000
v 0.290952 0.549670 -0.383836 200.000000 200.000000 200.000000
v 0.344818 0.362297 -0.103789 200.000000 200.000000 200.000000
v 0.070654 -0.295229 -0.067934 200.000000 200.000000 200.000000
v 0.047329 0.051875 -0.132225 200.000000 200.000000 200.000000
v -0.108482 -0.138930 -0.106314 200.000000 200.000000 200.000000
v 0.117743 -0.672269 -0.051028 200.000000 200.000000 200.000000
v -0.170558 -0.289761 -0.089984 200.000000 200.000000 200.000000
v 0.229151 0.451557 0.082285 200.000000 200.000000 200.000000
v 0.013094 -0.473686 0.064767 200.000000 200.000000 200.000000
v 0.343749 0.409867 -0.270566 200.000000 200.000000 200.000000
v 0.078550 -0.412635 -0.172472 200.000000 200.000000 200.000000
v 0.074850 0.206298 0.056014 200.000000 200.000000 200.000000
v 0.147275 -0.535873 -0.170610 200.000000 200.000000 200.000000
v 0.134195 0.049957 -0.246790 200.000000 200.000000 200.000000
v 0.347851 0.554444 -0.384590 200.000000 200.000000 200.000000
v 0.246586 -0.043733 0.084385 200.000000 200.000000 200.000000
v 0.239093 0.199063 0.076183 200.000000 200.000000 200.000000
v 0.008741 0.460069 0.014895 200.000000 200.000000 200.000000
v 0.272778 0.632265 -0.025504 200.000000 200.000000 200.000000
v 0.234872 -0.554488 -0.070295 200.000000 200.000000 200.000000
v -0.064960 -0.431615 -0.040820 200.000000 200.000000 200.000000
v 0.391159 0.558946 -0.234979 200.000000 200.000000 200.000000
v 0.230806 0.518516 0.102732 200.000000 200.000000 200.000000
v 0.103727 -0.533800 -0.172730 200.000000 200.000000 200.000000
v -0.281225 0.201185 0.347749 200.000000 200.000000 200.000000
v 0.002580 0.315215 0.236624 200.000000 200.000000 200.000000
v 0.131285 0.868552 -0.386784 200.000000 200.000000 200.000000
v 0.092032 0.580368 0.078260 200.000000 200.000000 200.000000
v 0.387228 0.574337 -0.362068 200.000000 200.000000 200.000000
v -0.265994 -0.200106 -0.031713 200.000000 200.000000 200.000000
v 0.138558 -0.503570 -0.169981 200.000000 200.000000 200.000000
v 0.288419 0.053852 0.053906 200.000000 200.000000 200.000000
v 0.283214 0.560015 -0.356750 200.000000 200.000000 200.000000
v 0.096779 0.247063 -0.193772 200.000000 200.000000 200.000000
v 0.199820 -0.474463 -0.040383 200.000000 200.000000 200.000000
v -0.255437 -0.196788 -0.020089 200.000000 200.000000 200.000000
v 0.235485 -0.379719 -0.140698 200.000000 200.000000 200.000000
v 0.005472 0.648478 -0.097254 200.000000 200.000000 200.000000
v 0.055513 0.620969 -0.159100 200.000000 200.000000 200.000000
v -0.189658 -0.008617 -0.000147 200.000000 200.000000 200.000000
v 0.244842 -0.380357 -0.079646 200.000000 200.000000 200.000000
v 0.130617 -0.830725 -0.004641 200.000000 200.000000 200.000000
v 0.243689 0.540113 0.098254 200.000000 200.000000 200.000000
v 0.095722 0.335075 -0.175441 200.000000 200.000000 200.000000
v 0.124849 0.547874 0.092078 200.000000 200.000000 200.000000
v 0.386097 0.745764 -0.410869 200.000000 200.000000 200.000000
v 0.175386 -0.641449 -0.017215 200.000000 200.000000 200.000000
v 0.029700 0.407228 -0.078192 200.000000 200.000000 200.000000
v 0.252300 0.215798 -0.297305 200.000000 200.000000 200.000000
v 0.160798 -0.929154 0.010359 200.000000 200.000000 200.000000
v 0.155578 0.311607 -0.261137 200.000000 200.000000 200.000000
v 0.293985 0.120321 0.003960 200.000000 200.000000 200.000000
v 0.261765 -0.140877 -0.214577 200.000000 200.000000 200.000000
v 0.213801 0.655085 -0.071697 200.000000 200.000000 200.000000
v -0.069673 0.324907 0.143229 200.000000 200.000000 200.000000
v -0.027866 -0.588949 -0.002642 200.000000 200.000000 200.000000
v 0.198099 0.467090 0.098095 200.000000 200.000000 200.000000
v 0.149167 -0.920573 0.012212 200.000000 200.000000 200.000000
v 0.047805 0.310247 0.202281 200.000000 200.000000 200.000000
v 0.203460 0.262954 0.068622 200.000000 200.000000 200.000000
v 0.393358 0.628860 -0.316175 200.000000 200.000000 200.000000
v 0.274675 0.612350 -0.140507 200.000000 200.000000 200.000000
v 0.197493 0.159982 0.098224 200.000000 200.000000 200.000000
v 0.074274 0.655217 -0.170664 200.000000 200.000000 200.000000
v -0.156313 0.172895 0.302505 200.000000 200.000000 200.000000
v 0.143406 0.781551 -0.197155 200.000000 200.000000 200.000000
v -0.205557 0.281256 0.342618 200.000000 200.000000 200.000000
v -0.169464 -0.239472 0.019391 200.000000 200.000000 200.000000
v 0.029474 0.291692 -0.104562 200.000000 200.000000 200.000000
v 0.383972 0.511516 -0.147367 200.000000 200.000000 200.000000
v 0.319831 0.260224 -0.069483 200.000000 200.000000 200.000000
v 0.203788 0.414171 -0.260688 200.000000 200.000000 200.000000
v 0.288818 0.583967 -0.376828 200.000000 200.000000 200.000000
v 0.179072 0.107745 0.125971 200.000000 200.000000 200.000000
v 0.251870 -0.148316 -0.012175 200.000000 200.000000 200.000000
v 0.176918 0.839908 -0.174388 200.000000 200.000000 200.000000
v -0.064971 -0.477580 0.019660 200.000000 200.000000 200.000000
v 0.348417 0.003299 -0.205684 200.000000 200.000000 200.000000
v 0.112179 -0.923144 -0.053333 200.000000 200.000000 200.000000
v 0.160758 0.423178 -0.248342 200.000000 200.000000 200.000000
v 0.287117 0.267604 -0.301790 200.000000 200.000000 200.000000
v 0.113702 -0.177155 -0.207211 200.000000 200.000000 200.000000
v 0.079391 0.347197 0.189491 200.000000 200.000000 200.000000
v 0.119546 -0.702709 -0.093247 200.000000 200.000000 200.000000
v -0.164429 0.014448 -0.007332 200.000000 200.000000 200.000000
v -0.120017 -0.208757 -0.010629 200.000000 200.000000 200.000000
v 0.244653 -0.387478 -0.094094 200.000000 200.000000 200.000000
v 0.080647 0.499548 -0.157281 200.000000 200.000000 200.000000
v -0.152371 -0.113279 0.004133 200.000000 200.000000 200.000000
v -0.040726 -0.041388 -0.096820 200.000000 200.000000 200.000000
v 0.015505 0.497900 0.113522 200.000000 200.000000 200.000000
v -0.021457 -0.538320 -0.014970 200.000000 200.000000 200.000000
v 0.396414 0.519687 -0.178476 200.000000 200.000000 200.000000
v 0.200079 0.811811 -0.365830 200.000000 200.000000 200.000000
v 0.110678 0.044843 -0.225200 200.000000 200.000000 200.000000
v -0.216097 0.246134 0.397480 200.000000 200.000000 200.000000
v 0.219505 -0.085246 0.084517 200.000000 200.000000 200.000000
v 0.141204 -0.144163 0.058098 200.000000 200.000000 200.000000
v 0.303297 0.182853 0.003223 200.000000 200.000000 200.000000
v 0.195576 0.787870 -0.048698 200.000000 200.000000 200.000000
v 0.201311 0.566585 -0.201099 200.000000 200.000000 200.000000
v -0.178700 -0.306654 -0.079571 200.000000 200.000000 200.000000
v 0.087900 -0.155920 -0.041693 200.000000 200.000000 200.000000
v -0.319354 -0.046334 -0.085284 200.000000 200.000000 200.000000
v 0.205815 0.212536 -0.269692 200.000000 200.000000 200.000000
v 0.331467 0.322963 -0.255601 200.000000 200.000000 200.000000
v 0.120627 -0.108769 -0.200866 200.000000 200.000000 200.000000
v -0.021486 -0.660846 0.040798 200.000000 200.000000 200.000000
v -0.209052 -0.009835 -0.123417 200.000000 200.000000 200.000000
v 0.205339 0.768567 -0.127309 200.000000 200.000000 200.000000
v 0.161029 0.589847 -0.183008 200.000000 200.000000 200.000000
v 0.038401 0.462329 0.171202 200.000000 200.000000 200.000000
v 0.219408 0.665028 -0.122587 200.000000 200.000000 200.000000
v 0.202697 0.062142 -0.281310 200.000000 200.000000 200.000000
v 0.262162 0.622044 0.040664 200.000000 200.000000 200.000000
v 0.120941 -0.817542 -0.024857 200.000000 200.000000 200.000000
v 0.119206 0.322950 -0.230700 200.000000 200.000000 200.000000
v -0.184618 -0.245001 0.015266 200.000000 200.000000 200.000000
v 0.255764 0.642726 -0.105813 200.000000 200.000000 200.000000
v -0.243461 0.134248 0.410555 200.000000 200.000000 200.000000
v 0.204366 -0.267395 -0.215608 200.000000 200.000000 200.000000
v -0.044201 0.408652 0.136441 200.000000 200.000000 200.000000
v 0.286735 0.233219 0.002675 200.000000 200.000000 200.000000
v 0.049359 -0.216933 -0.107340 200.000000 200.000000 200.000000
v 0.123572 0.903058 -0.323449 200.000000 200.000000 200.000000
v 0.272314 0.869810 -0.432019 200.000000 200.000000 200.000000
v 0.290960 -0.087214 0.015603 200.000000 200.000000 200.000000
v 0.195988 0.534020 -0.241617 200.000000 200.000000 200.000000
v 0.020667 0.281016 0.007076 200.000000 200.000000 200.000000
v -0.056562 0.402922 0.151885 200.000000 200.000000 200.000000
v 0.287013 -0.020575 -0.198034 200.000000 200.000000 200.000000
v 0.342018 0.349277 -0.246453 200.000000 200.000000 200.000000
v 0.272881 0.748974 -0.468626 200.000000 200.000000 200.000000
v 0.393816 0.669117 -0.367723 200.000000 200.000000 200.000000
v 0.039901 0.178980 -0.099507 200.000000 200.000000 200.000000
v 0.089294 -0.441343 -0.079803 200.000000 200.000000 200.000000
v -0.292856 0.168685 0.467448 200.000000 200.000000 200.000000
v 0.341851 0.152362 -0.106956 200.000000 200.000000 200.000000
v 0.025269 0.131590 0.028061 200.000000 200.000000 200.000000
v 0.224318 0.367241 -0.301871 200.000000 200.000000 200.000000
v -0.016149 0.829798 -0.096318 200.000000 200.000000 200.000000
v 0.284929 0.248464 0.020080 200.000000 200.000000 200.000000
